Branch_ID,City,Region,Customers,Transactions,Transaction_Value,Investment_Value,Firm_Revenue,Expenses,Profit_Margin
1000,Kolhapur,East,1,1,4676.0,11260,422443.0,346471,56.31
1000,Nashik,West,1,4,9141.0,55352,422443.0,346471,56.31
1000,Solapur,North,1,2,4578.0,23062,422443.0,346471,56.31
1000,Solapur,South,1,1,1121.0,27750,422443.0,346471,56.31
1001,Kolhapur,South,1,1,3268.0,28203,211155.0,216256,79.53
1001,Nashik,East,1,2,4811.0,49109,211155.0,216256,79.53
1001,Solapur,North,1,1,4789.0,49276,211155.0,216256,79.53
1001,Solapur,West,1,1,1478.0,3639,211155.0,216256,79.53
1002,Kolhapur,East,1,1,2180.0,31261,985006.0,71777,55.31
1002,Mumbai,South,1,1,2507.0,21152,985006.0,71777,55.31
1002,Pune,West,2,4,8101.451784,91889,985006.0,71777,55.31
1003,Kolhapur,East,1,1,512.0,14743,55113.0,253655,2.57
1003,Kolhapur,West,1,1,161.0,19748,55113.0,253655,2.57
1003,Nagpur,West,1,1,1524.0,22280,55113.0,253655,2.57
1004,Kolhapur,South,2,3,5658.0,61322,282701.0,148194,-14.1
1004,Mumbai,South,1,2,3188.0,42522,282701.0,148194,-14.1
1004,Nagpur,West,1,2,2358.0,42052,282701.0,148194,-14.1
1004,Nashik,North,1,1,1676.0,16990,282701.0,148194,-14.1
1004,Pune,East,2,5,16194.0,175774,282701.0,148194,-14.1
1004,Pune,South,1,4,7967.0,163312,282701.0,148194,-14.1
1004,Solapur,South,2,3,9969.0,75235,282701.0,148194,-14.1
1004,Solapur,West,1,1,2445.0,6088,282701.0,148194,-14.1
1005,Kolhapur,West,1,1,4066.0,31519,657164.0,90729,11.57
1005,Mumbai,East,2,2,2004.0,77699,657164.0,90729,11.57
1005,Nagpur,North,1,1,1482.0,13345,657164.0,90729,11.57
1005,Pune,North,1,1,3744.0,12997,657164.0,90729,11.57
1005,Solapur,North,2,4,14506.0,115179,657164.0,90729,11.57
1005,Solapur,South,1,2,3159.0,82130,657164.0,90729,11.57
1006,Kolhapur,West,1,2,6579.0,30832,96520.0,273124,19.48
1006,Mumbai,East,1,2,4829.8724528,40945,96520.0,273124,19.48
1006,Mumbai,North,3,4,13769.0,72918,96520.0,273124,19.48
1006,Nagpur,West,1,1,1120.0,13063,96520.0,273124,19.48
1006,Nashik,West,1,2,3829.0,71883,96520.0,273124,19.48
1006,Solapur,South,2,3,9741.0,49503,96520.0,273124,19.48
1007,Kolhapur,South,1,2,5310.0,58417,427163.0,111053,-9.09
1007,Kolhapur,West,1,1,4918.0,42673,427163.0,111053,-9.09
1007,Mumbai,North,1,1,104.0,12974,427163.0,111053,-9.09
1007,Mumbai,West,1,1,2656.0,8207,427163.0,111053,-9.09
1007,Pune,South,1,1,3582.0,31624,427163.0,111053,-9.09
1007,Solapur,West,1,3,7302.0,75182,427163.0,111053,-9.09
1008,Mumbai,North,1,1,1521.0,29471,,59920,-5.94
1008,Pune,South,1,1,3546.0,24433,,59920,-5.94
1008,Solapur,South,1,1,2645.0,3353,,59920,-5.94
1009,Kolhapur,South,1,3,4766.0,113753,690932.0,44992,56.47
1009,Nagpur,South,1,2,7496.0,62611,690932.0,44992,56.47
1009,Pune,West,1,2,4936.0,46832,690932.0,44992,56.47
1010,Nagpur,East,1,1,3355.0,6703,936640.0,226126,-18.9
1010,Nagpur,West,1,2,4850.0,44518,936640.0,226126,-18.9
1010,Nashik,East,2,5,15808.0,48631,936640.0,226126,-18.9
1010,Nashik,North,2,3,8351.0,101197,936640.0,226126,-18.9
1010,Nashik,South,1,1,1771.0,33940,936640.0,226126,-18.9
1010,Pune,East,2,3,8999.0,81856,936640.0,226126,-18.9
1010,Pune,South,1,1,965.0,7674,936640.0,226126,-18.9
1010,Solapur,West,1,1,2943.0,37455,936640.0,226126,-18.9
1011,Kolhapur,South,1,2,3580.0,48659,257505.0,483161,65.12
1011,Mumbai,West,2,2,5076.0,14276,257505.0,483161,65.12
1011,Nashik,North,1,1,4802.0,36038,257505.0,483161,65.12
1011,Solapur,North,1,1,2770.0,38383,257505.0,483161,65.12
1011,Solapur,South,1,1,439.0,13097,257505.0,483161,65.12
1012,Kolhapur,East,1,1,1401.0,36607,969777.0,347637,-11.4
1012,Kolhapur,North,1,2,4801.0,51951,969777.0,347637,-11.4
1012,Nagpur,North,1,1,2916.0,36919,969777.0,347637,-11.4
1012,Solapur,West,1,1,2898.0,25485,969777.0,347637,-11.4
1013,Kolhapur,East,1,1,927.0,37404,214437.0,52323,10.97
1013,Kolhapur,South,1,1,2356.0,30155,214437.0,52323,10.97
1013,Kolhapur,West,1,1,4107.0,28231,214437.0,52323,10.97
1013,Mumbai,South,1,2,3764.0,58699,214437.0,52323,10.97
1013,Nagpur,South,1,1,3694.0,31874,214437.0,52323,10.97
1013,Nashik,South,1,1,2023.0,13757,214437.0,52323,10.97
1013,Nashik,West,1,4,11109.0,103406,214437.0,52323,10.97
1013,Pune,North,1,2,3846.0,62338,214437.0,52323,10.97
1013,Pune,South,1,1,2221.0,33919,214437.0,52323,10.97
1014,Nashik,East,1,3,8592.0,105692,370373.0,194199,-8.67
1014,Nashik,West,1,2,1145.0,46967,370373.0,194199,-8.67
1014,Solapur,West,1,2,1754.0,71284,370373.0,194199,-8.67
1015,Kolhapur,East,1,2,4991.0,65992,494847.0,394802,73.24
1015,Kolhapur,South,1,2,6091.0,70929,494847.0,394802,73.24
1015,Mumbai,West,2,3,13167.619683,107206,494847.0,394802,73.24
1015,Nagpur,East,1,1,4679.0,41184,494847.0,394802,73.24
1015,Nagpur,South,1,1,2715.0,22803,494847.0,394802,73.24
1015,Pune,North,1,1,3480.0,14145,494847.0,394802,73.24
1015,Pune,West,2,2,5052.0,14351,494847.0,394802,73.24
1015,Solapur,East,1,2,5327.0,53635,494847.0,394802,73.24
1015,Solapur,South,1,4,12282.0,74918,494847.0,394802,73.24
1016,Kolhapur,West,1,1,640.0,29699,366811.0,326818,9.12
1016,Mumbai,East,1,3,7956.0,117834,366811.0,326818,9.12
1016,Mumbai,North,1,1,2820.0,12033,366811.0,326818,9.12
1016,Mumbai,West,1,1,2910.0,21879,366811.0,326818,9.12
1016,Nashik,South,1,1,735.0,17841,366811.0,326818,9.12
1017,Mumbai,South,2,4,8565.0,124794,658552.0,280743,96.78
1017,Nagpur,East,1,1,3034.0,16220,658552.0,280743,96.78
1017,Nashik,West,1,1,305.0,42149,658552.0,280743,96.78
1017,Solapur,East,1,2,7631.0,12738,658552.0,280743,96.78
1018,Kolhapur,West,2,2,4885.0,51918,938738.0,218097,40.11
1018,Nagpur,East,1,4,11518.0,63362,938738.0,218097,40.11
1018,Nashik,North,1,2,5789.0,47408,938738.0,218097,40.11
1018,Nashik,West,1,3,5731.6594539,65047,938738.0,218097,40.11
1018,Pune,North,1,3,4780.0,89942,938738.0,218097,40.11
1018,Solapur,East,1,2,3897.224883,58875,938738.0,218097,40.11
1019,Mumbai,North,1,3,5667.0,106324,112412.0,219553,-47.5
1019,Nagpur,South,1,1,1185.0,41139,112412.0,219553,-47.5
1019,Solapur,East,2,2,2187.0,54428,112412.0,219553,-47.5
1019,Solapur,West,1,1,2925.0,2437,112412.0,219553,-47.5
1020,Kolhapur,North,1,1,2863.0,49582,928809.0,456732,72.27
1020,Mumbai,East,1,1,4078.0,38540,928809.0,456732,72.27
1020,Mumbai,South,1,1,1609.741727,2671,928809.0,456732,72.27
1020,Mumbai,West,1,2,6307.0,51910,928809.0,456732,72.27
1020,Nashik,West,1,1,1907.382567,43417,928809.0,456732,72.27
1021,Kolhapur,East,1,2,3530.0,38172,718065.0,104070,53.39
1021,Kolhapur,West,1,4,9901.0,178125,718065.0,104070,53.39
1021,Mumbai,West,1,2,5173.0,40848,718065.0,104070,53.39
1021,Nagpur,South,1,3,7508.0,70072,718065.0,104070,53.39
1021,Nashik,East,1,2,6974.0,10338,718065.0,104070,53.39
1021,Pune,North,1,1,3178.0,48132,718065.0,104070,53.39
1021,Solapur,South,1,1,2557.0,39874,718065.0,104070,53.39
1022,Kolhapur,North,1,1,2362.0,40486,948252.0,264169,-11.58
1022,Kolhapur,South,1,1,898.0,27768,948252.0,264169,-11.58
1022,Kolhapur,West,1,1,4881.0,14772,948252.0,264169,-11.58
1022,Nagpur,East,1,3,5342.0,35430,948252.0,264169,-11.58
1022,Nagpur,South,1,3,6037.0,25227,948252.0,264169,-11.58
1022,Pune,East,1,1,2767.0,29860,948252.0,264169,-11.58
1022,Pune,South,1,1,3062.0,37556,948252.0,264169,-11.58
1022,Solapur,West,1,1,2832.0,16608,948252.0,264169,-11.58
1023,Kolhapur,North,1,2,3256.0,39980,141055.0,264179,-9.72
1023,Mumbai,East,1,2,2970.0,46903,141055.0,264179,-9.72
1023,Mumbai,South,1,1,1631.0,39128,141055.0,264179,-9.72
1023,Mumbai,West,1,2,6527.0,38246,141055.0,264179,-9.72
1023,Nagpur,East,1,1,3785.0,41433,141055.0,264179,-9.72
1023,Nagpur,North,1,1,2876.0,38881,141055.0,264179,-9.72
1023,Nagpur,South,1,2,7752.0,81476,141055.0,264179,-9.72
1023,Nashik,East,1,1,2256.0,13962,141055.0,264179,-9.72
1023,Nashik,South,1,2,2704.0,71197,141055.0,264179,-9.72
1023,Nashik,West,1,2,5913.0,11016,141055.0,264179,-9.72
1023,Solapur,South,1,1,3279.0,6278,141055.0,264179,-9.72
1024,Nagpur,West,1,2,3422.0,24634,453778.0,239635,23.83
1024,Nashik,East,1,2,7969.0,85221,453778.0,239635,23.83
1024,Nashik,North,1,1,2503.0,18994,453778.0,239635,23.83
1024,Pune,East,1,3,10257.0,104713,453778.0,239635,23.83
1024,Pune,South,1,2,4820.0,36558,453778.0,239635,23.83
1024,Pune,West,2,3,12273.0,108143,453778.0,239635,23.83
1024,Solapur,North,2,3,9364.0,51828,453778.0,239635,23.83
1024,Solapur,West,1,1,3698.0,16128,453778.0,239635,23.83
1025,Kolhapur,North,1,1,4415.0,46476,410506.0,347517,49.96
1025,Kolhapur,South,1,1,1442.0,3441,410506.0,347517,49.96
1025,Mumbai,North,1,1,199.0,14552,410506.0,347517,49.96
1025,Nagpur,East,1,1,4235.0,3026,410506.0,347517,49.96
1025,Nagpur,South,1,1,4598.0,40182,410506.0,347517,49.96
1025,Pune,East,1,1,4469.0,5443,410506.0,347517,49.96
1025,Pune,South,1,2,4127.0,67740,410506.0,347517,49.96
1025,Solapur,East,1,2,4508.0,42258,410506.0,347517,49.96
1025,Solapur,North,1,1,3529.0,10166,410506.0,347517,49.96
1026,Kolhapur,West,1,1,2111.0,4745,173491.0,197880,84.95
1026,Mumbai,East,1,1,255.0,3383,173491.0,197880,84.95
1026,Nagpur,North,1,1,388.0,1283,173491.0,197880,84.95
1026,Nagpur,West,1,1,2477.0,11638,173491.0,197880,84.95
1026,Nashik,East,2,3,9684.0,103851,173491.0,197880,84.95
1026,Nashik,North,1,5,14522.0,98091,173491.0,197880,84.95
1026,Solapur,East,1,1,2793.176969,41894,173491.0,197880,84.95
1026,Solapur,West,1,3,8206.0,83388,173491.0,197880,84.95
1027,Mumbai,West,3,4,16319.0,75452,405516.0,184621,-25.05
1027,Nashik,North,2,4,8232.0,80819,405516.0,184621,-25.05
1027,Pune,North,1,1,653.0,9985,405516.0,184621,-25.05
1027,Pune,West,2,4,7344.0,57556,405516.0,184621,-25.05
1028,Kolhapur,West,1,2,5007.0,38460,301173.0,122217,-24.9
1028,Mumbai,North,1,1,3552.0,29476,301173.0,122217,-24.9
1028,Mumbai,West,1,2,4298.0,44482,301173.0,122217,-24.9
1028,Solapur,North,2,2,4815.0,53403,301173.0,122217,-24.9
1029,Kolhapur,West,1,1,3875.0,39601,637247.0,235181,54.57
1029,Nagpur,West,1,1,4538.0,4353,637247.0,235181,54.57
1029,Pune,North,1,2,3425.0,25734,637247.0,235181,54.57
1029,Pune,West,1,1,1601.0,44660,637247.0,235181,54.57
1029,Solapur,North,1,1,3087.0,2759,637247.0,235181,54.57
1029,Solapur,West,1,2,3647.0,68504,637247.0,235181,54.57
1030,Kolhapur,North,2,4,7603.0,128808,950410.0,483008,-2.32
1030,Mumbai,North,1,2,5651.0,66128,950410.0,483008,-2.32
1030,Mumbai,South,1,2,4508.0,69503,950410.0,483008,-2.32
1030,Mumbai,West,3,5,12827.289675,159887,950410.0,483008,-2.32
1030,Nagpur,South,1,1,430.0,10754,950410.0,483008,-2.32
1030,Nagpur,West,1,1,2131.0,36682,950410.0,483008,-2.32
1030,Nashik,North,1,2,5595.0,58838,950410.0,483008,-2.32
1031,Kolhapur,North,2,2,6855.0,51517,646023.0,117992,-15.94
1031,Mumbai,East,1,3,13135.0,58773,646023.0,117992,-15.94
1031,Mumbai,South,1,1,300.0,10889,646023.0,117992,-15.94
1031,Nashik,South,1,2,7048.979119,66330,646023.0,117992,-15.94
1031,Pune,North,2,4,4782.0,133354,646023.0,117992,-15.94
1031,Pune,West,1,1,2926.0,45352,646023.0,117992,-15.94
1031,Solapur,North,1,1,3237.199937,16014,646023.0,117992,-15.94
1032,Kolhapur,East,2,3,9883.0,38373,722489.0,127639,53.12
1032,Mumbai,North,1,1,2952.0,3054,722489.0,127639,53.12
1032,Mumbai,West,2,3,13154.0,103631,722489.0,127639,53.12
1032,Nagpur,North,1,1,1273.0,48566,722489.0,127639,53.12
1032,Nashik,North,1,2,6072.0,9249,722489.0,127639,53.12
1032,Pune,East,1,1,4224.0,15122,722489.0,127639,53.12
1032,Pune,North,1,2,5889.0,52228,722489.0,127639,53.12
1032,Pune,West,1,2,6420.0,59038,722489.0,127639,53.12
1033,Kolhapur,West,1,1,3917.0,49756,936776.0,90418,-40.93
1033,Nagpur,North,1,1,3327.0,31958,936776.0,90418,-40.93
1033,Pune,South,1,3,11224.0,36493,936776.0,90418,-40.93
1033,Solapur,East,2,2,7963.0,74568,936776.0,90418,-40.93
1034,Kolhapur,East,1,1,1745.0,30549,,131077,29.7
1034,Kolhapur,South,1,1,1461.0,15502,,131077,29.7
1034,Kolhapur,West,1,1,557.0,45088,,131077,29.7
1034,Mumbai,East,1,1,4818.0,27174,,131077,29.7
1034,Mumbai,West,1,2,5761.0,85308,,131077,29.7
1034,Nashik,South,1,1,4602.0,6218,,131077,29.7
1034,Pune,East,1,2,6403.0,61018,,131077,29.7
1034,Pune,West,1,2,5241.991691,76421,,131077,29.7
1034,Solapur,North,1,2,5660.0,62208,,131077,29.7
1035,Kolhapur,North,1,1,3763.0,47863,590919.0,180788,46.09
1035,Nashik,South,2,4,15141.0,42517,590919.0,180788,46.09
1035,Solapur,South,2,3,10829.0,68676,590919.0,180788,46.09
1035,Solapur,West,2,3,7918.0,65731,590919.0,180788,46.09
1036,Mumbai,North,1,1,2299.0,39182,729537.0,225109,7.71
1036,Nagpur,North,1,1,3928.0,1680,729537.0,225109,7.71
1036,Nagpur,West,1,1,3521.0,3353,729537.0,225109,7.71
1036,Nashik,North,1,1,4991.0,15122,729537.0,225109,7.71
1036,Pune,West,1,1,3826.0,22060,729537.0,225109,7.71
1036,Solapur,East,1,2,6471.0,38283,729537.0,225109,7.71
1037,Kolhapur,East,1,2,6767.0,38194,260539.0,433554,-31.14
1037,Kolhapur,North,2,3,7623.0,24260,260539.0,433554,-31.14
1037,Kolhapur,South,1,1,4834.0,38375,260539.0,433554,-31.14
1037,Mumbai,East,1,2,6590.916971000001,72063,260539.0,433554,-31.14
1037,Mumbai,North,2,2,5284.0,53516,260539.0,433554,-31.14
1037,Nashik,East,1,1,579.0,6378,260539.0,433554,-31.14
1037,Nashik,North,1,1,4305.0,37805,260539.0,433554,-31.14
1037,Nashik,West,1,5,12251.0,112762,260539.0,433554,-31.14
1037,Pune,East,1,2,4545.0,43933,260539.0,433554,-31.14
1037,Pune,West,1,1,392.0,13300,260539.0,433554,-31.14
1038,Kolhapur,West,1,2,6492.0,28761,572977.0,405006,1.39
1038,Nagpur,North,1,2,4114.0,66360,572977.0,405006,1.39
1039,Kolhapur,South,1,1,2085.0,6685,286507.0,44379,14.69
1039,Kolhapur,West,1,1,974.0,19628,286507.0,44379,14.69
1039,Mumbai,North,1,1,2529.0,39260,286507.0,44379,14.69
1039,Nagpur,East,1,3,8218.0,52467,286507.0,44379,14.69
1039,Nagpur,North,1,2,8228.0,66635,286507.0,44379,14.69
1039,Pune,West,1,1,1634.0,1395,286507.0,44379,14.69
1039,Solapur,East,1,1,4181.0,35023,286507.0,44379,14.69
1039,Solapur,North,2,4,12844.425488,76163,286507.0,44379,14.69
1040,Mumbai,South,1,1,1654.0,31002,560824.0,293054,-25.83
1040,Nagpur,East,1,3,4577.0,79379,560824.0,293054,-25.83
1040,Nagpur,South,1,3,5437.0,91382,560824.0,293054,-25.83
1040,Solapur,North,1,4,7651.0,105815,560824.0,293054,-25.83
1041,Kolhapur,East,2,2,4729.0,44691,382425.0,407970,23.26
1041,Kolhapur,West,1,3,8324.0,67141,382425.0,407970,23.26
1041,Mumbai,North,1,2,7629.0,65019,382425.0,407970,23.26
1041,Nagpur,East,1,1,4550.0,44976,382425.0,407970,23.26
1041,Nagpur,North,2,3,6078.0,108237,382425.0,407970,23.26
1041,Nashik,West,1,1,2455.0,21840,382425.0,407970,23.26
1041,Pune,South,1,1,1028.330394,28999,382425.0,407970,23.26
1041,Pune,West,1,1,4488.0,1805,382425.0,407970,23.26
1041,Solapur,North,1,2,4966.0,55265,382425.0,407970,23.26
1042,Kolhapur,North,1,1,1021.0,24487,993460.0,488468,0.82
1042,Kolhapur,West,1,3,11017.0,87582,993460.0,488468,0.82
1042,Mumbai,West,1,3,6699.0,106408,993460.0,488468,0.82
1042,Nagpur,East,2,4,8340.0,61267,993460.0,488468,0.82
1042,Nashik,East,2,3,10376.0,44276,993460.0,488468,0.82
1042,Pune,West,1,1,3511.0,18416,993460.0,488468,0.82
1042,Solapur,North,2,2,2410.0,35586,993460.0,488468,0.82
1043,Kolhapur,West,2,4,5904.527279,99663,601854.0,467555,85.0
1043,Nashik,East,1,1,980.0,29863,601854.0,467555,85.0
1043,Pune,East,1,2,5508.0,93631,601854.0,467555,85.0
1044,Nagpur,West,1,1,4275.0,42399,878898.0,192703,-40.35
1044,Nashik,North,2,3,5898.0,122612,878898.0,192703,-40.35
1044,Nashik,South,1,3,2967.0,85422,878898.0,192703,-40.35
1044,Pune,East,1,1,4630.0,43920,878898.0,192703,-40.35
1044,Solapur,East,1,2,1588.410863,44740,878898.0,192703,-40.35
1045,Mumbai,East,1,3,2400.0,55871,743144.0,255822,50.49
1045,Pune,North,1,1,4742.0,39184,743144.0,255822,50.49
1045,Pune,West,1,1,3182.716927,47992,743144.0,255822,50.49
1045,Solapur,North,1,1,1945.0,46846,743144.0,255822,50.49
1046,Kolhapur,South,1,1,4059.0,18190,977665.0,254418,58.29
1046,Kolhapur,West,1,3,8315.0,48014,977665.0,254418,58.29
1046,Nagpur,West,1,1,416.0,22515,977665.0,254418,58.29
1046,Nashik,East,1,1,3395.0,13061,977665.0,254418,58.29
1046,Nashik,West,1,1,3434.0,30088,977665.0,254418,58.29
1046,Solapur,North,1,1,2986.0,39770,977665.0,254418,58.29
1047,Mumbai,East,1,1,2282.0,28010,655189.0,116716,41.34
1047,Nashik,West,1,1,3225.0,45697,655189.0,116716,41.34
1047,Pune,South,1,2,3645.0,75443,655189.0,116716,41.34
1047,Pune,West,2,4,11670.0,105710,655189.0,116716,41.34
1047,Solapur,North,1,1,2022.0,46919,655189.0,116716,41.34
1047,Solapur,South,1,3,9175.0,59835,655189.0,116716,41.34
1048,Kolhapur,West,2,5,14860.0,94222,684533.0,334321,28.27
1048,Nagpur,North,1,3,5291.0,111252,684533.0,334321,28.27
1048,Nashik,West,1,1,4550.0,17779,684533.0,334321,28.27
1048,Pune,East,2,3,3879.0,46006,684533.0,334321,28.27
1048,Pune,North,1,1,291.0,22657,684533.0,334321,28.27
1049,Kolhapur,South,1,1,3849.0,17315,100724.0,169264,-32.71
1049,Mumbai,South,1,1,1619.0,10488,100724.0,169264,-32.71
1049,Solapur,East,1,1,3867.0,26524,100724.0,169264,-32.71
1050,Mumbai,West,2,3,2508.0,59179,678204.0,179639,41.23
1050,Pune,South,1,4,10460.0,86227,678204.0,179639,41.23
1051,Kolhapur,North,1,2,3083.2376759,48058,623150.0,83058,34.99
1051,Mumbai,South,1,2,6471.0,70197,623150.0,83058,34.99
1051,Nagpur,East,1,2,8590.0,88705,623150.0,83058,34.99
1051,Nagpur,North,1,1,3015.0,16224,623150.0,83058,34.99
1051,Solapur,East,1,1,4230.0,3419,623150.0,83058,34.99
1051,Solapur,North,1,1,1223.0,42800,623150.0,83058,34.99
1051,Solapur,South,1,1,1851.0,21146,623150.0,83058,34.99
1052,Kolhapur,South,1,2,1801.0,31831,992645.0,68947,86.92
1052,Nashik,East,1,1,3649.0,24313,992645.0,68947,86.92
1052,Nashik,South,1,2,7363.619385,42800,992645.0,68947,86.92
1053,Mumbai,East,1,2,5407.0,75095,829228.0,209502,80.83
1053,Nashik,East,1,4,10931.0,91693,829228.0,209502,80.83
1053,Solapur,East,2,4,10340.0,104316,829228.0,209502,80.83
1054,Mumbai,South,2,4,10810.0,125230,967410.0,419776,-46.92
1054,Nagpur,North,1,1,341.0,7193,967410.0,419776,-46.92
1054,Nagpur,South,1,3,8497.0,116280,967410.0,419776,-46.92
1054,Nagpur,West,1,1,4891.0,43066,967410.0,419776,-46.92
1054,Pune,East,1,2,1772.0,85118,967410.0,419776,-46.92
1055,Mumbai,North,1,1,231.0,16012,999028.0,235173,97.69
1055,Mumbai,South,1,1,3142.0,18297,999028.0,235173,97.69
1055,Nagpur,West,1,1,2799.0,35427,999028.0,235173,97.69
1055,Pune,East,1,2,7739.0,78970,999028.0,235173,97.69
1055,Pune,South,1,1,719.0,32345,999028.0,235173,97.69
1056,Pune,South,1,2,7354.0,63449,104114.0,239317,34.82
1057,Kolhapur,West,1,1,4678.0,10516,348753.0,320467,87.4
1057,Mumbai,North,1,2,3583.0,38910,348753.0,320467,87.4
1057,Mumbai,West,1,1,4492.0,43572,348753.0,320467,87.4
1057,Nashik,West,1,1,1633.0,49149,348753.0,320467,87.4
1057,Pune,West,1,1,2097.514103,44622,348753.0,320467,87.4
1058,Mumbai,South,1,2,4905.0,65634,,179713,-27.61
1058,Mumbai,West,1,1,3363.0,45517,,179713,-27.61
1058,Nagpur,North,1,1,2244.0,49618,,179713,-27.61
1058,Nagpur,West,1,2,1329.0,43016,,179713,-27.61
1058,Nashik,East,1,2,4216.372686,89504,,179713,-27.61
1058,Nashik,North,1,1,1295.0,34958,,179713,-27.61
1058,Pune,North,1,1,337.0,9973,,179713,-27.61
1058,Solapur,East,1,3,7898.441275,66199,,179713,-27.61
1059,Kolhapur,North,1,1,4030.0,44398,920571.0,191047,54.46
1059,Mumbai,West,1,2,4998.0,70616,920571.0,191047,54.46
1059,Nagpur,East,1,2,8271.0,28213,920571.0,191047,54.46
1059,Nagpur,North,1,1,1348.0,35893,920571.0,191047,54.46
1059,Nagpur,West,2,2,5426.0,59545,920571.0,191047,54.46
1059,Nashik,West,1,2,3733.0,81704,920571.0,191047,54.46
1059,Pune,East,1,3,12054.0,84199,920571.0,191047,54.46
1059,Solapur,West,1,1,3122.0,14810,920571.0,191047,54.46
1060,Kolhapur,West,1,1,991.0,3967,305241.0,220112,18.76
1060,Mumbai,North,1,1,1446.0,43669,305241.0,220112,18.76
1060,Pune,East,1,4,10654.0,127262,305241.0,220112,18.76
1060,Pune,South,1,1,4837.0,26617,305241.0,220112,18.76
1061,Kolhapur,East,1,1,4866.0,19666,668871.0,153491,-29.88
1061,Mumbai,West,1,1,3288.0,38309,668871.0,153491,-29.88
1061,Pune,North,1,1,626.0,26352,668871.0,153491,-29.88
1061,Pune,West,1,1,2602.0,28694,668871.0,153491,-29.88
1062,Nagpur,East,1,2,2122.0,24058,299697.0,273050,-46.59
1062,Nashik,West,1,1,609.0,23081,299697.0,273050,-46.59
1062,Solapur,West,1,1,3175.0,2744,299697.0,273050,-46.59
1063,Nagpur,North,1,1,764.0,39364,802708.0,57795,-17.56
1063,Nashik,North,1,1,436.8843163,41830,802708.0,57795,-17.56
1063,Pune,South,2,4,9346.0,99134,802708.0,57795,-17.56
1063,Solapur,South,1,1,2658.0,26608,802708.0,57795,-17.56
1063,Solapur,West,1,1,2435.0,31541,802708.0,57795,-17.56
1064,Kolhapur,West,1,1,1290.0,47893,904204.0,219407,-47.49
1064,Nagpur,South,1,1,2549.0,10348,904204.0,219407,-47.49
1064,Nashik,East,1,3,7681.0,83952,904204.0,219407,-47.49
1064,Pune,East,1,2,3217.0,89038,904204.0,219407,-47.49
1065,Mumbai,South,1,1,4214.0,2432,738465.0,454834,39.67
1065,Mumbai,West,1,2,2853.0,3307,738465.0,454834,39.67
1065,Nagpur,East,1,1,1604.0,45456,738465.0,454834,39.67
1065,Nashik,East,1,1,2089.769463,10631,738465.0,454834,39.67
1065,Solapur,East,1,3,10113.0,32625,738465.0,454834,39.67
1065,Solapur,West,2,2,9655.0,75288,738465.0,454834,39.67
1066,Kolhapur,North,1,1,4614.0,20024,123311.0,269341,-4.26
1066,Nagpur,West,1,2,5485.0,51327,123311.0,269341,-4.26
1066,Nashik,East,1,1,568.0,32893,123311.0,269341,-4.26
1066,Pune,North,1,2,9258.0,75826,123311.0,269341,-4.26
1066,Pune,West,1,1,1876.0,5574,123311.0,269341,-4.26
1067,Kolhapur,South,1,2,1380.0,55065,447272.0,419907,93.05
1067,Mumbai,West,2,2,5188.0,20860,447272.0,419907,93.05
1067,Nagpur,South,1,1,1362.0,13776,447272.0,419907,93.05
1067,Nagpur,West,1,1,2025.0,19957,447272.0,419907,93.05
1067,Nashik,South,1,4,13268.256978,127794,447272.0,419907,93.05
1067,Nashik,West,1,1,2491.0,17860,447272.0,419907,93.05
1067,Pune,East,1,1,5208.382054,26834,447272.0,419907,93.05
1067,Pune,North,1,2,4513.0,75809,447272.0,419907,93.05
1067,Solapur,South,1,1,2647.0,24396,447272.0,419907,93.05
1067,Solapur,West,1,2,7464.0,73632,447272.0,419907,93.05
1068,Kolhapur,East,2,2,8774.0,53266,94673.0,124746,44.89
1068,Kolhapur,North,2,2,6057.0,54789,94673.0,124746,44.89
1068,Nashik,East,1,2,5009.0,41818,94673.0,124746,44.89
1068,Pune,North,1,2,3755.0,40398,94673.0,124746,44.89
1068,Solapur,West,1,1,2473.637618,14957,94673.0,124746,44.89
1069,Kolhapur,South,1,1,302.0,5782,,279148,64.56
1069,Kolhapur,West,1,2,6203.0,79375,,279148,64.56
1069,Mumbai,North,1,1,1911.0,31172,,279148,64.56
1069,Pune,North,1,2,6338.0,21895,,279148,64.56
1069,Pune,West,1,1,1033.0,15568,,279148,64.56
1070,Mumbai,South,1,2,5518.0,93665,723055.0,20664,15.06
1070,Nashik,East,1,2,4831.0,52586,723055.0,20664,15.06
1070,Nashik,North,1,1,1270.0,3652,723055.0,20664,15.06
1070,Nashik,South,1,1,2167.0,3172,723055.0,20664,15.06
1071,Kolhapur,South,1,2,5238.0,75356,288740.0,497515,-9.92
1071,Nagpur,North,1,2,5475.0,39980,288740.0,497515,-9.92
1071,Nagpur,South,1,1,2895.0,20026,288740.0,497515,-9.92
1071,Nagpur,West,1,2,4391.0,40149,288740.0,497515,-9.92
1071,Nashik,West,1,3,8967.0,92228,288740.0,497515,-9.92
1071,Solapur,North,1,3,4805.0,33559,288740.0,497515,-9.92
1071,Solapur,South,1,1,244.0,29334,288740.0,497515,-9.92
1072,Nagpur,West,1,3,4997.0,74176,831265.0,382396,65.1
1072,Nashik,West,2,4,4864.0,115198,831265.0,382396,65.1
1072,Pune,East,1,4,13969.0,75527,831265.0,382396,65.1
1072,Pune,South,1,1,108.0,14068,831265.0,382396,65.1
1072,Pune,West,1,1,3682.0,32655,831265.0,382396,65.1
1072,Solapur,North,1,2,3059.0,24031,831265.0,382396,65.1
1073,Nagpur,South,1,3,8102.0,71396,459580.0,198394,20.15
1073,Nagpur,West,1,1,103.0,37519,459580.0,198394,20.15
1073,Nashik,North,1,2,3692.0,82337,459580.0,198394,20.15
1073,Nashik,South,1,1,4735.0,7599,459580.0,198394,20.15
1073,Solapur,West,1,1,127.1870709,5191,459580.0,198394,20.15
1074,Mumbai,East,1,1,280.0,34968,997286.0,218745,99.93
1074,Nashik,West,1,1,3757.0,7187,997286.0,218745,99.93
1074,Pune,East,1,1,4437.0,6869,997286.0,218745,99.93
1074,Pune,West,1,2,5415.0,68000,997286.0,218745,99.93
1074,Solapur,North,1,1,1487.0,24746,997286.0,218745,99.93
1075,Kolhapur,South,1,1,2458.0,13851,105973.0,493415,38.88
1075,Nagpur,North,1,1,2350.0,41126,105973.0,493415,38.88
1075,Nagpur,South,1,2,6037.0,46830,105973.0,493415,38.88
1075,Nashik,South,1,2,7653.0,53065,105973.0,493415,38.88
1075,Nashik,West,1,2,2768.0,73419,105973.0,493415,38.88
1075,Pune,East,1,2,4775.0,47789,105973.0,493415,38.88
1075,Pune,South,1,3,4304.88350961,99767,105973.0,493415,38.88
1075,Solapur,North,1,1,934.0,32572,105973.0,493415,38.88
1076,Kolhapur,West,1,2,3772.0,70395,204710.0,300215,76.77
1076,Nashik,East,1,2,3783.0,79214,204710.0,300215,76.77
1076,Nashik,South,1,1,380.0,20928,204710.0,300215,76.77
1076,Pune,West,2,4,12056.0,51848,204710.0,300215,76.77
1077,Kolhapur,North,1,1,315.0,7724,985286.0,152371,-6.82
1077,Nagpur,North,1,1,3171.0,8368,985286.0,152371,-6.82
1077,Nagpur,West,1,1,4433.0,9299,985286.0,152371,-6.82
1077,Pune,North,2,3,8191.0,112184,985286.0,152371,-6.82
1077,Pune,West,1,2,7329.0,64818,985286.0,152371,-6.82
1077,Solapur,West,1,2,6694.0,67342,985286.0,152371,-6.82
1078,Kolhapur,South,1,1,2826.0,36319,616031.0,473422,14.03
1078,Nashik,South,1,2,5267.0,61949,616031.0,473422,14.03
1078,Pune,North,1,2,2786.0,56704,616031.0,473422,14.03
1078,Solapur,East,1,2,5314.0,58131,616031.0,473422,14.03
1079,Kolhapur,East,1,4,10792.0,128854,631559.0,213405,-13.91
1079,Kolhapur,West,1,1,1015.0,23596,631559.0,213405,-13.91
1079,Nashik,South,1,1,707.0,14655,631559.0,213405,-13.91
1080,Kolhapur,East,1,1,667.0,10522,714846.0,106483,66.31
1080,Mumbai,East,1,2,7103.0,49046,714846.0,106483,66.31
1080,Mumbai,North,2,2,2937.0,57116,714846.0,106483,66.31
1080,Nashik,East,1,1,2898.0,8373,714846.0,106483,66.31
1080,Pune,East,1,1,1380.0,47247,714846.0,106483,66.31
1080,Solapur,West,1,1,2040.0,9484,714846.0,106483,66.31
1081,Kolhapur,East,2,4,13293.0,73295,810727.0,234848,63.59
1081,Kolhapur,North,1,1,1087.0,38714,810727.0,234848,63.59
1081,Kolhapur,West,1,3,12725.0,56492,810727.0,234848,63.59
1081,Nagpur,East,1,2,6492.0,68687,810727.0,234848,63.59
1081,Nagpur,West,1,1,4296.0,37033,810727.0,234848,63.59
1081,Solapur,South,1,1,2574.0,13042,810727.0,234848,63.59
1082,Kolhapur,North,1,1,4950.0,45452,527491.0,129655,38.9
1082,Kolhapur,South,1,1,720.0,38824,527491.0,129655,38.9
1082,Mumbai,East,1,1,2517.0,12831,527491.0,129655,38.9
1082,Mumbai,South,1,2,7378.0,59519,527491.0,129655,38.9
1082,Nagpur,North,1,1,1001.0,2473,527491.0,129655,38.9
1082,Nagpur,South,1,2,3353.0,23792,527491.0,129655,38.9
1082,Nashik,North,1,1,3267.0,28497,527491.0,129655,38.9
1082,Pune,West,2,3,3622.0,96752,527491.0,129655,38.9
1083,Kolhapur,West,1,1,3518.0,46764,590910.0,395017,59.66
1083,Mumbai,North,1,1,3985.0,21870,590910.0,395017,59.66
1083,Nagpur,South,1,1,4730.0,13483,590910.0,395017,59.66
1083,Nashik,North,1,1,1200.0,30896,590910.0,395017,59.66
1083,Pune,West,1,5,8816.434909,142460,590910.0,395017,59.66
1083,Solapur,East,1,1,3138.0,1413,590910.0,395017,59.66
1084,Kolhapur,North,1,3,9890.0,55584,604344.0,406488,4.09
1084,Nagpur,East,1,2,3265.0,46599,604344.0,406488,4.09
1084,Nashik,North,2,3,4660.223523,42178,604344.0,406488,4.09
1084,Pune,East,1,1,3808.0,43566,604344.0,406488,4.09
1085,Nagpur,West,1,1,3448.0,26604,301941.0,71479,81.71
1085,Pune,East,1,1,3287.0,18776,301941.0,71479,81.71
1085,Pune,West,2,2,2668.597351,18694,301941.0,71479,81.71
1086,Kolhapur,East,1,1,328.0,30868,744479.0,53750,88.35
1086,Kolhapur,West,1,1,4953.0,20128,744479.0,53750,88.35
1086,Mumbai,North,2,3,8094.0,52868,744479.0,53750,88.35
1086,Nashik,North,1,1,4927.0,11913,744479.0,53750,88.35
1086,Nashik,South,1,2,4222.0,56791,744479.0,53750,88.35
1086,Pune,East,2,2,7076.0,28422,744479.0,53750,88.35
1086,Solapur,North,1,2,4450.0,9922,744479.0,53750,88.35
1087,Kolhapur,East,1,2,7281.0,31561,640762.0,202204,49.6
1087,Mumbai,North,1,1,4433.0,4908,640762.0,202204,49.6
1087,Solapur,South,1,2,3575.0,61751,640762.0,202204,49.6
1088,Kolhapur,North,2,3,6991.0,79699,246436.0,57113,5.95
1088,Mumbai,East,2,3,5778.0,120972,246436.0,57113,5.95
1088,Mumbai,North,1,1,4596.0,21951,246436.0,57113,5.95
1088,Nagpur,West,1,1,4136.0,40430,246436.0,57113,5.95
1088,Pune,East,1,1,2919.0,10696,246436.0,57113,5.95
1088,Pune,North,1,7,14284.0,166525,246436.0,57113,5.95
1088,Pune,South,1,2,8410.0,82196,246436.0,57113,5.95
1088,Solapur,North,1,1,4092.0,41765,246436.0,57113,5.95
1088,Solapur,South,1,1,3989.0,9143,246436.0,57113,5.95
1089,Kolhapur,North,1,4,8281.0,85052,658793.0,482561,76.27
1089,Mumbai,South,1,1,646.2198047,44840,658793.0,482561,76.27
1089,Nagpur,West,2,3,5779.0,64976,658793.0,482561,76.27
1089,Nashik,East,1,1,636.0,47174,658793.0,482561,76.27
1089,Nashik,West,1,2,1847.0,65034,658793.0,482561,76.27
1089,Pune,East,1,1,2416.0,22631,658793.0,482561,76.27
1090,Kolhapur,West,3,9,36664.296441,195178,629001.0,345832,97.09
1090,Nagpur,South,1,2,4155.0,62368,629001.0,345832,97.09
1090,Nashik,East,1,1,712.0,26871,629001.0,345832,97.09
1090,Pune,North,1,1,3763.0,27777,629001.0,345832,97.09
1091,Nagpur,North,2,3,9034.0,133705,307324.0,81535,36.85
1091,Solapur,North,1,1,3532.0,18596,307324.0,81535,36.85
1092,Nagpur,West,1,2,8399.0,30574,,493705,48.98
1092,Nashik,South,1,1,127.0623064,10411,,493705,48.98
1092,Solapur,East,1,1,3487.0,46917,,493705,48.98
1093,Mumbai,North,1,3,3565.0,85769,,37666,77.6
1093,Nagpur,East,1,1,4570.0,7272,,37666,77.6
1093,Nagpur,South,1,2,6168.0,77080,,37666,77.6
1093,Nashik,East,1,2,8196.0,26128,,37666,77.6
1094,Kolhapur,East,1,1,1223.0,7955,837097.0,140421,50.9
1094,Kolhapur,South,1,1,1677.0,34645,837097.0,140421,50.9
1094,Mumbai,East,1,1,699.0,46997,837097.0,140421,50.9
1094,Mumbai,South,2,3,7730.0,76998,837097.0,140421,50.9
1094,Mumbai,West,1,1,285.0,49298,837097.0,140421,50.9
1095,Kolhapur,West,1,1,3156.0,16361,929599.0,259456,-20.48
1095,Mumbai,South,1,1,1367.0,5507,929599.0,259456,-20.48
1095,Mumbai,West,1,1,4205.0,28670,929599.0,259456,-20.48
1095,Nagpur,East,1,1,1362.0,25293,929599.0,259456,-20.48
1095,Solapur,East,1,1,4703.0,13730,929599.0,259456,-20.48
1095,Solapur,South,1,2,3415.0,43134,929599.0,259456,-20.48
1096,Kolhapur,West,1,1,2623.0,28517,285747.0,164076,13.47
1096,Mumbai,North,1,1,960.0,21042,285747.0,164076,13.47
1096,Nagpur,South,1,3,6860.0,121115,285747.0,164076,13.47
1096,Pune,East,1,1,2443.0,35471,285747.0,164076,13.47
1097,Kolhapur,North,1,3,7044.0,95331,68882.0,111621,41.81
1097,Mumbai,North,1,1,1023.0,39371,68882.0,111621,41.81
1097,Nagpur,West,1,2,7550.0,42055,68882.0,111621,41.81
1097,Nashik,South,1,3,5791.0,84679,68882.0,111621,41.81
1097,Pune,South,1,3,7256.9507436,76336,68882.0,111621,41.81
1097,Pune,West,1,1,3044.0,34542,68882.0,111621,41.81
1097,Solapur,East,1,1,2518.0,2079,68882.0,111621,41.81
1098,Kolhapur,East,1,1,3501.0,22949,570985.0,423464,19.57
1098,Mumbai,West,1,1,2606.0,17827,570985.0,423464,19.57
1098,Nagpur,East,1,3,7790.0,80295,570985.0,423464,19.57
1098,Nagpur,West,1,2,7024.0,57232,570985.0,423464,19.57
1098,Nashik,North,1,2,5805.0,36968,570985.0,423464,19.57
1098,Nashik,West,1,2,6057.0,71204,570985.0,423464,19.57
1099,Mumbai,North,1,3,6384.0,132105,714838.0,177696,51.99
1099,Nagpur,East,1,2,6353.0,46014,714838.0,177696,51.99
1099,Solapur,North,1,1,1137.0,9560,714838.0,177696,51.99
1099,Solapur,West,1,2,6368.0,39694,714838.0,177696,51.99
1100,Kolhapur,East,2,2,3801.0,48545,860774.0,342060,-7.77
1100,Mumbai,North,1,1,2106.0,19833,860774.0,342060,-7.77
1100,Mumbai,West,1,1,2889.0,5551,860774.0,342060,-7.77
1100,Nashik,West,1,1,2052.0,24671,860774.0,342060,-7.77
1100,Solapur,South,1,2,4579.0,57988,860774.0,342060,-7.77
1100,Solapur,West,1,1,4451.0,9511,860774.0,342060,-7.77
1101,Kolhapur,West,2,6,18853.045318,175498,866744.0,147716,-26.19
1101,Mumbai,East,1,2,6450.0,73329,866744.0,147716,-26.19
1101,Nagpur,North,1,1,4323.0,44076,866744.0,147716,-26.19
1101,Nagpur,South,2,4,8156.0,123098,866744.0,147716,-26.19
1101,Nashik,South,1,1,4371.0,8268,866744.0,147716,-26.19
1101,Nashik,West,1,1,4207.0,41197,866744.0,147716,-26.19
1101,Pune,East,1,1,4533.0,46058,866744.0,147716,-26.19
1101,Pune,North,1,1,3978.0,24902,866744.0,147716,-26.19
1101,Solapur,West,1,1,1417.0,23073,866744.0,147716,-26.19
1102,Kolhapur,East,1,2,5283.0,72533,449250.0,305716,-45.74
1102,Kolhapur,West,1,1,2656.0,37801,449250.0,305716,-45.74
1102,Mumbai,East,1,2,5554.0,42485,449250.0,305716,-45.74
1102,Mumbai,South,1,2,3455.0,61661,449250.0,305716,-45.74
1102,Nagpur,North,1,2,8016.0,20148,449250.0,305716,-45.74
1102,Nagpur,South,1,1,2816.0,27984,449250.0,305716,-45.74
1102,Nagpur,West,1,1,3379.0,37288,449250.0,305716,-45.74
1102,Solapur,South,1,1,2679.0,43563,449250.0,305716,-45.74
1103,Kolhapur,South,1,1,4848.0,18248,941020.0,22378,-44.16
1103,Nagpur,North,1,3,5748.0,51255,941020.0,22378,-44.16
1103,Pune,North,1,1,997.0,8860,941020.0,22378,-44.16
1104,Kolhapur,East,1,1,1692.0,42654,658214.0,119660,3.51
1104,Nagpur,South,1,1,4698.0,49441,658214.0,119660,3.51
1104,Nashik,East,1,1,4622.0,24288,658214.0,119660,3.51
1104,Nashik,North,1,1,197.0,4820,658214.0,119660,3.51
1104,Pune,South,1,1,4886.0,12171,658214.0,119660,3.51
1104,Solapur,East,2,3,7105.0,54168,658214.0,119660,3.51
1105,Kolhapur,East,1,2,3501.0,94624,,336150,-46.74
1105,Mumbai,West,1,3,4006.0,85815,,336150,-46.74
1105,Nagpur,East,1,1,2465.488895,42025,,336150,-46.74
1105,Nagpur,North,1,1,2141.0,1444,,336150,-46.74
1105,Nagpur,South,1,1,2813.0,32770,,336150,-46.74
1105,Nashik,West,1,1,4001.0,40479,,336150,-46.74
1105,Pune,North,2,3,8408.694926,109544,,336150,-46.74
1105,Pune,West,1,1,1538.0,49405,,336150,-46.74
1105,Solapur,East,1,3,7061.0,57126,,336150,-46.74
1106,Kolhapur,North,1,2,6173.0,52103,645333.0,497857,-9.25
1106,Kolhapur,South,1,2,6272.0,52860,645333.0,497857,-9.25
1106,Nashik,West,1,2,6037.0,15580,645333.0,497857,-9.25
1106,Pune,North,1,4,4530.180557,161647,645333.0,497857,-9.25
1106,Pune,West,1,1,877.0,1062,645333.0,497857,-9.25
1106,Solapur,South,1,1,406.0,35054,645333.0,497857,-9.25
1107,Mumbai,North,1,2,4411.0,40093,553367.0,463072,27.01
1107,Nashik,West,2,3,9433.0,76600,553367.0,463072,27.01
1107,Pune,North,1,3,7798.0,55271,553367.0,463072,27.01
1107,Pune,South,1,2,4550.0,91504,553367.0,463072,27.01
1108,Kolhapur,East,1,1,2755.0,37397,77365.0,358228,61.62
1108,Pune,East,1,1,4324.0,14334,77365.0,358228,61.62
1108,Solapur,North,1,1,572.0,27189,77365.0,358228,61.62
1109,Nagpur,West,1,3,3860.0,46993,227115.0,86628,38.34
1109,Pune,West,1,2,5096.0,73644,227115.0,86628,38.34
1109,Solapur,North,1,1,412.0,13729,227115.0,86628,38.34
1110,Kolhapur,East,1,2,2947.0,24140,993451.0,431239,30.19
1110,Kolhapur,West,1,1,3907.0,8780,993451.0,431239,30.19
1110,Mumbai,East,1,1,3445.0,17431,993451.0,431239,30.19
1110,Mumbai,South,1,2,5143.0,73738,993451.0,431239,30.19
1110,Nagpur,South,2,2,3041.0,39922,993451.0,431239,30.19
1110,Solapur,North,1,1,1928.0,1897,993451.0,431239,30.19
1111,Kolhapur,East,1,2,4988.0,45928,702367.0,190514,-13.68
1111,Mumbai,East,1,1,4383.0,48538,702367.0,190514,-13.68
1111,Nagpur,North,1,2,5061.0,78605,702367.0,190514,-13.68
1111,Solapur,North,1,3,7781.0,71150,702367.0,190514,-13.68
1112,Kolhapur,West,1,1,4382.0,36370,474820.0,431359,-47.64
1112,Mumbai,West,1,1,458.0,24561,474820.0,431359,-47.64
1112,Nagpur,South,1,1,4461.0,7066,474820.0,431359,-47.64
1112,Nashik,North,2,4,11787.0,110901,474820.0,431359,-47.64
1113,Kolhapur,North,3,5,10208.0,119265,963430.0,275162,-30.54
1113,Mumbai,South,1,1,4652.0,4080,963430.0,275162,-30.54
1113,Nagpur,West,1,2,4896.0,70383,963430.0,275162,-30.54
1113,Pune,South,1,1,2494.0,30998,963430.0,275162,-30.54
1114,Mumbai,South,1,1,4681.0,35734,842893.0,204196,97.27
1114,Nagpur,West,1,1,4875.0,17969,842893.0,204196,97.27
1114,Pune,East,1,2,3313.0,39049,842893.0,204196,97.27
1114,Solapur,South,1,2,6783.0,8438,842893.0,204196,97.27
1115,Kolhapur,West,1,1,415.0,32470,785942.0,164003,89.17
1115,Nagpur,South,1,2,1221.0,22166,785942.0,164003,89.17
1115,Pune,East,1,2,4207.0,70343,785942.0,164003,89.17
1115,Pune,West,1,1,3894.0,21202,785942.0,164003,89.17
1115,Solapur,West,1,2,1008.0,41952,785942.0,164003,89.17
1116,Kolhapur,North,2,3,6851.0,104252,798102.0,315359,-3.33
1116,Nagpur,North,1,1,3486.0,43706,798102.0,315359,-3.33
1116,Pune,East,1,2,2902.0,27480,798102.0,315359,-3.33
1116,Solapur,North,1,1,3347.0,38591,798102.0,315359,-3.33
1116,Solapur,West,1,2,3083.0,17656,798102.0,315359,-3.33
1117,Kolhapur,East,1,2,6856.0,26297,286476.0,326419,-1.85
1117,Kolhapur,North,1,1,3204.0,29888,286476.0,326419,-1.85
1117,Mumbai,North,1,4,12528.987979,101004,286476.0,326419,-1.85
1117,Mumbai,West,3,6,20330.0,149342,286476.0,326419,-1.85
1117,Nashik,East,1,2,4025.0,44947,286476.0,326419,-1.85
1117,Pune,East,1,1,4001.0,21079,286476.0,326419,-1.85
1117,Pune,North,2,3,9540.077702999999,69385,286476.0,326419,-1.85
1117,Solapur,East,1,2,4628.0,32914,286476.0,326419,-1.85
1117,Solapur,North,2,3,9036.0,53448,286476.0,326419,-1.85
1118,Kolhapur,East,2,3,8729.0,79760,204248.0,208385,83.7
1118,Kolhapur,South,1,1,1049.0,38498,204248.0,208385,83.7
1118,Mumbai,West,1,4,11549.759216999999,81782,204248.0,208385,83.7
1118,Nagpur,South,1,2,2063.0,63436,204248.0,208385,83.7
1118,Nashik,South,1,4,8047.347285,99817,204248.0,208385,83.7
1119,Kolhapur,North,1,1,1777.0,31667,772777.0,279646,-38.22
1119,Mumbai,South,1,1,1161.0,31560,772777.0,279646,-38.22
1119,Pune,South,1,1,2717.0,11768,772777.0,279646,-38.22
1119,Solapur,North,1,1,3007.0,11374,772777.0,279646,-38.22
1120,Kolhapur,East,1,1,2707.0,33017,715070.0,105057,-24.29
1120,Kolhapur,North,1,2,8072.0,44018,715070.0,105057,-24.29
1120,Nagpur,East,1,1,861.2210512,25763,715070.0,105057,-24.29
1120,Nagpur,West,2,4,14884.0,69750,715070.0,105057,-24.29
1120,Nashik,East,1,2,3378.0,49205,715070.0,105057,-24.29
1120,Nashik,West,1,1,2911.0,30077,715070.0,105057,-24.29
1120,Solapur,North,1,1,4990.0,39726,715070.0,105057,-24.29
1121,Kolhapur,East,1,2,6578.0,28871,163874.0,355418,-32.31
1121,Mumbai,South,1,1,4645.0,46350,163874.0,355418,-32.31
1121,Nagpur,East,1,1,1263.0,37662,163874.0,355418,-32.31
1121,Nagpur,North,1,2,4354.0,61503,163874.0,355418,-32.31
1121,Nashik,East,1,3,11322.0,74334,163874.0,355418,-32.31
1121,Pune,West,2,3,5856.0,51120,163874.0,355418,-32.31
1122,Kolhapur,East,1,2,2022.2201943999999,28449,443946.0,415587,80.64
1122,Kolhapur,West,2,2,2569.540963,71408,443946.0,415587,80.64
1122,Nagpur,North,1,1,1695.0,3428,443946.0,415587,80.64
1122,Nashik,South,1,2,4850.0,79310,443946.0,415587,80.64
1122,Pune,North,1,3,7938.0,46101,443946.0,415587,80.64
1123,Kolhapur,East,1,1,3024.0,34219,398968.0,482742,-49.01
1123,Kolhapur,North,2,3,8670.0,100586,398968.0,482742,-49.01
1123,Kolhapur,South,2,4,14809.0,147523,398968.0,482742,-49.01
1123,Mumbai,West,1,4,12750.0,151474,398968.0,482742,-49.01
1124,Kolhapur,South,1,1,1917.0,4573,657564.0,131822,-47.83
1124,Mumbai,North,1,2,10304.775515000001,34800,657564.0,131822,-47.83
1124,Mumbai,South,1,2,9315.0,21263,657564.0,131822,-47.83
1124,Mumbai,West,1,1,3297.557937,35111,657564.0,131822,-47.83
1124,Nashik,North,1,1,2065.462138,40952,657564.0,131822,-47.83
1124,Pune,North,1,1,3684.0,3173,657564.0,131822,-47.83
1125,Kolhapur,East,1,1,2032.451154,21637,882724.0,350146,72.08
1125,Kolhapur,North,1,2,6001.0,52133,882724.0,350146,72.08
1125,Kolhapur,West,1,1,3058.0,12676,882724.0,350146,72.08
1125,Mumbai,West,2,4,11342.270333,97856,882724.0,350146,72.08
1125,Nagpur,West,1,1,3764.0,40989,882724.0,350146,72.08
1125,Pune,South,1,2,809.0,75063,882724.0,350146,72.08
1125,Solapur,West,2,4,8343.0,106306,882724.0,350146,72.08
1126,Kolhapur,East,1,1,1428.0,1807,205625.0,485899,45.54
1126,Mumbai,North,1,3,5558.0,82584,205625.0,485899,45.54
1126,Nashik,East,1,1,2180.0,19059,205625.0,485899,45.54
1126,Nashik,North,1,1,2616.0,32915,205625.0,485899,45.54
1126,Pune,South,1,1,1966.0,46944,205625.0,485899,45.54
1126,Pune,West,1,1,2290.0,20109,205625.0,485899,45.54
1126,Solapur,South,1,1,4226.0,19139,205625.0,485899,45.54
1127,Kolhapur,East,1,1,3698.0,39728,501483.0,122453,34.48
1127,Kolhapur,West,1,1,4355.0,32992,501483.0,122453,34.48
1127,Mumbai,East,1,1,1154.0,44589,501483.0,122453,34.48
1127,Nashik,North,1,2,2927.0,82134,501483.0,122453,34.48
1127,Pune,West,1,1,4242.0,22240,501483.0,122453,34.48
1128,Kolhapur,South,1,2,4548.0,30315,921550.0,214020,88.43
1128,Mumbai,West,1,3,5106.0,70622,921550.0,214020,88.43
1128,Nagpur,West,1,2,2006.0,33696,921550.0,214020,88.43
1128,Solapur,East,1,1,2543.0,14195,921550.0,214020,88.43
1128,Solapur,North,1,1,356.0,39923,921550.0,214020,88.43
1129,Kolhapur,East,1,1,406.0,49189,788503.0,443105,22.51
1129,Mumbai,North,2,2,5096.0,23550,788503.0,443105,22.51
1129,Mumbai,West,1,1,3092.0,23926,788503.0,443105,22.51
1129,Pune,South,1,1,4661.0,6545,788503.0,443105,22.51
1129,Solapur,East,1,1,3592.0,33777,788503.0,443105,22.51
1130,Kolhapur,West,1,1,4945.0,37424,595312.0,349564,20.03
1130,Mumbai,South,1,2,6867.0,41458,595312.0,349564,20.03
1130,Nagpur,West,1,1,4211.0,15576,595312.0,349564,20.03
1130,Pune,South,1,1,4115.0,30443,595312.0,349564,20.03
1130,Solapur,East,1,2,5841.0,67172,595312.0,349564,20.03
1130,Solapur,West,1,2,1259.0,76208,595312.0,349564,20.03
1131,Kolhapur,South,1,2,6907.0,62552,,242669,13.12
1131,Mumbai,South,1,2,1733.1289233,43241,,242669,13.12
1131,Nashik,East,2,5,9589.0,141711,,242669,13.12
1131,Nashik,South,1,7,24607.472105,152649,,242669,13.12
1131,Pune,South,1,3,5769.0,94838,,242669,13.12
1131,Solapur,East,1,1,1108.0,15857,,242669,13.12
1132,Kolhapur,North,1,2,7479.0,50103,83336.0,335733,47.84
1132,Mumbai,East,1,1,761.0,20612,83336.0,335733,47.84
1132,Nashik,East,1,1,4114.0,42127,83336.0,335733,47.84
1132,Pune,East,1,2,6442.0,51540,83336.0,335733,47.84
1132,Solapur,West,1,1,3127.0,35753,83336.0,335733,47.84
1133,Kolhapur,West,1,1,2775.0,30674,969558.0,77022,-1.52
1133,Nagpur,East,1,1,3928.0,14819,969558.0,77022,-1.52
1133,Nagpur,North,1,1,122.0,22781,969558.0,77022,-1.52
1134,Kolhapur,South,1,2,1726.0,52210,657173.0,370102,50.26
1134,Mumbai,South,1,2,5453.0,31717,657173.0,370102,50.26
1134,Nagpur,East,1,2,2263.0,50716,657173.0,370102,50.26
1134,Nagpur,West,1,1,878.5796642,1058,657173.0,370102,50.26
1134,Pune,South,1,2,4301.0,54617,657173.0,370102,50.26
1134,Solapur,East,1,2,5438.0,66773,657173.0,370102,50.26
1134,Solapur,South,1,1,4565.0,32555,657173.0,370102,50.26
1135,Pune,East,1,1,4777.0,26419,175873.0,20946,55.55
1135,Pune,North,2,5,12170.0,155250,175873.0,20946,55.55
1135,Solapur,East,1,1,1482.231075,47269,175873.0,20946,55.55
1135,Solapur,North,1,1,4081.0,33055,175873.0,20946,55.55
1135,Solapur,South,1,1,3147.0,18877,175873.0,20946,55.55
1135,Solapur,West,1,1,1269.0,5490,175873.0,20946,55.55
1136,Mumbai,South,1,1,3131.0,19267,239263.0,53815,-18.28
1136,Nagpur,North,1,2,5436.0,53052,239263.0,53815,-18.28
1136,Nashik,East,1,3,8385.0,64938,239263.0,53815,-18.28
1136,Nashik,South,1,1,1359.0,13153,239263.0,53815,-18.28
1136,Nashik,West,1,1,3371.0,24824,239263.0,53815,-18.28
1136,Pune,East,1,1,3509.0,35034,239263.0,53815,-18.28
1136,Solapur,North,1,2,9150.0,50078,239263.0,53815,-18.28
1136,Solapur,South,1,2,4991.0,39538,239263.0,53815,-18.28
1137,Kolhapur,South,1,1,1365.0,21575,263055.0,210483,39.24
1137,Mumbai,East,1,1,3577.91672,21181,263055.0,210483,39.24
1137,Nagpur,North,1,1,2274.0,34906,263055.0,210483,39.24
1138,Solapur,East,1,1,2178.0,28465,635281.0,333629,59.02
1139,Mumbai,North,2,2,2591.0,53710,245288.0,162674,94.18
1139,Mumbai,South,1,3,6980.0,47525,245288.0,162674,94.18
1139,Nagpur,East,1,1,4370.0,21848,245288.0,162674,94.18
1139,Nagpur,South,1,1,4029.0,25923,245288.0,162674,94.18
1139,Nashik,East,1,1,4322.0,13403,245288.0,162674,94.18
1139,Pune,North,1,1,2409.0,6074,245288.0,162674,94.18
1139,Pune,West,1,1,4947.0,22669,245288.0,162674,94.18
1139,Solapur,North,1,1,3054.0,4428,245288.0,162674,94.18
1139,Solapur,South,1,1,869.0,28851,245288.0,162674,94.18
1140,Kolhapur,East,1,1,2792.929196,41083,755330.0,90594,90.84
1140,Mumbai,South,1,1,1543.0,30553,755330.0,90594,90.84
1140,Nashik,West,1,1,3514.0,12430,755330.0,90594,90.84
1140,Pune,North,1,2,5621.7001660000005,47124,755330.0,90594,90.84
1140,Solapur,South,1,2,2263.0,82293,755330.0,90594,90.84
1141,Kolhapur,North,1,1,2633.0,2570,83554.0,441985,-19.24
1141,Kolhapur,West,1,1,3498.0,26925,83554.0,441985,-19.24
1141,Mumbai,East,1,1,4455.0,23087,83554.0,441985,-19.24
1141,Nashik,North,1,2,6202.0,31582,83554.0,441985,-19.24
1141,Nashik,West,1,3,8996.0,110156,83554.0,441985,-19.24
1141,Pune,East,1,2,5249.0,32257,83554.0,441985,-19.24
1141,Solapur,East,1,1,2177.0,4840,83554.0,441985,-19.24
1142,Nagpur,East,1,2,3419.0,55960,152963.0,85291,36.59
1142,Nashik,East,1,3,11433.0,77865,152963.0,85291,36.59
1142,Nashik,North,1,1,1830.0,1580,152963.0,85291,36.59
1143,Mumbai,East,1,2,5419.0,23889,469428.0,399652,20.4
1143,Nagpur,East,1,1,3153.0,10867,469428.0,399652,20.4
1143,Pune,North,1,1,3860.0,11127,469428.0,399652,20.4
1143,Pune,West,1,1,4550.0,36434,469428.0,399652,20.4
1144,Kolhapur,South,1,1,2039.0,15265,252494.0,434330,2.39
1144,Nagpur,East,1,3,10237.0,73785,252494.0,434330,2.39
1144,Nagpur,North,1,1,348.0,5664,252494.0,434330,2.39
1144,Pune,West,1,1,224.0,32796,252494.0,434330,2.39
1144,Solapur,East,1,3,9546.0,48514,252494.0,434330,2.39
1145,Mumbai,East,2,3,6469.0,68535,957204.0,352462,1.32
1145,Mumbai,South,1,1,3519.0,43622,957204.0,352462,1.32
1145,Mumbai,West,1,2,3168.0,65664,957204.0,352462,1.32
1145,Pune,West,1,2,9255.0,4135,957204.0,352462,1.32
1145,Solapur,North,2,2,6112.0,83373,957204.0,352462,1.32
1146,Kolhapur,South,1,1,298.0,42952,775818.0,473126,95.64
1146,Mumbai,East,2,6,11444.0,180072,775818.0,473126,95.64
1146,Mumbai,West,1,1,2793.0,46653,775818.0,473126,95.64
1146,Nashik,West,1,1,1185.0,19719,775818.0,473126,95.64
1146,Pune,East,1,2,5824.0,65181,775818.0,473126,95.64
1147,Kolhapur,North,1,1,456.0,36194,665993.0,380428,-44.51
1147,Nagpur,North,1,2,5460.0,84329,665993.0,380428,-44.51
1147,Nagpur,West,1,1,1778.0,3155,665993.0,380428,-44.51
1147,Solapur,East,1,1,714.0,39795,665993.0,380428,-44.51
1147,Solapur,North,1,1,2096.0,4290,665993.0,380428,-44.51
1148,Mumbai,East,1,1,360.0,48460,146659.0,374894,77.88
1148,Mumbai,West,1,1,1240.0,29382,146659.0,374894,77.88
1148,Nagpur,East,1,2,7139.0,55849,146659.0,374894,77.88
1148,Nagpur,North,1,1,1221.0,9725,146659.0,374894,77.88
1148,Nashik,North,1,2,3869.0,39387,146659.0,374894,77.88
1148,Pune,North,1,2,3450.0,53840,146659.0,374894,77.88
1148,Solapur,South,1,2,2132.5130831,54933,146659.0,374894,77.88
1149,Nashik,East,1,2,6428.0,74616,272071.0,108121,18.02
1149,Nashik,South,1,1,1675.0,24796,272071.0,108121,18.02
1149,Solapur,West,1,1,4430.0,43803,272071.0,108121,18.02
1150,Kolhapur,North,1,2,8479.0,56097,972742.0,142072,35.0
1150,Mumbai,East,1,1,1008.0,38644,972742.0,142072,35.0
1150,Mumbai,West,1,1,351.0,16388,972742.0,142072,35.0
1150,Nagpur,East,1,3,9598.0,133555,972742.0,142072,35.0
1150,Nashik,East,1,5,11316.0,105981,972742.0,142072,35.0
1150,Pune,South,1,3,4613.0,80836,972742.0,142072,35.0
1151,Kolhapur,South,1,1,3401.0,5925,931870.0,417137,60.89
1151,Mumbai,West,1,2,4189.0,6565,931870.0,417137,60.89
1151,Nagpur,South,1,3,4097.0,93291,931870.0,417137,60.89
1151,Nashik,East,1,3,7124.0,64530,931870.0,417137,60.89
1151,Nashik,North,1,2,4361.0,85320,931870.0,417137,60.89
1152,Kolhapur,South,1,1,1156.0,36515,666200.0,469751,18.45
1152,Mumbai,North,1,1,1309.0,33458,666200.0,469751,18.45
1152,Nagpur,North,1,1,1240.0,13539,666200.0,469751,18.45
1152,Pune,South,2,2,4439.0,44491,666200.0,469751,18.45
1152,Solapur,South,1,3,13692.943321,70930,666200.0,469751,18.45
1153,Mumbai,North,2,3,3701.0,27634,92374.0,460919,98.1
1153,Mumbai,West,1,1,4812.420207,37029,92374.0,460919,98.1
1153,Pune,West,2,5,14044.423622999999,132420,92374.0,460919,98.1
1153,Solapur,East,1,2,6165.0,60704,92374.0,460919,98.1
1153,Solapur,North,1,1,3536.0,43739,92374.0,460919,98.1
1154,Mumbai,East,1,1,1170.0,48972,581172.0,126846,80.14
1154,Nagpur,South,1,1,831.0,19550,581172.0,126846,80.14
1154,Nashik,South,1,2,2802.279986,22371,581172.0,126846,80.14
1154,Pune,East,1,2,1580.0,74018,581172.0,126846,80.14
1154,Pune,West,2,3,6184.0,65243,581172.0,126846,80.14
1154,Solapur,East,1,1,1239.0,28963,581172.0,126846,80.14
1154,Solapur,South,2,4,13635.0,120201,581172.0,126846,80.14
1154,Solapur,West,1,1,1566.0,26371,581172.0,126846,80.14
1155,Mumbai,East,1,1,1327.86907,22449,414034.0,271238,-17.98
1155,Mumbai,North,1,2,2455.0,75254,414034.0,271238,-17.98
1155,Nashik,West,1,1,4620.0,8610,414034.0,271238,-17.98
1155,Pune,East,1,2,4932.0,45802,414034.0,271238,-17.98
1155,Solapur,East,1,1,2203.0,18646,414034.0,271238,-17.98
1155,Solapur,North,2,2,5182.74234,69391,414034.0,271238,-17.98
1156,Mumbai,South,1,1,4409.405214,33565,138702.0,407721,50.56
1156,Mumbai,West,1,3,9518.0,81469,138702.0,407721,50.56
1156,Nagpur,West,1,2,1713.0,30061,138702.0,407721,50.56
1156,Nashik,South,1,1,558.0,48390,138702.0,407721,50.56
1156,Nashik,West,1,2,2088.941677,64695,138702.0,407721,50.56
1156,Pune,East,1,2,6533.0,31405,138702.0,407721,50.56
1156,Pune,South,1,1,184.0,24268,138702.0,407721,50.56
1156,Solapur,North,2,3,5945.0,118257,138702.0,407721,50.56
1156,Solapur,South,1,1,2312.0,48269,138702.0,407721,50.56
1157,Kolhapur,North,2,5,10942.411812,143859,,154403,21.3
1157,Kolhapur,West,1,1,4932.0,16664,,154403,21.3
1157,Mumbai,East,1,2,5890.0,57920,,154403,21.3
1157,Mumbai,West,1,2,2714.0,50624,,154403,21.3
1157,Nashik,West,1,1,2486.0,14999,,154403,21.3
1158,Kolhapur,North,1,1,1394.0,32026,290733.0,485981,4.16
1158,Mumbai,East,1,1,1126.0,49684,290733.0,485981,4.16
1158,Nashik,East,1,3,7522.0,113295,290733.0,485981,4.16
1158,Nashik,North,1,1,4360.0,27615,290733.0,485981,4.16
1158,Solapur,West,1,2,5191.0,23083,290733.0,485981,4.16
1159,Kolhapur,East,1,2,7742.0,33520,643809.0,21990,2.75
1159,Nagpur,East,1,3,11259.0,76089,643809.0,21990,2.75
1159,Nagpur,North,2,2,4764.0,49318,643809.0,21990,2.75
1159,Nagpur,South,1,1,4007.0,37275,643809.0,21990,2.75
1159,Nashik,East,1,1,747.0,10202,643809.0,21990,2.75
1159,Pune,East,1,2,3583.8259002,27574,643809.0,21990,2.75
1159,Solapur,North,1,1,4412.0,22077,643809.0,21990,2.75
1160,Nagpur,East,1,1,135.0,3241,312585.0,266325,-25.59
1160,Nagpur,North,1,1,2351.0,13420,312585.0,266325,-25.59
1160,Pune,East,2,5,15076.0,157727,312585.0,266325,-25.59
1160,Solapur,North,1,1,3615.0,24272,312585.0,266325,-25.59
1161,Nagpur,North,1,2,8977.0,48635,815775.0,23574,18.65
1161,Pune,North,1,1,4138.0,29581,815775.0,23574,18.65
1161,Solapur,South,1,2,5989.0,54544,815775.0,23574,18.65
1162,Mumbai,West,1,1,489.0,41497,505660.0,216164,39.35
1162,Nagpur,North,1,2,5319.0,69076,505660.0,216164,39.35
1162,Nashik,East,1,2,9444.0,39381,505660.0,216164,39.35
1162,Pune,West,1,2,3413.0,13962,505660.0,216164,39.35
1163,Kolhapur,East,1,1,4469.0,21542,144833.0,61565,69.75
1163,Nashik,East,1,1,2593.0,39616,144833.0,61565,69.75
1163,Nashik,West,1,1,2842.0,2438,144833.0,61565,69.75
1163,Solapur,South,1,1,500.0,16171,144833.0,61565,69.75
1164,Kolhapur,East,1,1,665.0,10763,975264.0,115810,-6.68
1164,Mumbai,North,1,1,2925.0,46038,975264.0,115810,-6.68
1164,Nashik,East,1,1,3548.0,46823,975264.0,115810,-6.68
1164,Pune,East,1,1,4721.0,13293,975264.0,115810,-6.68
1164,Pune,North,1,2,1854.0,88016,975264.0,115810,-6.68
1164,Solapur,North,1,2,2244.0,51754,975264.0,115810,-6.68
1165,Kolhapur,South,1,3,6539.717137,98046,339712.0,287127,66.07
1165,Mumbai,East,1,2,3731.0,34623,339712.0,287127,66.07
1165,Mumbai,North,1,2,4629.0,53004,339712.0,287127,66.07
1165,Nagpur,South,1,1,1396.0,30397,339712.0,287127,66.07
1165,Nagpur,West,2,2,3077.0,19131,339712.0,287127,66.07
1166,Nagpur,East,1,1,4242.0,37986,744810.0,50143,33.07
1166,Nashik,North,2,2,5744.0,83911,744810.0,50143,33.07
1166,Pune,East,1,1,3676.0,25885,744810.0,50143,33.07
1166,Pune,South,1,3,5122.0,76659,744810.0,50143,33.07
1167,Kolhapur,East,1,3,6435.0,56168,108475.0,165270,-11.29
1167,Nagpur,South,1,2,3132.0,40909,108475.0,165270,-11.29
1167,Nagpur,West,1,1,370.0,23309,108475.0,165270,-11.29
1167,Pune,East,2,4,8662.0,104611,108475.0,165270,-11.29
1167,Solapur,North,1,2,4830.0,85845,108475.0,165270,-11.29
1168,Nagpur,North,1,1,3420.0,25405,752153.0,249575,68.05
1168,Pune,East,1,2,3954.0,60430,752153.0,249575,68.05
1168,Pune,North,1,3,5784.0,77434,752153.0,249575,68.05
1168,Pune,South,1,2,3550.0,62355,752153.0,249575,68.05
1168,Pune,West,1,2,5066.0,62350,752153.0,249575,68.05
1169,Mumbai,East,1,1,3298.0,37063,840077.0,69074,40.43
1169,Mumbai,South,1,3,9442.0,98283,840077.0,69074,40.43
1169,Nagpur,North,1,1,4285.0,2427,840077.0,69074,40.43
1170,Kolhapur,West,1,1,2379.0,10547,635619.0,440243,93.23
1170,Mumbai,East,1,3,6436.0,102173,635619.0,440243,93.23
1170,Mumbai,North,1,2,6876.0,61989,635619.0,440243,93.23
1170,Solapur,South,2,4,11171.0,106763,635619.0,440243,93.23
1171,Kolhapur,North,1,1,1381.0,1664,242767.0,323391,-6.74
1171,Mumbai,South,1,2,8819.0,73412,242767.0,323391,-6.74
1171,Mumbai,West,1,1,2462.0,35498,242767.0,323391,-6.74
1171,Nashik,East,1,1,1213.0,27542,242767.0,323391,-6.74
1171,Nashik,South,1,3,11946.0,64227,242767.0,323391,-6.74
1172,Kolhapur,North,1,2,7482.0,67784,635646.0,439728,95.97
1172,Mumbai,East,1,2,7941.0,48034,635646.0,439728,95.97
1172,Mumbai,North,1,1,1988.0,16522,635646.0,439728,95.97
1172,Mumbai,West,2,3,7814.0,90137,635646.0,439728,95.97
1172,Solapur,West,1,2,5299.0,24202,635646.0,439728,95.97
1173,Kolhapur,South,1,2,5364.500298999999,62641,636516.0,113167,33.33
1173,Mumbai,South,1,1,4475.0,17630,636516.0,113167,33.33
1173,Nagpur,West,1,1,3697.0,6449,636516.0,113167,33.33
1173,Nashik,East,1,2,6172.0,55663,636516.0,113167,33.33
1173,Nashik,South,1,3,7478.0,65820,636516.0,113167,33.33
1173,Nashik,West,2,4,13555.0,163684,636516.0,113167,33.33
1173,Solapur,East,1,2,4949.0,21924,636516.0,113167,33.33
1174,Kolhapur,South,1,2,6701.0,71401,613918.0,190021,18.22
1174,Mumbai,North,1,2,4560.0,49407,613918.0,190021,18.22
1174,Mumbai,South,1,2,2714.0,68943,613918.0,190021,18.22
1174,Mumbai,West,1,1,162.5648991,34281,613918.0,190021,18.22
1174,Pune,South,1,1,4560.0,7521,613918.0,190021,18.22
1174,Pune,West,2,5,12100.0,166732,613918.0,190021,18.22
1175,Kolhapur,East,2,3,10040.0,75057,340442.0,397213,81.24
1175,Mumbai,North,1,2,7807.0,84255,340442.0,397213,81.24
1175,Pune,East,1,3,9806.0,33297,340442.0,397213,81.24
1175,Solapur,South,1,1,1483.0,43982,340442.0,397213,81.24
1176,Kolhapur,North,1,1,2413.0,47127,,448247,-26.32
1176,Mumbai,South,1,1,4091.0,30557,,448247,-26.32
1176,Nashik,East,1,2,8655.0,71905,,448247,-26.32
1176,Pune,North,1,1,1507.0,37686,,448247,-26.32
1176,Pune,West,1,3,13878.0,84263,,448247,-26.32
1177,Kolhapur,East,1,2,4059.0,13743,596317.0,74584,19.3
1177,Kolhapur,North,1,1,3785.0,4501,596317.0,74584,19.3
1177,Nashik,East,2,4,4501.2069699,121044,596317.0,74584,19.3
1177,Nashik,North,1,3,5328.0,88591,596317.0,74584,19.3
1177,Nashik,West,1,1,4141.0,12591,596317.0,74584,19.3
1177,Solapur,South,2,3,4936.2274689999995,77051,596317.0,74584,19.3
1178,Nagpur,East,1,4,11272.0,126391,728072.0,294584,-31.18
1178,Nagpur,North,2,3,7922.0,102582,728072.0,294584,-31.18
1178,Nagpur,West,1,1,2176.0,13292,728072.0,294584,-31.18
1178,Pune,East,1,2,2877.0,8403,728072.0,294584,-31.18
1178,Pune,North,1,2,6869.0,22823,728072.0,294584,-31.18
1178,Solapur,East,1,3,6103.0,63834,728072.0,294584,-31.18
1178,Solapur,West,2,2,4943.568451,84610,728072.0,294584,-31.18
1179,Kolhapur,South,1,1,256.0,5128,519356.0,139025,41.98
1179,Kolhapur,West,1,1,3014.0,21662,519356.0,139025,41.98
1179,Mumbai,East,1,1,2975.0,46973,519356.0,139025,41.98
1179,Mumbai,South,2,4,15657.0,108382,519356.0,139025,41.98
1179,Nagpur,East,2,2,6707.0,67426,519356.0,139025,41.98
1179,Nagpur,North,1,1,3832.0,43024,519356.0,139025,41.98
1179,Nashik,North,1,1,244.0,8063,519356.0,139025,41.98
1179,Nashik,West,1,3,3806.3943367,85640,519356.0,139025,41.98
1179,Pune,North,1,3,10591.0,58211,519356.0,139025,41.98
1180,Kolhapur,North,1,1,4962.410891,42883,212159.0,118613,-43.63
1180,Kolhapur,West,1,1,4342.0,20190,212159.0,118613,-43.63
1180,Mumbai,South,1,2,7846.0,35746,212159.0,118613,-43.63
1180,Nagpur,North,1,3,9027.0,59140,212159.0,118613,-43.63
1180,Nagpur,South,2,2,3584.0,41846,212159.0,118613,-43.63
1180,Nagpur,West,1,1,419.0,42104,212159.0,118613,-43.63
1180,Nashik,North,1,1,1648.0,2159,212159.0,118613,-43.63
1180,Solapur,South,1,1,1060.0,10106,212159.0,118613,-43.63
1180,Solapur,West,1,1,169.0,40566,212159.0,118613,-43.63
1181,Kolhapur,East,1,2,8674.0,40749,,291527,97.03
1181,Mumbai,South,1,2,3702.0,65659,,291527,97.03
1181,Mumbai,West,1,1,2769.0,39375,,291527,97.03
1181,Nashik,South,2,4,8358.0,110251,,291527,97.03
1182,Mumbai,North,1,1,4867.0,46143,708095.0,348010,-48.78
1182,Mumbai,South,1,1,4174.0,4487,708095.0,348010,-48.78
1182,Nashik,East,1,2,7702.0,54704,708095.0,348010,-48.78
1182,Nashik,West,1,1,177.0,31324,708095.0,348010,-48.78
1182,Pune,East,1,1,2856.0,18895,708095.0,348010,-48.78
1182,Pune,North,2,2,2593.389489,56455,708095.0,348010,-48.78
1182,Solapur,West,2,5,14196.0,80247,708095.0,348010,-48.78
1183,Mumbai,North,1,1,165.0,34000,786328.0,298745,89.83
1183,Nagpur,South,1,3,4248.0,70555,786328.0,298745,89.83
1183,Nagpur,West,1,1,1637.0,11914,786328.0,298745,89.83
1183,Nashik,West,1,1,2627.0,19252,786328.0,298745,89.83
1183,Pune,North,1,3,8642.0,78766,786328.0,298745,89.83
1184,Kolhapur,East,1,2,7875.0,53471,291516.0,81564,46.63
1184,Kolhapur,North,2,2,3916.0,72951,291516.0,81564,46.63
1184,Nagpur,West,1,1,2704.267768,3036,291516.0,81564,46.63
1184,Nashik,North,1,2,6746.0,49887,291516.0,81564,46.63
1184,Nashik,West,1,3,7029.0,94418,291516.0,81564,46.63
1184,Solapur,West,1,1,4411.0,4778,291516.0,81564,46.63
1185,Kolhapur,East,1,2,1337.0,69653,814269.0,163240,73.41
1185,Kolhapur,West,1,1,313.0,28491,814269.0,163240,73.41
1185,Mumbai,East,1,3,9397.0,88671,814269.0,163240,73.41
1185,Nagpur,East,1,1,935.0,20035,814269.0,163240,73.41
1185,Nagpur,North,1,2,4569.0,62014,814269.0,163240,73.41
1185,Pune,West,1,1,1246.0,24098,814269.0,163240,73.41
1185,Solapur,West,1,3,4555.0,51195,814269.0,163240,73.41
1186,Kolhapur,East,1,1,352.0,37154,150509.0,337315,3.72
1186,Mumbai,North,1,2,5214.0,29717,150509.0,337315,3.72
1186,Nagpur,North,1,1,4414.0,13185,150509.0,337315,3.72
1186,Nagpur,South,1,1,728.0,37458,150509.0,337315,3.72
1186,Pune,East,2,4,7395.0,103143,150509.0,337315,3.72
1186,Pune,South,1,1,3045.0,20251,150509.0,337315,3.72
1187,Kolhapur,North,1,2,6127.0,53301,502494.0,391351,-13.4
1187,Nagpur,North,1,1,539.0,34588,502494.0,391351,-13.4
1187,Nashik,North,1,2,2036.0,28278,502494.0,391351,-13.4
1187,Nashik,West,1,3,4853.016302,44744,502494.0,391351,-13.4
1188,Nagpur,East,1,2,5951.0,60173,295840.0,253739,-24.03
1188,Nagpur,North,1,2,8341.0,49596,295840.0,253739,-24.03
1188,Nagpur,South,2,5,11791.186563,89881,295840.0,253739,-24.03
1188,Nagpur,West,1,2,3226.0,49908,295840.0,253739,-24.03
1188,Solapur,North,1,1,1217.0,5360,295840.0,253739,-24.03
1188,Solapur,South,1,2,5997.0,57703,295840.0,253739,-24.03
1189,Nashik,West,1,1,4185.0,46133,91013.0,229704,29.68
1189,Solapur,West,1,2,5667.0,66100,91013.0,229704,29.68
1190,Kolhapur,West,1,1,2773.0,46807,945199.0,479231,-10.01
1190,Mumbai,North,1,3,9704.0,86812,945199.0,479231,-10.01
1190,Nagpur,North,1,1,3542.0,38596,945199.0,479231,-10.01
1190,Nagpur,South,1,3,5909.0,83140,945199.0,479231,-10.01
1190,Nashik,East,1,1,2836.0,3370,945199.0,479231,-10.01
1190,Nashik,South,1,1,237.0,39008,945199.0,479231,-10.01
1190,Pune,East,1,1,239.0,18652,945199.0,479231,-10.01
1190,Pune,South,1,1,1569.0,2597,945199.0,479231,-10.01
1191,Nashik,West,1,1,841.0,29495,654064.0,322440,82.02
1191,Pune,North,1,1,3067.0,2003,654064.0,322440,82.02
1192,Kolhapur,West,2,2,3540.0,28475,740959.0,300688,-45.51
1192,Pune,North,1,1,2654.5809,30779,740959.0,300688,-45.51
1192,Solapur,East,1,1,467.0,30133,740959.0,300688,-45.51
1193,Kolhapur,North,1,1,1623.0,30185,350370.0,360843,-37.32
1193,Kolhapur,South,1,2,7106.0,43521,350370.0,360843,-37.32
1193,Mumbai,North,1,4,12350.0,98306,350370.0,360843,-37.32
1193,Nagpur,North,1,1,3966.0,7967,350370.0,360843,-37.32
1193,Nashik,North,3,4,15606.0,142958,350370.0,360843,-37.32
1193,Nashik,West,1,2,5626.0,46986,350370.0,360843,-37.32
1194,Kolhapur,East,1,1,1987.0,3345,739970.0,374694,-17.63
1194,Mumbai,South,1,1,1460.635949,5408,739970.0,374694,-17.63
1194,Nagpur,North,2,3,5314.0,82651,739970.0,374694,-17.63
1195,Kolhapur,North,1,1,4452.0,49860,466824.0,140751,-37.65
1195,Nashik,East,1,1,545.0,47401,466824.0,140751,-37.65
1195,Nashik,North,1,2,7321.0,50635,466824.0,140751,-37.65
1195,Pune,East,1,1,3048.0,24843,466824.0,140751,-37.65
1195,Solapur,South,1,1,1415.0,39256,466824.0,140751,-37.65
1196,Kolhapur,North,1,2,8432.0,20383,219987.0,364854,74.2
1196,Mumbai,East,1,1,324.0,23168,219987.0,364854,74.2
1196,Mumbai,West,1,1,1605.0,18074,219987.0,364854,74.2
1196,Nagpur,North,1,1,4132.0,19950,219987.0,364854,74.2
1196,Nashik,East,1,1,1852.0,6376,219987.0,364854,74.2
1196,Nashik,South,1,1,1480.0,15030,219987.0,364854,74.2
1196,Nashik,West,1,2,6330.0,71735,219987.0,364854,74.2
1197,Nashik,North,1,4,5833.0,99900,96117.0,196719,-49.39
1197,Pune,North,1,1,5019.978661,6852,96117.0,196719,-49.39
1197,Pune,South,1,1,420.0,36410,96117.0,196719,-49.39
1197,Solapur,South,1,1,4979.0,32358,96117.0,196719,-49.39
1198,Mumbai,East,1,1,997.0,11014,364247.0,342435,47.75
1198,Pune,North,1,2,6696.0,38168,364247.0,342435,47.75
1198,Pune,West,1,1,2658.0,36954,364247.0,342435,47.75
1199,Kolhapur,East,1,1,4505.0,32179,982153.0,301969,18.32
1199,Nagpur,West,1,1,616.0,13146,982153.0,301969,18.32
1199,Nashik,North,1,1,3107.0,32957,982153.0,301969,18.32
1199,Pune,North,1,1,1079.0,23986,982153.0,301969,18.32
1199,Solapur,North,1,1,2377.0,30976,982153.0,301969,18.32
1199,Solapur,South,1,2,6799.0,57651,982153.0,301969,18.32
1200,Kolhapur,East,1,2,3098.608119,85034,,355163,65.91
1200,Nashik,North,2,2,5782.0,42911,,355163,65.91
1201,Kolhapur,East,1,1,1443.0,28044,711399.0,490593,11.56
1201,Nashik,South,1,1,878.0,9991,711399.0,490593,11.56
1201,Nashik,West,1,2,6751.0,58123,711399.0,490593,11.56
1201,Solapur,East,1,1,4675.0,48290,711399.0,490593,11.56
1202,Kolhapur,North,1,1,4260.0,22795,915310.0,112660,46.76
1202,Mumbai,East,1,4,6984.0,135046,915310.0,112660,46.76
1202,Mumbai,South,1,1,3894.0,30077,915310.0,112660,46.76
1202,Nagpur,West,1,1,2367.0,4687,915310.0,112660,46.76
1202,Solapur,East,1,3,12136.0,70275,915310.0,112660,46.76
1203,Nagpur,West,1,1,3425.0,26044,772682.0,286464,45.89
1203,Pune,South,1,3,7645.702261,102322,772682.0,286464,45.89
1203,Pune,West,1,1,4775.0,36944,772682.0,286464,45.89
1204,Mumbai,South,1,2,6084.0,39225,58188.0,494293,4.58
1204,Nagpur,South,1,1,3663.0,41434,58188.0,494293,4.58
1204,Nashik,West,1,1,3576.0,46786,58188.0,494293,4.58
1204,Pune,East,1,1,4987.0,5364,58188.0,494293,4.58
1204,Solapur,North,1,1,555.0,13975,58188.0,494293,4.58
1204,Solapur,South,1,2,6108.0,62947,58188.0,494293,4.58
1205,Mumbai,South,1,2,2374.0,60237,521444.0,86348,-32.87
1205,Nagpur,South,1,2,7379.0,51042,521444.0,86348,-32.87
1205,Solapur,North,1,1,1254.128883,48215,521444.0,86348,-32.87
1206,Kolhapur,South,1,2,5930.0,38328,498333.0,207373,14.95
1206,Kolhapur,West,2,4,10738.0,87246,498333.0,207373,14.95
1206,Mumbai,East,1,1,3788.0,36064,498333.0,207373,14.95
1206,Mumbai,South,1,1,3776.0,28914,498333.0,207373,14.95
1206,Mumbai,West,1,1,1744.0,1490,498333.0,207373,14.95
1206,Nagpur,East,2,2,1038.0,54569,498333.0,207373,14.95
1206,Nagpur,North,1,1,3081.0,10112,498333.0,207373,14.95
1206,Nagpur,South,1,1,2046.0,25973,498333.0,207373,14.95
1206,Nashik,West,1,1,2639.256382,39835,498333.0,207373,14.95
1207,Kolhapur,North,1,1,3541.0,30830,402838.0,129623,81.26
1207,Nagpur,North,3,4,10635.0,112272,402838.0,129623,81.26
1207,Nashik,East,1,1,1706.0,10212,402838.0,129623,81.26
1207,Pune,West,1,2,2074.0,57201,402838.0,129623,81.26
1207,Solapur,West,1,2,8709.0,47324,402838.0,129623,81.26
1208,Kolhapur,East,1,2,884.0,35231,774290.0,324621,69.46
1208,Mumbai,North,1,1,2535.0,23043,774290.0,324621,69.46
1208,Nagpur,East,1,1,4367.0,22351,774290.0,324621,69.46
1208,Nagpur,South,1,1,3121.0,14527,774290.0,324621,69.46
1208,Nashik,North,1,2,5317.0,50809,774290.0,324621,69.46
1208,Nashik,South,1,1,3425.0,38384,774290.0,324621,69.46
1208,Pune,West,1,1,2876.0,32557,774290.0,324621,69.46
1208,Solapur,East,1,1,726.0,46151,774290.0,324621,69.46
1208,Solapur,South,1,2,5276.0,27744,774290.0,324621,69.46
1209,Kolhapur,West,1,1,4539.0,9625,,95647,5.72
1209,Nashik,North,1,1,4688.0,8533,,95647,5.72
1209,Pune,East,1,2,5268.0,41586,,95647,5.72
1209,Pune,North,1,1,4508.0,28950,,95647,5.72
1209,Pune,South,1,2,2681.0,25233,,95647,5.72
1209,Solapur,North,1,1,3226.0,13888,,95647,5.72
1209,Solapur,West,1,1,297.0,6986,,95647,5.72
1210,Kolhapur,East,2,7,18174.0,136456,178363.0,164014,80.09
1210,Kolhapur,North,1,2,4907.0,86132,178363.0,164014,80.09
1210,Kolhapur,South,1,2,6672.849711,13015,178363.0,164014,80.09
1210,Mumbai,North,1,1,2618.0,49848,178363.0,164014,80.09
1210,Nashik,West,1,1,4690.0,43867,178363.0,164014,80.09
1210,Pune,South,2,2,5059.0,58171,178363.0,164014,80.09
1210,Solapur,North,1,2,6756.0,54989,178363.0,164014,80.09
1211,Mumbai,East,1,2,8082.0,31870,905634.0,215963,15.81
1211,Mumbai,North,1,1,4119.0,33303,905634.0,215963,15.81
1211,Nashik,East,2,3,6119.0,110142,905634.0,215963,15.81
1211,Nashik,West,2,5,11040.0,85144,905634.0,215963,15.81
1211,Solapur,North,1,1,3184.0,11970,905634.0,215963,15.81
1211,Solapur,South,1,1,3997.0,22685,905634.0,215963,15.81
1211,Solapur,West,1,1,2692.0,42307,905634.0,215963,15.81
1212,Mumbai,North,1,3,7081.0156992,97401,844764.0,436685,-20.56
1212,Mumbai,South,1,1,4599.0,4574,844764.0,436685,-20.56
1212,Nagpur,East,1,1,2430.0,7911,844764.0,436685,-20.56
1212,Nagpur,North,1,1,1097.0,36206,844764.0,436685,-20.56
1212,Nagpur,South,1,1,3293.0,30924,844764.0,436685,-20.56
1212,Nagpur,West,1,2,6247.0,60843,844764.0,436685,-20.56
1212,Nashik,North,2,2,5146.0,53694,844764.0,436685,-20.56
1212,Solapur,South,1,2,1799.0,44354,844764.0,436685,-20.56
1213,Kolhapur,West,2,3,4742.0,65740,580234.0,492210,79.6
1213,Mumbai,South,1,1,3559.0,1288,580234.0,492210,79.6
1213,Nagpur,East,1,1,1044.0,32102,580234.0,492210,79.6
1213,Nagpur,North,2,3,12912.0,99595,580234.0,492210,79.6
1213,Pune,West,1,3,7071.0,60058,580234.0,492210,79.6
1213,Solapur,North,1,3,8617.0,69032,580234.0,492210,79.6
1213,Solapur,West,1,3,13904.0,62456,580234.0,492210,79.6
1214,Mumbai,East,1,1,138.0,29253,891396.0,466522,24.05
1214,Nashik,East,1,1,2494.0,43285,891396.0,466522,24.05
1214,Nashik,West,2,2,4511.0,74790,891396.0,466522,24.05
1214,Pune,North,1,1,2745.0,4589,891396.0,466522,24.05
1214,Solapur,North,1,6,17644.0,132275,891396.0,466522,24.05
1215,Kolhapur,East,1,1,4857.0,29011,699446.0,482171,15.07
1215,Nagpur,East,1,1,403.0,28068,699446.0,482171,15.07
1215,Nagpur,North,1,4,11519.0,67959,699446.0,482171,15.07
1215,Nashik,North,1,2,5430.0,79840,699446.0,482171,15.07
1215,Nashik,South,1,1,906.0,16080,699446.0,482171,15.07
1215,Nashik,West,1,1,206.0,28228,699446.0,482171,15.07
1215,Pune,South,1,1,2990.0,36718,699446.0,482171,15.07
1215,Solapur,East,1,1,1937.0,15751,699446.0,482171,15.07
1215,Solapur,South,2,2,7674.0,72585,699446.0,482171,15.07
1215,Solapur,West,1,1,2578.0,34264,699446.0,482171,15.07
1216,Kolhapur,South,1,1,4354.0,27731,841077.0,422714,-14.76
1216,Kolhapur,West,1,2,7253.0,34768,841077.0,422714,-14.76
1216,Mumbai,West,1,1,1172.0,49732,841077.0,422714,-14.76
1216,Nashik,East,2,4,6515.0,121073,841077.0,422714,-14.76
1216,Pune,West,1,1,4540.0,3349,841077.0,422714,-14.76
1216,Solapur,East,1,2,6455.0,74252,841077.0,422714,-14.76
1217,Mumbai,North,1,2,4266.0,30750,894540.0,488439,64.69
1217,Nagpur,North,1,2,1956.0,28750,894540.0,488439,64.69
1217,Solapur,West,1,1,2507.0,27877,894540.0,488439,64.69
1218,Kolhapur,South,2,2,5846.0,45718,519640.0,112598,32.53
1218,Mumbai,East,1,1,3497.0,14848,519640.0,112598,32.53
1218,Mumbai,South,1,2,5350.0,43864,519640.0,112598,32.53
1218,Nashik,East,1,3,9372.0,59984,519640.0,112598,32.53
1218,Pune,East,1,2,9527.0,31083,519640.0,112598,32.53
1218,Pune,West,2,5,17036.0,122413,519640.0,112598,32.53
1218,Solapur,South,1,2,7032.0,58465,519640.0,112598,32.53
1219,Kolhapur,North,1,1,2012.0,33572,578852.0,182486,-18.9
1219,Kolhapur,South,1,1,1507.0,33115,578852.0,182486,-18.9
1219,Mumbai,North,1,2,7327.0,43090,578852.0,182486,-18.9
1219,Mumbai,West,1,1,1615.0,8286,578852.0,182486,-18.9
1219,Nagpur,North,2,2,6557.0,30902,578852.0,182486,-18.9
1219,Nashik,South,1,1,4275.0,2862,578852.0,182486,-18.9
1219,Nashik,West,1,2,1510.0,43044,578852.0,182486,-18.9
1219,Solapur,South,1,2,5848.0,27367,578852.0,182486,-18.9
1220,Kolhapur,East,1,2,3973.0,60709,118288.0,152324,-11.1
1220,Kolhapur,South,1,2,6895.0,31873,118288.0,152324,-11.1
1220,Mumbai,South,1,1,535.0,39309,118288.0,152324,-11.1
1220,Nashik,North,1,2,7492.0,23692,118288.0,152324,-11.1
1220,Nashik,West,2,3,7244.0,106029,118288.0,152324,-11.1
1220,Pune,East,2,2,5647.0,57672,118288.0,152324,-11.1
1220,Pune,North,1,2,5803.0,26275,118288.0,152324,-11.1
1220,Pune,South,1,2,5834.0,53919,118288.0,152324,-11.1
1221,Kolhapur,South,1,1,465.0,10834,,282585,7.37
1221,Pune,South,1,1,1826.0,16133,,282585,7.37
1221,Solapur,South,1,2,6064.0,54843,,282585,7.37
1221,Solapur,West,1,4,11307.0,144783,,282585,7.37
1222,Mumbai,East,1,1,424.0,36861,726501.0,176722,30.15
1222,Nagpur,East,1,2,8857.0,62590,726501.0,176722,30.15
1222,Nashik,South,1,1,2543.0,37288,726501.0,176722,30.15
1222,Pune,East,1,1,3579.0,40160,726501.0,176722,30.15
1223,Kolhapur,South,1,2,4297.0,6400,297321.0,143804,70.78
1223,Mumbai,West,1,1,884.0009158,41334,297321.0,143804,70.78
1223,Nashik,West,1,3,8790.0,124637,297321.0,143804,70.78
1223,Pune,North,1,4,4391.0,110139,297321.0,143804,70.78
1223,Pune,South,1,1,1017.0,34849,297321.0,143804,70.78
1223,Solapur,East,1,1,2781.0,37442,297321.0,143804,70.78
1224,Kolhapur,West,1,1,4094.0,38055,472462.0,274775,-18.91
1224,Nagpur,East,1,1,2151.0,24887,472462.0,274775,-18.91
1224,Nagpur,South,1,1,3103.0,27928,472462.0,274775,-18.91
1224,Nashik,East,1,2,7210.0,68709,472462.0,274775,-18.91
1224,Pune,East,2,3,9151.0,26300,472462.0,274775,-18.91
1224,Pune,West,2,5,7824.0,120021,472462.0,274775,-18.91
1224,Solapur,East,2,5,9030.424744,134125,472462.0,274775,-18.91
1224,Solapur,North,1,3,10135.0,73431,472462.0,274775,-18.91
1224,Solapur,West,1,3,7665.0,50767,472462.0,274775,-18.91
1225,Kolhapur,East,1,1,1636.0,29889,153515.0,436734,60.79
1225,Nagpur,West,1,1,4972.0,20287,153515.0,436734,60.79
1226,Mumbai,East,1,2,5678.58815,14479,404512.0,314309,87.43
1226,Mumbai,North,1,2,5798.0,54439,404512.0,314309,87.43
1226,Nagpur,South,1,1,3679.0,20275,404512.0,314309,87.43
1226,Pune,East,1,2,6607.0,74405,404512.0,314309,87.43
1226,Pune,South,1,2,897.0,55222,404512.0,314309,87.43
1226,Solapur,South,1,1,793.0,35212,404512.0,314309,87.43
1227,Mumbai,South,1,3,2304.7588143000003,42927,990092.0,239838,9.35
1227,Nashik,North,1,1,664.0,33559,990092.0,239838,9.35
1227,Pune,East,1,1,4181.0,34921,990092.0,239838,9.35
1227,Solapur,East,1,1,3373.0,26390,990092.0,239838,9.35
1227,Solapur,West,1,1,2279.0,21656,990092.0,239838,9.35
1228,Nashik,East,1,2,5675.0,70707,111240.0,233346,4.87
1228,Pune,North,1,1,3368.0,45392,111240.0,233346,4.87
1228,Pune,South,1,2,4831.327397999999,40708,111240.0,233346,4.87
1229,Mumbai,East,1,1,4780.0,24232,832356.0,101213,21.66
1229,Mumbai,West,1,1,4948.0,26017,832356.0,101213,21.66
1229,Nagpur,East,1,2,2955.0,59430,832356.0,101213,21.66
1229,Nagpur,South,1,1,4815.0,36219,832356.0,101213,21.66
1229,Nashik,North,2,3,6987.0,33991,832356.0,101213,21.66
1229,Nashik,South,1,3,7597.0,103270,832356.0,101213,21.66
1229,Nashik,West,1,1,2421.0,7850,832356.0,101213,21.66
1229,Pune,North,1,1,2922.0,19184,832356.0,101213,21.66
1229,Pune,South,1,1,2064.0,17038,832356.0,101213,21.66
1229,Pune,West,1,1,2930.0,21732,832356.0,101213,21.66
1229,Solapur,North,1,3,7564.0,66108,832356.0,101213,21.66
1229,Solapur,South,1,3,7774.0,87363,832356.0,101213,21.66
1230,Kolhapur,South,1,1,1909.0,15726,456619.0,216028,72.57
1230,Nashik,South,1,1,3132.0,11735,456619.0,216028,72.57
1230,Nashik,West,1,2,4913.0,63711,456619.0,216028,72.57
1230,Pune,East,1,1,1398.0,6471,456619.0,216028,72.57
1230,Pune,West,1,2,1650.0,56103,456619.0,216028,72.57
1230,Solapur,South,1,1,514.0,28644,456619.0,216028,72.57
1231,Kolhapur,North,1,1,3363.0,5666,354977.0,429650,-36.12
1231,Mumbai,East,1,3,6302.0,54355,354977.0,429650,-36.12
1231,Nagpur,North,2,4,13395.0,84876,354977.0,429650,-36.12
1231,Nashik,West,1,2,7232.0,68353,354977.0,429650,-36.12
1231,Pune,North,1,1,3850.0,40229,354977.0,429650,-36.12
1231,Solapur,West,1,1,1934.0,33675,354977.0,429650,-36.12
1232,Kolhapur,East,1,1,929.0,46326,192880.0,448885,8.09
1232,Kolhapur,North,1,2,3135.611477,60066,192880.0,448885,8.09
1232,Kolhapur,South,1,2,6924.0,76927,192880.0,448885,8.09
1232,Mumbai,East,1,1,4751.0,33208,192880.0,448885,8.09
1232,Mumbai,West,1,2,6190.0,43202,192880.0,448885,8.09
1232,Nashik,South,1,1,259.0,22760,192880.0,448885,8.09
1232,Nashik,West,1,2,6044.901653,19129,192880.0,448885,8.09
1232,Solapur,East,2,2,1710.0,42916,192880.0,448885,8.09
1232,Solapur,South,1,1,937.0,38877,192880.0,448885,8.09
1233,Kolhapur,East,1,1,400.0,9290,324268.0,395718,-45.6
1233,Kolhapur,West,1,1,612.0,30513,324268.0,395718,-45.6
1233,Mumbai,North,1,1,1190.0,33787,324268.0,395718,-45.6
1233,Mumbai,West,2,2,2447.0,36318,324268.0,395718,-45.6
1233,Nagpur,North,1,1,1388.0,27597,324268.0,395718,-45.6
1233,Nashik,South,1,3,6363.0,18251,324268.0,395718,-45.6
1234,Mumbai,North,1,2,3044.0,43873,356398.0,134943,27.68
1234,Mumbai,West,2,2,9594.0,52891,356398.0,134943,27.68
1234,Nagpur,North,2,2,6737.0,11555,356398.0,134943,27.68
1234,Nagpur,West,1,2,5189.072169,33979,356398.0,134943,27.68
1234,Solapur,North,1,1,3294.0,29776,356398.0,134943,27.68
1235,Mumbai,North,1,1,4851.0,47257,187739.0,270092,91.62
1235,Nashik,North,1,2,5335.0,59235,187739.0,270092,91.62
1235,Pune,North,1,1,1738.0,1138,187739.0,270092,91.62
1235,Solapur,South,1,2,1526.0,52122,187739.0,270092,91.62
1236,Kolhapur,North,1,2,2882.0,60275,260933.0,154884,-25.96
1236,Mumbai,West,1,1,3948.0,42525,260933.0,154884,-25.96
1236,Nagpur,South,1,1,4535.0,17184,260933.0,154884,-25.96
1236,Nashik,East,1,1,3132.0,37845,260933.0,154884,-25.96
1236,Pune,North,1,1,3163.0,37868,260933.0,154884,-25.96
1237,Kolhapur,North,1,1,4670.0,37023,124042.0,193523,-11.69
1237,Mumbai,North,1,3,6415.733168,65171,124042.0,193523,-11.69
1237,Mumbai,West,1,1,2139.0,44938,124042.0,193523,-11.69
1237,Nashik,South,1,2,3228.0,32010,124042.0,193523,-11.69
1237,Solapur,North,1,1,4319.0,34848,124042.0,193523,-11.69
1238,Nashik,North,1,3,8200.0,58342,242557.0,476912,54.84
1238,Pune,South,1,2,3362.0,59429,242557.0,476912,54.84
1238,Pune,West,1,1,2196.0,14682,242557.0,476912,54.84
1238,Solapur,East,2,4,5493.7471976,94966,242557.0,476912,54.84
1239,Mumbai,South,2,2,755.0,69000,888354.0,247414,53.58
1239,Nashik,North,2,2,3498.0,27695,888354.0,247414,53.58
1239,Nashik,West,1,1,3801.0,47912,888354.0,247414,53.58
1239,Pune,North,1,1,2164.0,16153,888354.0,247414,53.58
1239,Pune,South,1,1,225.140135,30139,888354.0,247414,53.58
1239,Pune,West,1,3,6666.0,59898,888354.0,247414,53.58
1239,Solapur,East,1,1,4429.0,6660,888354.0,247414,53.58
1239,Solapur,North,1,2,6193.0,50923,888354.0,247414,53.58
1240,Kolhapur,West,1,2,4955.0,72043,82224.0,86131,39.51
1240,Mumbai,West,1,1,4622.0,44609,82224.0,86131,39.51
1240,Nagpur,West,1,3,9561.0,56443,82224.0,86131,39.51
1240,Pune,West,1,1,4912.0,25941,82224.0,86131,39.51
1240,Solapur,East,1,1,2565.0,40141,82224.0,86131,39.51
1241,Kolhapur,North,1,2,3270.0,22430,334277.0,234837,-13.74
1241,Kolhapur,South,1,1,2367.0,45420,334277.0,234837,-13.74
1241,Nashik,East,1,2,4071.0,63681,334277.0,234837,-13.74
1241,Pune,East,2,3,6135.0,86153,334277.0,234837,-13.74
1242,Kolhapur,West,1,2,2624.0,84075,77741.0,203843,-40.02
1242,Mumbai,North,1,3,10546.0,90008,77741.0,203843,-40.02
1242,Nagpur,North,1,1,1312.0,18438,77741.0,203843,-40.02
1242,Nagpur,South,1,2,6267.0,32996,77741.0,203843,-40.02
1242,Nashik,West,1,1,654.0,19994,77741.0,203843,-40.02
1242,Solapur,East,1,2,6052.383381,57962,77741.0,203843,-40.02
1242,Solapur,West,1,1,3165.0,19585,77741.0,203843,-40.02
1243,Kolhapur,North,1,1,1796.0,43321,116821.0,332210,-16.66
1243,Mumbai,East,1,2,7222.0,69166,116821.0,332210,-16.66
1243,Mumbai,North,1,1,2986.0,11937,116821.0,332210,-16.66
1243,Mumbai,West,1,2,3905.0,47459,116821.0,332210,-16.66
1243,Nagpur,North,1,1,2802.0,28137,116821.0,332210,-16.66
1243,Nashik,East,1,1,2141.613215,42888,116821.0,332210,-16.66
1243,Solapur,East,1,1,3880.0,37867,116821.0,332210,-16.66
1243,Solapur,South,1,1,1051.0,22326,116821.0,332210,-16.66
1244,Mumbai,South,1,2,4141.0,55139,678627.0,321507,45.86
1244,Nagpur,West,1,1,4440.0,44773,678627.0,321507,45.86
1244,Nashik,East,1,1,1993.287327,36951,678627.0,321507,45.86
1244,Nashik,North,3,4,9901.107381,72414,678627.0,321507,45.86
1244,Solapur,North,1,1,3253.0,34417,678627.0,321507,45.86
1245,Kolhapur,South,1,3,8171.0,114651,695024.0,196918,-5.56
1245,Kolhapur,West,1,1,2377.0,39524,695024.0,196918,-5.56
1245,Mumbai,East,1,1,4636.0,2776,695024.0,196918,-5.56
1245,Mumbai,West,1,1,1700.0,9030,695024.0,196918,-5.56
1245,Nashik,East,1,1,2015.0,20802,695024.0,196918,-5.56
1245,Pune,East,1,1,3787.0,17637,695024.0,196918,-5.56
1245,Pune,North,2,3,9351.0,113524,695024.0,196918,-5.56
1245,Solapur,West,1,1,671.1084684,2961,695024.0,196918,-5.56
1246,Kolhapur,East,1,1,933.0,6185,325740.0,136796,76.26
1246,Mumbai,West,1,1,125.0,11949,325740.0,136796,76.26
1246,Nagpur,East,1,2,6951.0,48033,325740.0,136796,76.26
1246,Nashik,North,1,1,1023.0,17069,325740.0,136796,76.26
1246,Nashik,South,1,1,4630.0,35932,325740.0,136796,76.26
1246,Pune,East,2,5,12295.0,159599,325740.0,136796,76.26
1246,Solapur,South,1,1,4958.0,33136,325740.0,136796,76.26
1246,Solapur,West,1,1,819.0,7651,325740.0,136796,76.26
1247,Mumbai,West,1,1,1750.0,16520,457796.0,462368,42.44
1247,Nashik,East,1,1,1889.0,14412,457796.0,462368,42.44
1247,Nashik,North,1,1,1888.0,32443,457796.0,462368,42.44
1247,Pune,East,1,3,12425.0,42383,457796.0,462368,42.44
1247,Solapur,South,1,2,5745.0,93349,457796.0,462368,42.44
1247,Solapur,West,1,1,2399.0,36510,457796.0,462368,42.44
1248,Kolhapur,North,1,3,8351.0,46988,,59554,-42.5
1248,Nashik,East,2,2,5237.0,32785,,59554,-42.5
1248,Nashik,West,1,2,7525.0,74177,,59554,-42.5
1248,Pune,East,1,2,9411.0,12799,,59554,-42.5
1248,Solapur,East,1,1,2637.0,38073,,59554,-42.5
1248,Solapur,West,1,1,4281.0,22456,,59554,-42.5
1249,Kolhapur,North,1,1,2723.0,46034,498436.0,187599,-36.77
1249,Mumbai,North,2,4,10865.062962,114698,498436.0,187599,-36.77
1249,Mumbai,West,2,2,5234.0,46936,498436.0,187599,-36.77
1249,Nagpur,East,1,1,4963.0,23702,498436.0,187599,-36.77
1249,Nashik,East,1,2,6770.0,16433,498436.0,187599,-36.77
1249,Nashik,West,1,2,6513.0,56554,498436.0,187599,-36.77
1250,Mumbai,East,1,1,888.0,11218,366272.0,145010,-7.91
1250,Mumbai,West,1,1,519.0,8694,366272.0,145010,-7.91
1250,Pune,South,1,4,10130.0,101631,366272.0,145010,-7.91
1251,Kolhapur,West,2,4,10477.0,165342,912370.0,319590,36.04
1251,Mumbai,North,1,1,4941.0,25554,912370.0,319590,36.04
1251,Nagpur,South,1,1,380.0,31794,912370.0,319590,36.04
1251,Nashik,West,1,1,1023.0,34180,912370.0,319590,36.04
1251,Pune,West,1,1,1997.0,12019,912370.0,319590,36.04
1251,Solapur,North,1,3,8228.506202,117081,912370.0,319590,36.04
1252,Kolhapur,East,1,2,4321.217574,52819,194921.0,53263,90.53
1252,Pune,North,1,1,2093.0,9658,194921.0,53263,90.53
1253,Kolhapur,East,1,1,4705.0,27844,553062.0,309277,-34.51
1253,Mumbai,East,1,3,4743.0,82184,553062.0,309277,-34.51
1253,Nashik,East,1,1,1175.0,36344,553062.0,309277,-34.51
1253,Pune,East,1,2,6314.0,80085,553062.0,309277,-34.51
1254,Kolhapur,North,1,1,768.0,47385,895220.0,339150,74.6
1254,Nagpur,North,1,1,2329.0,43809,895220.0,339150,74.6
1254,Nagpur,West,1,3,6617.0,120928,895220.0,339150,74.6
1254,Solapur,West,1,1,3240.0,47291,895220.0,339150,74.6
1255,Kolhapur,South,1,2,3242.0,67229,851690.0,146308,35.92
1255,Mumbai,East,1,4,5931.0,90344,851690.0,146308,35.92
1255,Nagpur,North,1,1,1229.0,38026,851690.0,146308,35.92
1255,Nashik,North,1,3,2410.379178,86252,851690.0,146308,35.92
1255,Pune,South,1,1,4629.0,20218,851690.0,146308,35.92
1255,Solapur,South,2,2,8798.0,67622,851690.0,146308,35.92
1256,Mumbai,East,1,2,3108.7934960000002,61760,696063.0,496671,4.59
1256,Mumbai,North,1,2,4423.061427000001,71211,696063.0,496671,4.59
1256,Pune,South,1,2,1763.6655066,54585,696063.0,496671,4.59
1257,Kolhapur,North,1,1,3048.0,6130,393190.0,88843,46.44
1257,Kolhapur,South,1,1,1813.0,31287,393190.0,88843,46.44
1257,Mumbai,West,1,1,1261.0,41747,393190.0,88843,46.44
1257,Nagpur,South,1,1,4027.0,41494,393190.0,88843,46.44
1257,Nashik,North,1,2,9324.0,28382,393190.0,88843,46.44
1257,Pune,East,1,3,8772.0,49019,393190.0,88843,46.44
1257,Solapur,North,1,1,2684.0,16508,393190.0,88843,46.44
1258,Kolhapur,West,3,4,8573.464345,129355,169077.0,225065,67.75
1258,Mumbai,East,1,1,4647.0,16812,169077.0,225065,67.75
1258,Nagpur,East,1,1,2937.0,26563,169077.0,225065,67.75
1258,Nashik,West,1,1,1773.0,11784,169077.0,225065,67.75
1258,Pune,North,1,2,1611.0,45565,169077.0,225065,67.75
1258,Pune,South,1,3,12137.0,74842,169077.0,225065,67.75
1258,Solapur,East,1,1,822.7242346,28147,169077.0,225065,67.75
1259,Nagpur,North,1,1,3441.0,11754,171585.0,71133,3.81
1259,Nagpur,West,2,3,10961.0,54645,171585.0,71133,3.81
1259,Pune,North,1,2,1739.0,83990,171585.0,71133,3.81
1259,Solapur,East,1,1,3675.0,30643,171585.0,71133,3.81
1260,Kolhapur,North,1,1,3332.0,26186,531181.0,175939,87.95
1260,Mumbai,South,1,1,2734.863588,40870,531181.0,175939,87.95
1260,Mumbai,West,1,3,6271.0,98273,531181.0,175939,87.95
1260,Nashik,North,1,1,1285.0,35314,531181.0,175939,87.95
1260,Nashik,South,1,1,4816.0,6385,531181.0,175939,87.95
1260,Pune,South,1,1,541.0,40820,531181.0,175939,87.95
1260,Pune,West,2,2,8841.260227,74066,531181.0,175939,87.95
1260,Solapur,East,1,1,1381.0,5594,531181.0,175939,87.95
1261,Mumbai,East,1,1,1952.0,49587,692354.0,439749,32.64
1261,Nashik,North,1,1,782.0,36266,692354.0,439749,32.64
1262,Kolhapur,West,1,1,3288.0,22819,292544.0,101636,-26.46
1262,Nashik,East,1,1,2768.0,33656,292544.0,101636,-26.46
1262,Nashik,South,1,2,1449.0,40652,292544.0,101636,-26.46
1262,Pune,West,2,6,13293.0,143145,292544.0,101636,-26.46
1262,Solapur,East,1,1,111.0,37230,292544.0,101636,-26.46
1263,Kolhapur,South,1,2,2994.0,58795,709818.0,27976,32.02
1263,Mumbai,East,1,4,6172.0,124356,709818.0,27976,32.02
1263,Mumbai,South,1,3,6748.0,104517,709818.0,27976,32.02
1263,Nashik,North,1,1,3368.0,26340,709818.0,27976,32.02
1263,Pune,North,1,1,3952.0,9006,709818.0,27976,32.02
1264,Kolhapur,North,1,2,1859.0,35030,426041.0,483658,64.82
1264,Kolhapur,South,1,1,4061.0,26253,426041.0,483658,64.82
1264,Kolhapur,West,1,3,5492.0,62895,426041.0,483658,64.82
1264,Mumbai,West,1,2,6150.0,65366,426041.0,483658,64.82
1264,Nagpur,South,1,1,4261.0,27258,426041.0,483658,64.82
1264,Nagpur,West,1,2,5396.0,44139,426041.0,483658,64.82
1264,Solapur,East,1,2,7446.539487,16469,426041.0,483658,64.82
1265,Kolhapur,South,1,1,485.0,36473,504161.0,416486,37.99
1265,Mumbai,East,1,1,844.0,22037,504161.0,416486,37.99
1265,Nagpur,North,1,2,6077.0,30618,504161.0,416486,37.99
1265,Nagpur,South,1,1,4229.0,32264,504161.0,416486,37.99
1265,Nashik,East,2,2,3278.0,64964,504161.0,416486,37.99
1265,Pune,East,1,2,5088.531086,64033,504161.0,416486,37.99
1265,Solapur,North,1,4,9963.0,76404,504161.0,416486,37.99
1266,Mumbai,East,1,3,7062.0,91176,61825.0,93928,37.62
1266,Mumbai,North,1,1,2685.0,26050,61825.0,93928,37.62
1266,Nagpur,South,1,1,114.0,3962,61825.0,93928,37.62
1267,Kolhapur,West,1,1,1003.0,9014,724495.0,69597,-45.84
1267,Nagpur,East,1,4,6008.5197462,131875,724495.0,69597,-45.84
1268,Kolhapur,East,1,1,4884.0,25043,472109.0,191740,19.5
1268,Nagpur,East,1,1,3219.0,8404,472109.0,191740,19.5
1268,Nagpur,South,1,1,2912.0,40230,472109.0,191740,19.5
1268,Nashik,East,1,1,595.0,41339,472109.0,191740,19.5
1268,Nashik,South,1,1,3349.0,11821,472109.0,191740,19.5
1268,Solapur,West,1,2,7873.0,39600,472109.0,191740,19.5
1269,Kolhapur,South,2,3,8548.0,68985,549794.0,362968,4.84
1269,Kolhapur,West,1,2,5560.0,54748,549794.0,362968,4.84
1269,Nagpur,South,1,1,4167.109769,13085,549794.0,362968,4.84
1269,Nagpur,West,1,2,6603.0,32361,549794.0,362968,4.84
1270,Kolhapur,East,1,1,3489.0,48194,114502.0,345269,-43.43
1270,Nagpur,East,1,1,643.0,25175,114502.0,345269,-43.43
1270,Nagpur,West,1,2,6782.0,42370,114502.0,345269,-43.43
1270,Pune,East,1,2,1345.0,52019,114502.0,345269,-43.43
1271,Nashik,South,4,5,15803.0,136658,247228.0,396996,52.18
1271,Nashik,West,1,1,2939.0,38135,247228.0,396996,52.18
1272,Kolhapur,North,1,1,4513.0,38833,761743.0,195224,-22.53
1272,Kolhapur,South,1,2,4035.0,66630,761743.0,195224,-22.53
1272,Kolhapur,West,1,2,2241.0,70680,761743.0,195224,-22.53
1272,Mumbai,West,1,1,4830.0,26213,761743.0,195224,-22.53
1272,Pune,East,1,1,3553.0,20342,761743.0,195224,-22.53
1272,Pune,North,2,3,4575.0,86744,761743.0,195224,-22.53
1272,Solapur,South,1,1,4284.0,26368,761743.0,195224,-22.53
1273,Mumbai,East,1,2,7190.0,30783,66041.0,132925,2.49
1273,Mumbai,South,1,1,2327.0,48060,66041.0,132925,2.49
1273,Solapur,South,1,1,2039.0,39844,66041.0,132925,2.49
1274,Pune,South,1,2,4563.825067,89197,831738.0,147776,36.64
1275,Kolhapur,North,1,3,8764.0,102179,441168.0,269966,16.04
1275,Mumbai,West,2,4,6617.0,68653,441168.0,269966,16.04
1275,Nashik,West,1,2,4135.0,69029,441168.0,269966,16.04
1275,Solapur,South,1,3,8444.0,93066,441168.0,269966,16.04
1276,Kolhapur,East,1,1,3919.0,6355,243708.0,105360,55.27
1276,Solapur,West,1,3,11722.0,71338,243708.0,105360,55.27
1277,Kolhapur,North,1,1,2001.0,11081,548115.0,219189,76.71
1277,Nagpur,East,1,1,2805.0,9472,548115.0,219189,76.71
1277,Nagpur,North,2,3,7697.0,92435,548115.0,219189,76.71
1277,Pune,East,1,1,4420.0,39776,548115.0,219189,76.71
1277,Pune,North,1,2,3100.0,97507,548115.0,219189,76.71
1278,Kolhapur,North,1,1,4674.0,29797,406944.0,427721,-24.61
1278,Nagpur,North,1,1,2738.0,20345,406944.0,427721,-24.61
1278,Solapur,West,1,2,4902.0,70589,406944.0,427721,-24.61
1279,Nagpur,North,1,1,2241.0,31943,667636.0,450223,-8.21
1279,Nashik,North,1,1,4588.0,9731,667636.0,450223,-8.21
1279,Solapur,North,1,3,10778.0,40544,667636.0,450223,-8.21
1280,Kolhapur,North,1,1,2237.356276,24080,594325.0,256610,-22.13
1280,Kolhapur,South,1,3,12230.0,68595,594325.0,256610,-22.13
1280,Kolhapur,West,1,1,2141.0,27233,594325.0,256610,-22.13
1280,Mumbai,West,1,1,1707.0,25525,594325.0,256610,-22.13
1280,Pune,East,1,1,1504.0,31749,594325.0,256610,-22.13
1280,Pune,North,1,1,4931.0,16111,594325.0,256610,-22.13
1280,Solapur,East,1,1,3410.0,45085,594325.0,256610,-22.13
1281,Kolhapur,West,1,1,6000.160144,49998,605111.0,21453,24.88
1281,Mumbai,East,2,3,9030.0,81121,605111.0,21453,24.88
1281,Nagpur,North,1,1,449.0,17206,605111.0,21453,24.88
1281,Pune,East,2,4,12285.0,88495,605111.0,21453,24.88
1281,Solapur,East,1,1,3517.0,27039,605111.0,21453,24.88
1282,Kolhapur,East,1,1,4838.0,31526,426304.0,290311,-38.11
1282,Kolhapur,West,1,2,3845.0,82233,426304.0,290311,-38.11
1282,Nagpur,East,2,2,2912.0,61407,426304.0,290311,-38.11
1282,Nagpur,South,1,3,4973.0,52967,426304.0,290311,-38.11
1282,Nashik,West,2,2,7056.0,52292,426304.0,290311,-38.11
1282,Pune,North,1,1,4045.0,14363,426304.0,290311,-38.11
1283,Kolhapur,East,1,1,4717.0,48589,748219.0,332592,61.19
1283,Solapur,West,1,1,2563.0,17851,748219.0,332592,61.19
1284,Kolhapur,West,1,1,1038.0,35382,314049.0,318743,-30.81
1284,Mumbai,West,1,2,8765.0,61374,314049.0,318743,-30.81
1284,Nagpur,East,1,1,2092.400528,30432,314049.0,318743,-30.81
1284,Nagpur,South,1,1,294.0,25801,314049.0,318743,-30.81
1284,Nashik,South,1,2,5642.0,38899,314049.0,318743,-30.81
1284,Pune,North,1,2,1551.0,41148,314049.0,318743,-30.81
1284,Pune,South,1,1,3803.0,42192,314049.0,318743,-30.81
1284,Pune,West,1,1,3261.0,5433,314049.0,318743,-30.81
1284,Solapur,North,2,4,13077.0,57115,314049.0,318743,-30.81
1285,Kolhapur,North,1,1,1665.0,16680,,133738,92.02
1285,Kolhapur,South,2,2,3138.0,45149,,133738,92.02
1285,Mumbai,East,1,2,7385.0,80958,,133738,92.02
1285,Mumbai,South,1,2,5354.0,45418,,133738,92.02
1285,Nashik,North,1,1,209.0,23519,,133738,92.02
1285,Nashik,South,1,2,4249.0,43687,,133738,92.02
1285,Solapur,East,1,2,5338.0,86732,,133738,92.02
1286,Kolhapur,West,1,1,6528.357662,35392,597960.0,286715,76.06
1286,Pune,North,1,2,7924.0,67111,597960.0,286715,76.06
1286,Pune,West,1,3,8488.0,60898,597960.0,286715,76.06
1286,Solapur,South,1,2,5250.3547579999995,44109,597960.0,286715,76.06
1287,Kolhapur,West,1,1,1322.0,5789,710254.0,274736,95.39
1287,Mumbai,South,1,1,3070.0,34430,710254.0,274736,95.39
1287,Mumbai,West,1,1,2476.0,24101,710254.0,274736,95.39
1287,Nagpur,South,1,3,9939.0,78774,710254.0,274736,95.39
1287,Nashik,East,1,2,3237.0,84395,710254.0,274736,95.39
1287,Nashik,West,1,1,2696.0,28098,710254.0,274736,95.39
1287,Pune,East,2,2,7520.0,61358,710254.0,274736,95.39
1287,Pune,West,1,2,4901.0,35329,710254.0,274736,95.39
1287,Solapur,East,1,2,2870.186077,39028,710254.0,274736,95.39
1288,Kolhapur,West,2,2,4955.0,57895,750709.0,470784,-43.91
1288,Nashik,East,1,1,4025.0,46894,750709.0,470784,-43.91
1288,Pune,North,1,1,3723.0,23264,750709.0,470784,-43.91
1289,Nagpur,South,1,2,5779.0,32274,223333.0,489874,-19.23
1289,Solapur,West,1,1,2456.0,34651,223333.0,489874,-19.23
1290,Kolhapur,East,1,1,2163.0,21805,381988.0,451723,94.15
1290,Nashik,South,1,1,1501.0,7175,381988.0,451723,94.15
1291,Kolhapur,West,1,2,5523.0,61732,70949.0,354685,97.7
1291,Mumbai,West,1,1,4653.0,12178,70949.0,354685,97.7
1291,Nagpur,West,1,3,5850.0,58311,70949.0,354685,97.7
1291,Pune,South,1,3,12802.333241,68701,70949.0,354685,97.7
1292,Kolhapur,East,1,1,1661.0,45356,,373494,-7.89
1292,Kolhapur,West,1,1,3563.412953,37432,,373494,-7.89
1292,Mumbai,South,1,1,3130.0,22315,,373494,-7.89
1292,Nagpur,East,1,4,12471.704543,126588,,373494,-7.89
1292,Nagpur,South,1,1,1842.0,10754,,373494,-7.89
1292,Nagpur,West,1,3,8655.0,54827,,373494,-7.89
1292,Pune,North,1,2,7437.0,88513,,373494,-7.89
1292,Pune,West,1,3,3937.373317,67319,,373494,-7.89
1292,Solapur,North,2,3,5862.0,75949,,373494,-7.89
1293,Nagpur,East,1,1,1349.919865,27358,995836.0,225541,39.81
1293,Nagpur,North,1,1,3360.0,12027,995836.0,225541,39.81
1293,Nagpur,West,1,1,226.0,1870,995836.0,225541,39.81
1293,Nashik,East,1,1,322.0,47167,995836.0,225541,39.81
1293,Nashik,North,1,1,2441.0,45014,995836.0,225541,39.81
1293,Pune,South,1,1,3327.0,30696,995836.0,225541,39.81
1293,Solapur,East,1,3,4477.0,111812,995836.0,225541,39.81
1293,Solapur,South,1,1,2627.0,41181,995836.0,225541,39.81
1293,Solapur,West,1,1,699.0,31418,995836.0,225541,39.81
1294,Kolhapur,North,1,1,2234.0,31209,706546.0,98725,-18.88
1294,Kolhapur,South,1,2,4275.0,92036,706546.0,98725,-18.88
1294,Mumbai,North,1,2,4184.0,7733,706546.0,98725,-18.88
1294,Nashik,South,1,1,4237.0,41398,706546.0,98725,-18.88
1294,Solapur,East,1,4,9125.0,127134,706546.0,98725,-18.88
1295,Kolhapur,East,1,1,2860.0,33812,217547.0,213456,84.22
1295,Mumbai,North,1,2,5403.0,5466,217547.0,213456,84.22
1295,Nagpur,North,1,1,275.0,35062,217547.0,213456,84.22
1295,Nashik,North,1,1,140.0,23420,217547.0,213456,84.22
1295,Solapur,East,1,1,1930.0,1631,217547.0,213456,84.22
1296,Kolhapur,South,1,2,4966.0,77999,446636.0,295728,-29.47
1296,Mumbai,West,1,1,905.0,5618,446636.0,295728,-29.47
1296,Nashik,South,1,2,8631.0,39425,446636.0,295728,-29.47
1296,Solapur,East,1,2,4990.0,61833,446636.0,295728,-29.47
1297,Kolhapur,East,1,1,2443.074449,22127,373351.0,469087,53.23
1297,Kolhapur,North,1,2,4066.0,45331,373351.0,469087,53.23
1297,Mumbai,North,1,1,3665.0,2566,373351.0,469087,53.23
1297,Nagpur,East,1,1,2414.0,11798,373351.0,469087,53.23
1297,Nashik,South,1,2,6940.0,34953,373351.0,469087,53.23
1297,Pune,East,1,2,1272.0,31037,373351.0,469087,53.23
1297,Pune,West,2,3,6088.0,81320,373351.0,469087,53.23
1298,Kolhapur,South,1,3,9592.0,68400,,45164,-6.48
1298,Mumbai,North,1,1,2312.0,48688,,45164,-6.48
1298,Nagpur,West,1,1,4999.0,15933,,45164,-6.48
1298,Nashik,West,1,1,4586.0,9275,,45164,-6.48
1298,Solapur,East,1,1,1016.0,21640,,45164,-6.48
1299,Kolhapur,North,1,2,6333.0,84935,848992.0,443017,6.07
1299,Mumbai,South,1,1,3639.0,40545,848992.0,443017,6.07
1299,Nagpur,South,1,1,1542.0,38177,848992.0,443017,6.07
1299,Nashik,South,1,1,3773.0,8296,848992.0,443017,6.07
1299,Nashik,West,1,1,209.0,22069,848992.0,443017,6.07
1299,Solapur,West,1,2,3257.0,52393,848992.0,443017,6.07
1300,Kolhapur,West,1,3,4454.0,93934,575283.0,343346,32.19
1300,Nagpur,East,1,1,4903.0,28229,575283.0,343346,32.19
1300,Solapur,East,1,1,3860.0,30162,575283.0,343346,32.19
1300,Solapur,North,1,1,4976.0,46956,575283.0,343346,32.19
1300,Solapur,South,1,1,2783.0,34108,575283.0,343346,32.19
1301,Kolhapur,East,1,1,846.0,14503,958204.0,294366,14.12
1301,Kolhapur,West,1,1,2520.0,16739,958204.0,294366,14.12
1301,Nagpur,North,1,1,1972.0,19341,958204.0,294366,14.12
1301,Nagpur,West,2,4,13783.0,67343,958204.0,294366,14.12
1301,Nashik,North,1,3,7906.0,84759,958204.0,294366,14.12
1301,Nashik,West,1,1,3147.0,17550,958204.0,294366,14.12
1301,Pune,East,1,1,915.0,39158,958204.0,294366,14.12
1301,Pune,North,1,1,3398.0,8228,958204.0,294366,14.12
1301,Solapur,North,1,1,208.0,45934,958204.0,294366,14.12
1301,Solapur,South,1,1,2321.0,19685,958204.0,294366,14.12
1301,Solapur,West,2,4,7408.0,103485,958204.0,294366,14.12
1302,Mumbai,North,1,2,7010.0,22265,953231.0,345393,28.51
1302,Mumbai,South,1,1,224.0,32660,953231.0,345393,28.51
1302,Pune,East,1,2,9018.0,62001,953231.0,345393,28.51
1302,Pune,South,1,1,3062.0,16835,953231.0,345393,28.51
1302,Solapur,South,1,3,7134.0,110972,953231.0,345393,28.51
1303,Kolhapur,North,1,1,1613.0,26004,213633.0,285632,51.95
1303,Kolhapur,West,1,1,2447.0,33820,213633.0,285632,51.95
1303,Mumbai,East,1,1,4396.0,33694,213633.0,285632,51.95
1303,Mumbai,West,1,1,2736.0,6422,213633.0,285632,51.95
1303,Nagpur,East,1,2,6567.0,90033,213633.0,285632,51.95
1303,Nagpur,West,1,1,1573.0,3313,213633.0,285632,51.95
1303,Nashik,West,1,2,8537.0,53046,213633.0,285632,51.95
1303,Pune,North,1,2,8428.0,61654,213633.0,285632,51.95
1303,Solapur,North,1,4,2924.0,118414,213633.0,285632,51.95
1303,Solapur,South,1,1,3986.0,16231,213633.0,285632,51.95
1304,Kolhapur,South,1,1,2939.254351,35637,940363.0,309537,-5.56
1304,Nagpur,South,1,2,2862.0,28384,940363.0,309537,-5.56
1304,Nashik,North,1,1,1076.0,27061,940363.0,309537,-5.56
1304,Nashik,South,1,2,3669.9919840000002,54841,940363.0,309537,-5.56
1305,Kolhapur,North,1,1,3400.0,11398,420198.0,110686,60.82
1305,Mumbai,East,1,1,1551.0,15769,420198.0,110686,60.82
1305,Mumbai,North,1,2,7675.0,45804,420198.0,110686,60.82
1305,Nagpur,East,1,2,2319.0,56705,420198.0,110686,60.82
1306,Mumbai,West,1,1,1280.0,7571,226713.0,490123,12.58
1306,Nagpur,West,2,4,10845.0,130738,226713.0,490123,12.58
1306,Pune,West,1,2,4967.0,49019,226713.0,490123,12.58
1307,Kolhapur,South,1,1,1575.0,23820,212676.0,466040,-46.73
1307,Kolhapur,West,1,1,2528.0,38066,212676.0,466040,-46.73
1307,Mumbai,East,1,1,4332.0,4148,212676.0,466040,-46.73
1307,Mumbai,North,1,1,2046.0,4333,212676.0,466040,-46.73
1307,Mumbai,West,2,4,14703.0,101079,212676.0,466040,-46.73
1307,Nashik,West,1,2,4680.0,80025,212676.0,466040,-46.73
1307,Solapur,East,1,2,5099.0,75679,212676.0,466040,-46.73
1307,Solapur,North,1,1,3819.0,41487,212676.0,466040,-46.73
1308,Nagpur,West,1,1,711.0,14332,791084.0,186678,77.0
1308,Nashik,South,1,1,3709.0,12703,791084.0,186678,77.0
1308,Solapur,East,1,1,797.0,42271,791084.0,186678,77.0
1309,Kolhapur,West,1,2,1866.0,71715,425396.0,369386,-7.76
1309,Mumbai,West,2,3,4398.0,57774,425396.0,369386,-7.76
1309,Nashik,East,1,1,4812.0,30941,425396.0,369386,-7.76
1309,Nashik,South,2,3,5178.0,57526,425396.0,369386,-7.76
1310,Kolhapur,East,2,4,5740.0,96785,305379.0,147364,79.04
1310,Mumbai,West,1,1,2032.0,5724,305379.0,147364,79.04
1310,Nagpur,North,1,2,5211.0,93963,305379.0,147364,79.04
1310,Pune,West,1,3,9433.0,96099,305379.0,147364,79.04
1310,Solapur,North,1,1,776.0,29408,305379.0,147364,79.04
1311,Nagpur,East,1,2,5904.0,50129,634331.0,469000,61.69
1311,Solapur,East,1,3,5740.0,59552,634331.0,469000,61.69
1312,Kolhapur,South,1,1,1373.0,40939,151541.0,354847,11.01
1312,Nashik,North,1,1,3197.0,27288,151541.0,354847,11.01
1312,Pune,North,1,1,4832.0,21374,151541.0,354847,11.01
1313,Kolhapur,South,2,3,8831.702599,66969,650377.0,276911,47.54
1313,Kolhapur,West,1,1,888.0,9101,650377.0,276911,47.54
1313,Mumbai,North,1,4,13352.0,136575,650377.0,276911,47.54
1313,Nashik,East,2,2,3816.0,62650,650377.0,276911,47.54
1313,Nashik,North,1,1,4613.0,21446,650377.0,276911,47.54
1313,Nashik,South,2,2,3005.0,82685,650377.0,276911,47.54
1313,Solapur,East,1,1,468.0,1502,650377.0,276911,47.54
1314,Mumbai,East,1,2,5519.0,86761,656661.0,363562,98.79
1314,Mumbai,South,1,2,7365.0,34092,656661.0,363562,98.79
1314,Mumbai,West,1,3,6843.0,114290,656661.0,363562,98.79
1314,Nagpur,South,1,1,4186.0,5579,656661.0,363562,98.79
1314,Pune,East,1,2,5948.0,29958,656661.0,363562,98.79
1314,Solapur,East,1,1,1711.0,13142,656661.0,363562,98.79
1314,Solapur,South,1,2,7452.0,35969,656661.0,363562,98.79
1315,Kolhapur,North,1,2,3712.0,47377,721157.0,258275,-3.87
1315,Kolhapur,West,1,1,4549.0,46675,721157.0,258275,-3.87
1315,Mumbai,South,1,1,4794.0,44663,721157.0,258275,-3.87
1315,Nagpur,East,1,2,7832.0,56812,721157.0,258275,-3.87
1315,Nashik,North,1,1,3145.091952,45639,721157.0,258275,-3.87
1315,Nashik,South,1,2,8461.0,32597,721157.0,258275,-3.87
1315,Nashik,West,1,1,4054.0,34127,721157.0,258275,-3.87
1315,Solapur,East,1,1,1916.0,32756,721157.0,258275,-3.87
1315,Solapur,South,1,1,4232.0,20630,721157.0,258275,-3.87
1316,Mumbai,East,1,1,4619.0,46387,203817.0,395196,17.57
1316,Mumbai,West,1,2,6632.0,42977,203817.0,395196,17.57
1316,Nagpur,South,1,1,2727.0,14150,203817.0,395196,17.57
1316,Nashik,East,2,2,6208.462079,64721,203817.0,395196,17.57
1316,Nashik,West,1,2,3811.0,43282,203817.0,395196,17.57
1316,Pune,South,1,1,930.0,13369,203817.0,395196,17.57
1316,Pune,West,1,1,3845.0,6382,203817.0,395196,17.57
1317,Nagpur,East,1,1,1401.0,41871,696103.0,86440,-27.72
1317,Nashik,West,1,1,4887.0,21022,696103.0,86440,-27.72
1317,Pune,North,1,1,3929.0,18226,696103.0,86440,-27.72
1317,Solapur,East,1,2,5339.7893220000005,74544,696103.0,86440,-27.72
1318,Kolhapur,North,1,1,1325.0,27498,742973.0,234141,80.71
1318,Nagpur,East,1,1,1848.0,23784,742973.0,234141,80.71
1318,Nashik,East,1,1,4977.0,46906,742973.0,234141,80.71
1318,Solapur,North,2,3,5135.0,92202,742973.0,234141,80.71
1319,Kolhapur,North,1,1,3055.0,33943,650191.0,187825,32.93
1319,Mumbai,South,1,1,4235.0,27392,650191.0,187825,32.93
1319,Nashik,North,1,1,1708.0,35334,650191.0,187825,32.93
1319,Pune,East,1,1,3697.0,34206,650191.0,187825,32.93
1319,Pune,South,1,1,808.1945504,32579,650191.0,187825,32.93
1320,Kolhapur,East,2,3,8906.0,57188,534803.0,41265,-34.71
1320,Kolhapur,South,1,1,2872.0,41264,534803.0,41265,-34.71
1320,Kolhapur,West,1,1,1936.0,24948,534803.0,41265,-34.71
1320,Nagpur,South,1,1,2428.0,31924,534803.0,41265,-34.71
1320,Pune,North,1,1,1480.0,14964,534803.0,41265,-34.71
1320,Solapur,East,1,1,4088.0,22150,534803.0,41265,-34.71
1320,Solapur,North,1,7,15058.0,155973,534803.0,41265,-34.71
1321,Kolhapur,South,1,1,2424.0,23528,815021.0,301656,39.63
1321,Mumbai,North,1,3,4680.0,39374,815021.0,301656,39.63
1321,Mumbai,South,1,1,2325.0,20395,815021.0,301656,39.63
1321,Mumbai,West,2,2,4058.0,71742,815021.0,301656,39.63
1321,Solapur,East,1,2,4122.0,57271,815021.0,301656,39.63
1322,Nagpur,West,1,3,6042.0,39828,159560.0,344517,20.19
1322,Nashik,East,1,1,679.0,30515,159560.0,344517,20.19
1322,Nashik,South,1,1,3150.0,45083,159560.0,344517,20.19
1322,Pune,East,2,2,2551.0,60500,159560.0,344517,20.19
1322,Pune,South,2,4,13072.0,77575,159560.0,344517,20.19
1322,Solapur,East,1,1,1651.0,43859,159560.0,344517,20.19
1323,Kolhapur,West,1,3,9229.0,74162,443661.0,371258,-3.89
1323,Nashik,North,1,1,1431.0,17061,443661.0,371258,-3.89
1323,Pune,South,1,1,4471.0,41120,443661.0,371258,-3.89
1323,Solapur,North,1,1,3037.0,37506,443661.0,371258,-3.89
1324,Kolhapur,South,1,1,4299.0,30104,415244.0,261861,-47.2
1324,Mumbai,West,1,1,3812.0,45675,415244.0,261861,-47.2
1324,Pune,East,1,1,2619.0,3726,415244.0,261861,-47.2
1324,Pune,North,1,3,8428.0,63798,415244.0,261861,-47.2
1324,Pune,West,1,2,6726.0,57642,415244.0,261861,-47.2
1325,Nagpur,North,1,1,764.0,27315,331247.0,173187,-17.55
1325,Pune,North,1,1,2758.0,5610,331247.0,173187,-17.55
1325,Solapur,West,1,1,361.0,47823,331247.0,173187,-17.55
1326,Kolhapur,West,1,1,624.0,4332,134485.0,70906,-19.1
1326,Nagpur,North,1,1,4274.0,47611,134485.0,70906,-19.1
1326,Nagpur,West,1,4,5584.0,102038,134485.0,70906,-19.1
1326,Nashik,North,1,1,4841.0,22937,134485.0,70906,-19.1
1326,Nashik,South,1,2,4500.0,68701,134485.0,70906,-19.1
1327,Kolhapur,East,1,1,681.0,3764,152201.0,149226,57.31
1327,Nashik,East,1,1,553.0,1938,152201.0,149226,57.31
1327,Nashik,North,1,2,4602.0,44469,152201.0,149226,57.31
1327,Pune,North,1,1,3263.0,46812,152201.0,149226,57.31
1327,Solapur,West,3,4,7998.0,130725,152201.0,149226,57.31
1328,Kolhapur,North,2,2,4092.0,85340,898320.0,279897,-11.11
1328,Kolhapur,West,2,5,12619.0,84214,898320.0,279897,-11.11
1328,Mumbai,East,4,6,7244.9504412,149991,898320.0,279897,-11.11
1328,Nashik,East,1,2,3294.988695,15066,898320.0,279897,-11.11
1328,Nashik,South,2,2,4831.0,42462,898320.0,279897,-11.11
1328,Nashik,West,1,3,7755.0,116295,898320.0,279897,-11.11
1328,Pune,North,1,1,3935.0,5975,898320.0,279897,-11.11
1328,Solapur,West,1,1,3048.0,1120,898320.0,279897,-11.11
1329,Kolhapur,West,1,2,1673.0,45067,64441.0,491589,96.79
1329,Mumbai,West,2,4,6234.0,65547,64441.0,491589,96.79
1329,Nashik,South,2,2,4427.0,89681,64441.0,491589,96.79
1329,Solapur,East,1,2,784.0,43213,64441.0,491589,96.79
1330,Kolhapur,East,1,2,7662.0,25160,218565.0,20520,-22.39
1330,Kolhapur,North,1,2,5555.0,56963,218565.0,20520,-22.39
1330,Mumbai,West,1,1,2100.0,26137,218565.0,20520,-22.39
1330,Nagpur,North,1,1,711.1781323,49621,218565.0,20520,-22.39
1330,Nashik,North,1,1,4518.0,17172,218565.0,20520,-22.39
1330,Solapur,North,1,3,4017.0,75218,218565.0,20520,-22.39
1331,Kolhapur,North,1,1,3734.0,33778,293484.0,476524,83.96
1331,Mumbai,North,1,2,5477.794874,26728,293484.0,476524,83.96
1331,Mumbai,South,1,2,4797.0,53500,293484.0,476524,83.96
1331,Mumbai,West,1,1,2073.0,12180,293484.0,476524,83.96
1331,Nagpur,East,1,3,8059.0,53442,293484.0,476524,83.96
1331,Nagpur,West,1,2,8106.0,75681,293484.0,476524,83.96
1331,Pune,East,1,2,5458.0,91345,293484.0,476524,83.96
1332,Kolhapur,East,1,2,5729.0,51350,681032.0,272689,4.79
1332,Kolhapur,North,1,5,11939.0,125694,681032.0,272689,4.79
1332,Kolhapur,South,1,2,7254.0,69438,681032.0,272689,4.79
1332,Nagpur,East,2,2,3779.0,75367,681032.0,272689,4.79
1332,Nagpur,North,1,4,7615.0,62276,681032.0,272689,4.79
1332,Nagpur,West,1,2,1077.0,78309,681032.0,272689,4.79
1332,Nashik,East,1,1,1752.0,45754,681032.0,272689,4.79
1332,Nashik,North,1,1,796.0,26940,681032.0,272689,4.79
1332,Nashik,West,1,1,1638.0,30402,681032.0,272689,4.79
1332,Pune,North,1,1,392.0,14057,681032.0,272689,4.79
1333,Mumbai,South,1,1,3658.0,5978,77399.0,147982,99.91
1333,Mumbai,West,1,1,114.0,3596,77399.0,147982,99.91
1333,Nashik,North,1,1,895.0,23297,77399.0,147982,99.91
1333,Nashik,West,1,1,1929.0,25571,77399.0,147982,99.91
1333,Pune,North,1,1,171.0,8967,77399.0,147982,99.91
1333,Solapur,East,1,1,1837.0,45145,77399.0,147982,99.91
1334,Nashik,South,1,3,9988.0,97710,706253.0,49137,70.57
1334,Pune,South,1,1,4664.0,46850,706253.0,49137,70.57
1334,Solapur,South,1,1,4750.0,45297,706253.0,49137,70.57
1335,Kolhapur,West,1,2,9430.0,28912,659078.0,137312,40.61
1335,Nashik,East,1,3,4594.0,87839,659078.0,137312,40.61
1335,Nashik,North,3,5,15055.988063,158136,659078.0,137312,40.61
1335,Nashik,West,1,1,3296.0,6105,659078.0,137312,40.61
1335,Pune,South,1,3,8857.0,106770,659078.0,137312,40.61
1335,Solapur,North,1,2,7030.0,61691,659078.0,137312,40.61
1336,Mumbai,North,1,1,1563.0,47555,818810.0,30204,74.59
1336,Nagpur,East,2,3,7825.0,108351,818810.0,30204,74.59
1336,Nagpur,South,1,1,3112.0,7008,818810.0,30204,74.59
1336,Nashik,North,1,1,3072.0,39695,818810.0,30204,74.59
1337,Kolhapur,East,1,1,2730.0,16536,746535.0,449047,84.51
1337,Mumbai,North,1,1,4486.0,1468,746535.0,449047,84.51
1337,Nagpur,West,1,3,9624.0,97642,746535.0,449047,84.51
1337,Nashik,East,1,4,13333.0,128783,746535.0,449047,84.51
1337,Pune,West,1,2,6801.0,51462,746535.0,449047,84.51
1338,Mumbai,East,1,3,9196.0,67962,518661.0,388470,99.64
1338,Nagpur,North,1,1,4301.0,43977,518661.0,388470,99.64
1338,Nagpur,South,1,1,3672.0,16915,518661.0,388470,99.64
1338,Solapur,East,1,2,8823.0,54334,518661.0,388470,99.64
1338,Solapur,North,1,1,1416.0,19085,518661.0,388470,99.64
1339,Mumbai,East,1,1,2455.0,2562,449628.0,143172,-24.47
1339,Pune,West,1,2,3365.0,49089,449628.0,143172,-24.47
1340,Kolhapur,North,1,4,13058.0,78655,842459.0,230719,37.71
1340,Kolhapur,South,1,1,1626.0,41121,842459.0,230719,37.71
1340,Nagpur,West,1,1,1301.0,23155,842459.0,230719,37.71
1340,Nashik,East,1,1,1168.0,14162,842459.0,230719,37.71
1340,Nashik,West,1,1,2853.0,31714,842459.0,230719,37.71
1340,Pune,East,1,3,6257.84055,33563,842459.0,230719,37.71
1340,Pune,North,1,1,2091.0,17143,842459.0,230719,37.71
1340,Solapur,South,1,3,7844.0,98061,842459.0,230719,37.71
1340,Solapur,West,1,1,4040.0,5778,842459.0,230719,37.71
1341,Mumbai,North,2,3,6654.0,82624,275732.0,272981,8.02
1341,Mumbai,South,1,2,4026.178133,48384,275732.0,272981,8.02
1341,Mumbai,West,3,6,13092.0,147801,275732.0,272981,8.02
1341,Nashik,West,1,1,4696.0,38314,275732.0,272981,8.02
1341,Pune,North,1,1,3334.0,8578,275732.0,272981,8.02
1341,Pune,South,1,1,1547.0,15560,275732.0,272981,8.02
1342,Kolhapur,North,1,3,6489.0,44767,283937.0,279985,7.82
1342,Kolhapur,South,1,1,1501.0,12918,283937.0,279985,7.82
1342,Mumbai,East,2,4,7827.0,80259,283937.0,279985,7.82
1342,Mumbai,North,2,2,2337.0,71987,283937.0,279985,7.82
1342,Mumbai,West,1,1,176.0,35849,283937.0,279985,7.82
1342,Nagpur,East,1,1,3401.0,38423,283937.0,279985,7.82
1342,Nagpur,North,1,2,7316.0,68278,283937.0,279985,7.82
1342,Nashik,East,1,2,5130.0,44708,283937.0,279985,7.82
1342,Nashik,North,3,7,15949.9777868,125623,283937.0,279985,7.82
1342,Pune,East,1,1,1580.171998,16494,283937.0,279985,7.82
1342,Solapur,North,2,4,12645.0,51679,283937.0,279985,7.82
1343,Kolhapur,North,1,1,2603.0,7744,454238.0,329039,44.85
1343,Kolhapur,West,1,1,264.0,49937,454238.0,329039,44.85
1343,Mumbai,North,1,1,3827.0,25222,454238.0,329039,44.85
1343,Nagpur,North,1,2,1130.0,77590,454238.0,329039,44.85
1343,Nagpur,South,2,3,7914.0,70237,454238.0,329039,44.85
1344,Kolhapur,West,1,1,4624.0,49690,,362711,25.62
1344,Nagpur,North,1,1,2924.0,11298,,362711,25.62
1344,Nashik,East,1,1,1001.0,35587,,362711,25.62
1344,Nashik,West,1,1,3933.0,47620,,362711,25.62
1344,Pune,East,1,1,3726.0,2579,,362711,25.62
1344,Pune,South,1,1,785.0,43319,,362711,25.62
1344,Solapur,East,1,1,4958.0,43262,,362711,25.62
1344,Solapur,South,1,3,5881.0,73334,,362711,25.62
1345,Mumbai,East,1,1,242.0,43449,888090.0,25230,71.58
1345,Mumbai,North,1,3,6414.0,67006,888090.0,25230,71.58
1345,Nagpur,South,2,2,828.0,60410,888090.0,25230,71.58
1345,Pune,North,1,2,7304.0,51691,888090.0,25230,71.58
1345,Pune,South,2,5,17325.0,93833,888090.0,25230,71.58
1345,Pune,West,1,1,3466.0,26431,888090.0,25230,71.58
1346,Kolhapur,East,1,3,8165.628672,109486,342356.0,122607,-0.76
1346,Kolhapur,South,1,2,2388.0,77474,342356.0,122607,-0.76
1346,Mumbai,East,1,1,4186.0,31058,342356.0,122607,-0.76
1346,Nagpur,West,1,2,5281.0,9200,342356.0,122607,-0.76
1346,Pune,North,1,1,4010.0,37039,342356.0,122607,-0.76
1347,Mumbai,East,1,1,2232.0,48741,996834.0,360090,29.5
1347,Mumbai,South,1,1,796.0,16350,996834.0,360090,29.5
1347,Nagpur,West,1,1,4340.0,19381,996834.0,360090,29.5
1347,Pune,East,1,1,4828.0,44475,996834.0,360090,29.5
1347,Pune,North,1,1,3542.0,49864,996834.0,360090,29.5
1347,Solapur,East,1,1,5514.043686,28774,996834.0,360090,29.5
1348,Nagpur,South,2,3,7632.0,78572,,259141,94.84
1348,Nashik,South,1,2,3424.0,69734,,259141,94.84
1348,Pune,North,1,3,4151.099816,112830,,259141,94.84
1348,Pune,South,1,1,1973.0,28586,,259141,94.84
1349,Kolhapur,East,1,2,4224.0,12673,230899.0,125780,-36.42
1349,Mumbai,West,1,2,7438.0,76946,230899.0,125780,-36.42
1349,Nagpur,South,2,2,2850.0,51234,230899.0,125780,-36.42
1349,Pune,South,1,3,8065.0,70642,230899.0,125780,-36.42
1350,Mumbai,South,1,1,110.0,22297,267992.0,199672,-9.72
1350,Nagpur,East,1,1,1764.0,33260,267992.0,199672,-9.72
1350,Pune,East,1,1,431.0,14936,267992.0,199672,-9.72
1350,Pune,North,2,3,8211.0,28092,267992.0,199672,-9.72
1350,Solapur,West,2,4,8951.0,75649,267992.0,199672,-9.72
1351,Mumbai,West,2,2,4853.709513,56094,358346.0,234458,-34.75
1351,Nagpur,South,1,1,4100.0,40616,358346.0,234458,-34.75
1351,Nagpur,West,1,1,785.0,13645,358346.0,234458,-34.75
1351,Nashik,East,1,2,3424.0,51880,358346.0,234458,-34.75
1351,Nashik,South,1,1,1757.0,49576,358346.0,234458,-34.75
1351,Pune,North,1,3,8198.0,82216,358346.0,234458,-34.75
1352,Mumbai,South,1,6,12485.0,100486,,297054,-40.59
1352,Pune,East,1,2,2403.0,50182,,297054,-40.59
1352,Pune,South,1,1,4070.0,25461,,297054,-40.59
1352,Solapur,West,1,1,4778.0,23460,,297054,-40.59
1353,Nashik,West,1,2,1102.0,25333,870510.0,350159,-47.5
1354,Pune,West,1,1,3812.0,28339,219518.0,479776,4.82
1355,Nagpur,South,1,2,3368.0,65242,217517.0,32202,77.28
1355,Solapur,South,1,1,3311.0,1162,217517.0,32202,77.28
1355,Solapur,West,1,1,3264.0,31013,217517.0,32202,77.28
1356,Kolhapur,South,1,1,4750.981166,10363,519431.0,441632,-13.75
1356,Nashik,East,1,1,463.0,9273,519431.0,441632,-13.75
1356,Nashik,North,1,1,2807.685513,11296,519431.0,441632,-13.75
1356,Nashik,West,1,1,4561.0,5169,519431.0,441632,-13.75
1356,Pune,East,1,1,3136.0,2537,519431.0,441632,-13.75
1356,Pune,West,1,2,4762.0,31277,519431.0,441632,-13.75
1356,Solapur,North,1,1,1404.0,2458,519431.0,441632,-13.75
1357,Kolhapur,East,1,1,4112.0,26052,491869.0,66944,-1.34
1357,Kolhapur,South,1,1,2518.0,25442,491869.0,66944,-1.34
1357,Mumbai,South,1,3,5229.0,32516,491869.0,66944,-1.34
1357,Nagpur,East,1,1,1559.0,33327,491869.0,66944,-1.34
1357,Nashik,North,1,1,689.0,38185,491869.0,66944,-1.34
1357,Solapur,South,1,3,7589.0,47088,491869.0,66944,-1.34
1358,Kolhapur,West,1,1,126.0,26940,450058.0,159401,78.45
1358,Mumbai,East,1,1,3625.0,39787,450058.0,159401,78.45
1358,Mumbai,North,1,1,1639.0,46927,450058.0,159401,78.45
1358,Mumbai,West,1,1,2031.0,15587,450058.0,159401,78.45
1358,Nagpur,East,1,1,1111.0,5598,450058.0,159401,78.45
1358,Nagpur,South,1,1,4585.0,12870,450058.0,159401,78.45
1358,Pune,East,1,2,3491.0,43474,450058.0,159401,78.45
1358,Pune,West,1,1,3644.0,41060,450058.0,159401,78.45
1358,Solapur,West,1,1,1076.0,47328,450058.0,159401,78.45
1359,Nashik,West,1,1,3403.0,2105,184166.0,186917,-27.5
1360,Kolhapur,North,1,1,2630.0,35765,435044.0,422920,-14.47
1360,Kolhapur,South,1,1,1505.154969,6293,435044.0,422920,-14.47
1360,Mumbai,South,1,1,3780.0,8216,435044.0,422920,-14.47
1360,Nagpur,East,1,2,3142.0,42587,435044.0,422920,-14.47
1360,Nagpur,South,2,3,8361.0,82799,435044.0,422920,-14.47
1360,Nashik,South,1,1,307.0,37928,435044.0,422920,-14.47
1360,Nashik,West,1,1,879.0,41528,435044.0,422920,-14.47
1360,Solapur,East,2,3,5153.479017,95361,435044.0,422920,-14.47
1361,Nagpur,North,1,1,1974.0,26421,675607.0,78220,56.79
1361,Nagpur,South,1,3,6776.0,67609,675607.0,78220,56.79
1361,Nashik,North,1,1,1220.0,14310,675607.0,78220,56.79
1361,Nashik,South,1,1,937.0,33792,675607.0,78220,56.79
1361,Pune,North,1,1,3608.0,10647,675607.0,78220,56.79
1361,Solapur,South,1,1,2799.0,40202,675607.0,78220,56.79
1363,Nagpur,South,1,1,2467.0,45101,224791.0,38373,3.8
1363,Solapur,East,1,2,5652.0,46765,224791.0,38373,3.8
1363,Solapur,West,1,2,4910.0,52310,224791.0,38373,3.8
1364,Kolhapur,East,1,1,2076.0,12698,861112.0,47400,-48.43
1364,Mumbai,East,1,1,617.0,19466,861112.0,47400,-48.43
1364,Nashik,East,1,2,5333.0,55317,861112.0,47400,-48.43
1364,Solapur,North,2,2,3756.450164,53217,861112.0,47400,-48.43
1365,Nashik,West,1,3,11339.383258,61504,887706.0,90816,7.23
1365,Pune,East,1,1,4248.0,39622,887706.0,90816,7.23
1366,Kolhapur,South,1,2,6584.046783,56149,292711.0,497710,57.32
1366,Nagpur,North,1,2,577.9631772,74029,292711.0,497710,57.32
1366,Nashik,North,2,2,6979.0,53922,292711.0,497710,57.32
1366,Nashik,West,1,1,2283.0,47796,292711.0,497710,57.32
1366,Pune,East,1,3,5724.955887,90037,292711.0,497710,57.32
1366,Pune,West,1,1,1861.0,15153,292711.0,497710,57.32
1366,Solapur,West,1,2,7494.0,30506,292711.0,497710,57.32
1367,Kolhapur,East,1,3,9030.0,91918,272344.0,35397,57.22
1367,Mumbai,East,1,1,3368.0,12652,272344.0,35397,57.22
1367,Mumbai,South,1,2,2499.0,29294,272344.0,35397,57.22
1367,Mumbai,West,1,1,235.0,14448,272344.0,35397,57.22
1367,Nashik,East,1,1,2846.0,46907,272344.0,35397,57.22
1367,Pune,West,1,2,1734.0,74755,272344.0,35397,57.22
1367,Solapur,East,2,4,14913.433522,81129,272344.0,35397,57.22
1368,Kolhapur,North,1,1,1583.0,4737,557344.0,367619,12.97
1368,Kolhapur,West,1,1,1777.0,33943,557344.0,367619,12.97
1368,Mumbai,West,1,1,3350.0,31821,557344.0,367619,12.97
1369,Mumbai,East,1,8,22248.0,162452,620129.0,451495,2.32
1369,Mumbai,South,2,2,8554.0,20678,620129.0,451495,2.32
1369,Nagpur,East,1,1,2289.0,18619,620129.0,451495,2.32
1369,Nashik,South,1,3,3458.0,88962,620129.0,451495,2.32
1370,Mumbai,East,1,1,4667.0,39869,747492.0,323473,55.31
1370,Mumbai,North,1,1,4585.0,37754,747492.0,323473,55.31
1370,Mumbai,South,1,1,2646.0,34523,747492.0,323473,55.31
1370,Nagpur,East,1,2,565.0,27896,747492.0,323473,55.31
1370,Nagpur,North,1,1,3639.0,39468,747492.0,323473,55.31
1370,Pune,North,1,2,5001.0,62408,747492.0,323473,55.31
1370,Pune,South,2,4,7234.0,64909,747492.0,323473,55.31
1370,Solapur,East,1,1,3969.0,8167,747492.0,323473,55.31
1370,Solapur,West,2,2,2616.0,88840,747492.0,323473,55.31
1371,Kolhapur,North,1,1,477.0,25816,108846.0,109030,92.34
1371,Mumbai,South,1,2,7588.0,36999,108846.0,109030,92.34
1371,Nashik,East,1,1,3052.0,44009,108846.0,109030,92.34
1371,Pune,East,1,3,6231.0,116993,108846.0,109030,92.34
1371,Pune,North,1,1,1208.0,4476,108846.0,109030,92.34
1371,Solapur,South,1,2,5173.0,71743,108846.0,109030,92.34
1372,Kolhapur,West,1,2,4442.0,14203,373464.0,189481,68.92
1372,Nagpur,North,1,1,3824.0,37622,373464.0,189481,68.92
1372,Pune,East,1,2,4848.0,78346,373464.0,189481,68.92
1372,Pune,West,1,1,1218.0,34264,373464.0,189481,68.92
1372,Solapur,North,1,2,4199.0,62256,373464.0,189481,68.92
1373,Kolhapur,North,1,1,2679.0,10105,609020.0,316593,-15.61
1373,Kolhapur,West,1,2,4331.0,23675,609020.0,316593,-15.61
1373,Nagpur,West,1,1,2124.0,35369,609020.0,316593,-15.61
1373,Nashik,South,1,1,773.0,21779,609020.0,316593,-15.61
1373,Pune,South,1,1,105.0,25158,609020.0,316593,-15.61
1373,Solapur,South,1,1,1896.0,29836,609020.0,316593,-15.61
1374,Nashik,West,1,1,154.0,25479,923057.0,322105,94.4
1374,Pune,West,1,1,2181.0,32859,923057.0,322105,94.4
1375,Kolhapur,East,1,1,6627.420213,44084,120736.0,264483,41.46
1375,Kolhapur,West,1,2,3737.0,63381,120736.0,264483,41.46
1375,Mumbai,North,1,1,273.0,39231,120736.0,264483,41.46
1375,Nagpur,West,1,1,2211.0,6590,120736.0,264483,41.46
1375,Pune,South,1,1,877.0,11397,120736.0,264483,41.46
1375,Solapur,West,1,3,8169.0,44191,120736.0,264483,41.46
1376,Nashik,East,1,2,8254.0,39909,160996.0,394440,-33.13
1376,Nashik,North,2,3,6369.0,83194,160996.0,394440,-33.13
1376,Pune,South,1,1,296.3293397,11402,160996.0,394440,-33.13
1376,Pune,West,1,1,4439.0,37014,160996.0,394440,-33.13
1377,Kolhapur,North,1,2,2635.0,21339,128550.0,243978,0.53
1377,Mumbai,North,1,1,3962.0,46375,128550.0,243978,0.53
1377,Mumbai,West,3,3,13945.0,85867,128550.0,243978,0.53
1377,Nagpur,East,1,2,5815.0,62612,128550.0,243978,0.53
1377,Nashik,South,3,4,10764.0,52030,128550.0,243978,0.53
1377,Solapur,West,1,4,9564.794607,88201,128550.0,243978,0.53
1378,Mumbai,East,1,2,6949.0,57711,447483.0,23271,58.61
1378,Nagpur,East,1,1,3917.0,12656,447483.0,23271,58.61
1378,Nashik,South,1,2,6844.0,44545,447483.0,23271,58.61
1378,Pune,North,1,1,2189.0,37370,447483.0,23271,58.61
1378,Solapur,South,1,1,1606.0,4047,447483.0,23271,58.61
1379,Mumbai,West,1,2,3884.0,31685,730483.0,132472,80.47
1379,Nagpur,East,2,4,9605.0,87295,730483.0,132472,80.47
1379,Nagpur,South,1,1,2484.0,23730,730483.0,132472,80.47
1379,Solapur,South,1,1,874.0,49220,730483.0,132472,80.47
1380,Mumbai,West,1,1,1765.0,14548,798769.0,476145,29.42
1380,Nagpur,East,1,3,10227.0,58210,798769.0,476145,29.42
1380,Nagpur,South,2,2,5158.0,62039,798769.0,476145,29.42
1380,Nashik,East,1,1,4891.0,25513,798769.0,476145,29.42
1380,Solapur,South,1,2,8142.0,28740,798769.0,476145,29.42
1381,Kolhapur,North,1,1,381.0,35678,265881.0,410382,-29.34
1381,Mumbai,North,1,1,2579.0,12963,265881.0,410382,-29.34
1381,Mumbai,South,1,1,2015.0,23262,265881.0,410382,-29.34
1381,Nagpur,East,1,2,6219.0,61471,265881.0,410382,-29.34
1381,Nashik,South,1,3,10842.0,56980,265881.0,410382,-29.34
1382,Kolhapur,East,1,1,4083.0,14030,786093.0,359588,-31.47
1382,Mumbai,East,1,2,993.0,20639,786093.0,359588,-31.47
1382,Mumbai,West,1,1,1369.0,7594,786093.0,359588,-31.47
1382,Nashik,South,1,3,4417.0,59218,786093.0,359588,-31.47
1382,Nashik,West,1,2,7589.0,57294,786093.0,359588,-31.47
1382,Pune,North,1,1,4817.0,16105,786093.0,359588,-31.47
1382,Solapur,North,1,2,6755.0,44343,786093.0,359588,-31.47
1383,Kolhapur,East,1,2,4671.0,68445,101491.0,324643,-1.11
1383,Mumbai,East,1,2,4130.0,28016,101491.0,324643,-1.11
1383,Solapur,North,1,1,685.0,12662,101491.0,324643,-1.11
1384,Kolhapur,East,2,2,1263.0,59572,823023.0,235914,-44.37
1384,Pune,North,1,2,3045.0,39938,823023.0,235914,-44.37
1385,Kolhapur,East,2,2,4006.0,66025,162794.0,220711,12.78
1385,Nashik,East,1,2,1517.0,45980,162794.0,220711,12.78
1385,Nashik,North,1,1,4255.0,47438,162794.0,220711,12.78
1385,Pune,East,1,5,12692.0,142601,162794.0,220711,12.78
1385,Solapur,South,1,1,244.0,37928,162794.0,220711,12.78
1386,Kolhapur,East,1,4,13364.0,117400,320839.0,465441,66.57
1386,Nagpur,North,1,2,7197.0,37415,320839.0,465441,66.57
1386,Nagpur,West,1,3,8174.5651083,80335,320839.0,465441,66.57
1386,Nashik,South,2,2,2920.0,64521,320839.0,465441,66.57
1386,Nashik,West,1,1,3329.0,25029,320839.0,465441,66.57
1386,Solapur,East,1,1,2786.0,22276,320839.0,465441,66.57
1386,Solapur,North,1,1,1949.0,10783,320839.0,465441,66.57
1387,Kolhapur,East,1,1,4376.0,46392,979088.0,71997,19.15
1387,Kolhapur,North,1,1,668.0,43248,979088.0,71997,19.15
1387,Kolhapur,West,1,1,631.0,6823,979088.0,71997,19.15
1387,Mumbai,North,1,2,2306.0,90362,979088.0,71997,19.15
1387,Nagpur,South,1,1,4680.0,10753,979088.0,71997,19.15
1387,Nagpur,West,2,3,10394.0,95853,979088.0,71997,19.15
1387,Nashik,North,1,1,2452.0,7316,979088.0,71997,19.15
1387,Pune,North,2,4,12650.0,91079,979088.0,71997,19.15
1387,Pune,West,2,3,5645.0,62180,979088.0,71997,19.15
1387,Solapur,North,1,1,2603.0,44019,979088.0,71997,19.15
1387,Solapur,West,1,2,4922.0,49332,979088.0,71997,19.15
1388,Kolhapur,West,1,1,3304.0,47229,160800.0,438950,74.55
1388,Mumbai,North,1,2,4045.0,27945,160800.0,438950,74.55
1388,Pune,East,1,3,7797.0,103281,160800.0,438950,74.55
1388,Pune,West,1,1,2365.0,4799,160800.0,438950,74.55
1388,Solapur,North,1,1,2122.0,18623,160800.0,438950,74.55
1388,Solapur,West,4,6,13245.32496,108693,160800.0,438950,74.55
1389,Nagpur,South,2,3,8652.0,23314,273275.0,234513,48.59
1389,Nashik,West,2,3,8220.0,45068,273275.0,234513,48.59
1389,Solapur,West,1,1,4791.0,10622,273275.0,234513,48.59
1390,Kolhapur,West,1,2,2106.0,51319,839704.0,410807,-21.0
1390,Nashik,South,1,2,6587.079495,44011,839704.0,410807,-21.0
1390,Pune,East,1,1,712.0,25682,839704.0,410807,-21.0
1391,Kolhapur,South,1,1,692.0,31434,789537.0,473749,-17.84
1391,Mumbai,South,1,1,2523.0,14229,789537.0,473749,-17.84
1391,Nagpur,West,1,2,1976.0,36694,789537.0,473749,-17.84
1391,Nashik,North,1,1,1383.0,21907,789537.0,473749,-17.84
1391,Pune,East,2,5,11724.8654,113173,789537.0,473749,-17.84
1391,Pune,North,1,1,1082.0,15363,789537.0,473749,-17.84
1391,Pune,South,1,2,7614.0,58635,789537.0,473749,-17.84
1392,Nashik,North,1,1,1260.0,38777,503525.0,49446,2.45
1392,Nashik,West,1,3,9135.0,48863,503525.0,49446,2.45
1392,Solapur,North,1,1,2480.0,1937,503525.0,49446,2.45
1392,Solapur,South,1,1,3863.0,46834,503525.0,49446,2.45
1393,Kolhapur,North,1,2,7398.0,38785,744621.0,473731,30.71
1393,Kolhapur,West,1,2,1754.0,40417,744621.0,473731,30.71
1393,Mumbai,East,1,2,5631.0,25614,744621.0,473731,30.71
1393,Mumbai,North,3,6,19299.0,184342,744621.0,473731,30.71
1393,Pune,East,1,4,8336.0,120769,744621.0,473731,30.71
1393,Pune,West,1,2,2087.0,25569,744621.0,473731,30.71
1393,Solapur,North,1,1,3893.0,13044,744621.0,473731,30.71
1394,Kolhapur,West,1,1,4401.0,8748,651591.0,389920,51.74
1394,Mumbai,North,1,2,3195.0,70231,651591.0,389920,51.74
1394,Nagpur,East,1,1,4184.0,34358,651591.0,389920,51.74
1394,Nashik,North,1,2,5679.0,17168,651591.0,389920,51.74
1394,Pune,South,1,1,4256.0,39148,651591.0,389920,51.74
1394,Solapur,West,1,1,2426.0,7949,651591.0,389920,51.74
1395,Kolhapur,East,2,3,6484.0,91220,268875.0,25917,-24.04
1395,Mumbai,West,1,1,105.0,29362,268875.0,25917,-24.04
1395,Pune,West,1,1,4660.0,49831,268875.0,25917,-24.04
1396,Kolhapur,South,2,2,3576.0,22096,292921.0,228111,-27.01
1396,Mumbai,East,1,1,277.0,34070,292921.0,228111,-27.01
1396,Nashik,East,1,1,2944.0,1499,292921.0,228111,-27.01
1397,Nashik,North,1,1,3886.0,34105,516918.0,219231,-48.14
1397,Pune,East,1,4,10880.7763436,115208,516918.0,219231,-48.14
1398,Mumbai,East,1,3,6572.0,44857,86814.0,87041,-33.07
1398,Mumbai,North,2,4,12421.0,78474,86814.0,87041,-33.07
1398,Mumbai,West,1,1,2021.0,40108,86814.0,87041,-33.07
1398,Nagpur,West,1,1,1676.0,19510,86814.0,87041,-33.07
1398,Nashik,North,1,2,7403.0,54417,86814.0,87041,-33.07
1398,Nashik,West,1,2,5334.0,46080,86814.0,87041,-33.07
1398,Pune,North,2,2,5934.241308000001,79212,86814.0,87041,-33.07
1399,Kolhapur,West,1,1,4303.0,31747,140607.0,234585,62.78
1399,Nagpur,West,1,1,2128.0,47559,140607.0,234585,62.78
1399,Nashik,East,1,1,3386.0,4023,140607.0,234585,62.78
1399,Pune,West,3,4,8187.0,125723,140607.0,234585,62.78
1399,Solapur,West,1,1,884.0,38120,140607.0,234585,62.78
1400,Kolhapur,South,1,2,4376.0,45317,358287.0,117596,-41.69
1400,Mumbai,West,1,2,5166.222202,79704,358287.0,117596,-41.69
1400,Pune,West,1,2,5640.0,70951,358287.0,117596,-41.69
1401,Nagpur,East,1,2,1863.0,41028,854747.0,345701,40.87
1401,Pune,East,1,2,7789.0,32281,854747.0,345701,40.87
1401,Pune,North,1,1,505.0,31475,854747.0,345701,40.87
1401,Solapur,South,1,2,6338.439315,70975,854747.0,345701,40.87
1402,Mumbai,South,2,4,9863.0,47119,,450528,40.13
1402,Nagpur,South,1,1,384.0,19360,,450528,40.13
1402,Nagpur,West,1,2,7152.0,67475,,450528,40.13
1402,Nashik,South,1,2,4738.0,70865,,450528,40.13
1402,Pune,East,2,6,13205.0,152272,,450528,40.13
1402,Pune,South,1,2,2950.0,55876,,450528,40.13
1402,Pune,West,1,1,2765.0,12264,,450528,40.13
1403,Kolhapur,West,1,1,1393.0,17384,567940.0,228473,98.88
1403,Nagpur,East,1,1,3108.0,19099,567940.0,228473,98.88
1403,Nashik,North,1,1,2950.266067,1271,567940.0,228473,98.88
1403,Nashik,South,1,1,4830.0,36303,567940.0,228473,98.88
1403,Nashik,West,1,3,9577.0,42141,567940.0,228473,98.88
1403,Pune,East,2,2,5456.0,90624,567940.0,228473,98.88
1403,Pune,South,1,1,1712.780304,36379,567940.0,228473,98.88
1403,Solapur,East,2,3,9759.0,101085,567940.0,228473,98.88
1403,Solapur,South,1,1,3342.0,37243,567940.0,228473,98.88
1404,Solapur,North,2,3,7672.0,103337,255785.0,51718,51.65
1404,Solapur,South,1,1,4439.0,39273,255785.0,51718,51.65
1405,Kolhapur,West,1,1,4028.0,47128,683776.0,240446,54.89
1405,Mumbai,East,1,1,3838.0,7349,683776.0,240446,54.89
1405,Nagpur,West,1,3,6290.0,30862,683776.0,240446,54.89
1405,Nashik,North,2,3,8461.0,80971,683776.0,240446,54.89
1405,Nashik,West,1,2,6266.0,64916,683776.0,240446,54.89
1405,Pune,South,1,1,3453.0,36768,683776.0,240446,54.89
1406,Kolhapur,North,1,1,3134.427275,1092,,301277,-36.56
1406,Kolhapur,South,1,2,6144.0,62489,,301277,-36.56
1406,Mumbai,West,1,2,2614.0,69026,,301277,-36.56
1406,Nagpur,North,2,2,6393.0,87164,,301277,-36.56
1406,Pune,North,1,2,3109.0,62534,,301277,-36.56
1406,Solapur,East,1,1,304.0,5735,,301277,-36.56
1407,Nagpur,North,1,2,8816.0,54212,308658.0,177863,81.45
1407,Solapur,East,2,3,10117.0,111560,308658.0,177863,81.45
1407,Solapur,West,1,2,3709.0,37454,308658.0,177863,81.45
1408,Mumbai,East,1,1,2324.0,14388,370620.0,166023,-2.0
1408,Nagpur,East,1,3,10467.0,67501,370620.0,166023,-2.0
1408,Nagpur,North,1,1,4070.0,19200,370620.0,166023,-2.0
1408,Nagpur,South,1,2,2791.0,68879,370620.0,166023,-2.0
1409,Mumbai,South,1,2,4817.0,54221,943377.0,446561,-3.12
1409,Nagpur,East,1,1,1238.0,37570,943377.0,446561,-3.12
1409,Nagpur,North,1,2,2539.0,26548,943377.0,446561,-3.12
1409,Nagpur,South,1,2,9800.85052,44882,943377.0,446561,-3.12
1409,Nagpur,West,1,2,4876.0,54656,943377.0,446561,-3.12
1409,Nashik,North,1,1,3133.315904,39715,943377.0,446561,-3.12
1409,Nashik,South,1,1,2344.0,33617,943377.0,446561,-3.12
1409,Nashik,West,1,1,4313.0,30641,943377.0,446561,-3.12
1409,Pune,South,1,1,1600.0,45058,943377.0,446561,-3.12
1409,Solapur,South,1,1,483.0,12961,943377.0,446561,-3.12
1409,Solapur,West,1,3,5809.0,65354,943377.0,446561,-3.12
1410,Kolhapur,East,2,4,15393.0,121555,674319.0,447914,19.85
1410,Mumbai,East,1,1,1628.0,13781,674319.0,447914,19.85
1410,Nashik,West,2,2,3953.0,26326,674319.0,447914,19.85
1410,Pune,West,1,1,2768.0,45316,674319.0,447914,19.85
1410,Solapur,North,1,1,790.0,26551,674319.0,447914,19.85
1411,Kolhapur,East,1,1,4427.0,29789,553190.0,20620,56.15
1411,Kolhapur,West,1,1,2597.0,26437,553190.0,20620,56.15
1411,Solapur,East,1,1,1543.310662,10118,553190.0,20620,56.15
1412,Kolhapur,South,1,2,7164.0,67523,741045.0,274003,-5.83
1412,Nagpur,East,1,1,262.0,12171,741045.0,274003,-5.83
1412,Nashik,West,1,1,1979.0,11850,741045.0,274003,-5.83
1412,Solapur,North,1,1,3840.0,13163,741045.0,274003,-5.83
1413,Kolhapur,North,1,1,1477.0,37931,767738.0,280413,66.63
1413,Mumbai,North,1,3,5056.570651,72530,767738.0,280413,66.63
1413,Nagpur,South,1,2,5857.0,55988,767738.0,280413,66.63
1413,Nagpur,West,2,2,7571.0,37148,767738.0,280413,66.63
1413,Pune,North,1,1,2227.0,10696,767738.0,280413,66.63
1414,Kolhapur,East,1,1,3869.0,28140,179730.0,33160,-13.16
1414,Kolhapur,West,1,1,679.0,37642,179730.0,33160,-13.16
1414,Mumbai,South,1,2,8888.179185,73442,179730.0,33160,-13.16
1414,Nagpur,West,1,1,2295.0,48867,179730.0,33160,-13.16
1414,Nashik,North,1,3,10394.0,79387,179730.0,33160,-13.16
1414,Nashik,West,1,1,2483.0,38120,179730.0,33160,-13.16
1414,Solapur,South,1,1,3018.0,31089,179730.0,33160,-13.16
1414,Solapur,West,1,1,380.0,12208,179730.0,33160,-13.16
1415,Mumbai,North,2,5,9141.0,110312,257337.0,76101,-31.59
1415,Mumbai,South,1,1,221.0,23476,257337.0,76101,-31.59
1415,Nagpur,East,1,1,3764.0,40230,257337.0,76101,-31.59
1415,Nagpur,South,1,2,6649.0,52182,257337.0,76101,-31.59
1415,Pune,North,1,2,5693.0,57973,257337.0,76101,-31.59
1415,Pune,South,1,1,698.0,26068,257337.0,76101,-31.59
1416,Nagpur,West,2,4,10237.626490999999,100631,590360.0,52605,54.5
1416,Pune,East,1,2,4099.0,9004,590360.0,52605,54.5
1416,Pune,South,1,1,845.0,42076,590360.0,52605,54.5
1416,Solapur,West,1,1,2799.0,32121,590360.0,52605,54.5
1417,Mumbai,South,1,1,1223.0,13396,528802.0,41116,88.24
1417,Nashik,East,1,1,3454.0,14264,528802.0,41116,88.24
1417,Solapur,East,1,2,1221.2014536000001,75581,528802.0,41116,88.24
1418,Kolhapur,South,1,2,2156.0,42704,168529.0,150902,86.45
1418,Mumbai,East,2,6,7851.0,126847,168529.0,150902,86.45
1418,Nagpur,East,2,3,7350.0,97616,168529.0,150902,86.45
1418,Nashik,East,1,1,2425.0,34592,168529.0,150902,86.45
1418,Nashik,North,1,2,1407.0,41648,168529.0,150902,86.45
1418,Nashik,South,1,1,2071.0,30933,168529.0,150902,86.45
1418,Solapur,North,1,1,2940.0,40089,168529.0,150902,86.45
1418,Solapur,West,1,2,5669.0,37965,168529.0,150902,86.45
1419,Kolhapur,East,1,2,5035.8709949,42973,75078.0,396884,-40.62
1419,Nashik,East,2,3,7406.0,86747,75078.0,396884,-40.62
1419,Solapur,East,1,3,2160.0,43958,75078.0,396884,-40.62
1419,Solapur,South,1,1,2428.0,32961,75078.0,396884,-40.62
1420,Mumbai,North,1,1,2719.0,23608,488290.0,311023,8.75
1420,Mumbai,South,1,4,12172.0,68394,488290.0,311023,8.75
1420,Nagpur,North,1,1,4240.0,7123,488290.0,311023,8.75
1420,Nashik,North,1,1,734.0,46342,488290.0,311023,8.75
1420,Nashik,South,1,2,3456.0,41534,488290.0,311023,8.75
1420,Pune,East,1,2,3973.0,53320,488290.0,311023,8.75
1420,Pune,West,2,2,2516.6603645,24822,488290.0,311023,8.75
1421,Nagpur,East,1,2,5378.0,40900,647760.0,233210,-6.9
1421,Nagpur,North,1,4,7478.0,83593,647760.0,233210,-6.9
1421,Nagpur,South,2,2,4135.9742925,68123,647760.0,233210,-6.9
1421,Nashik,East,1,4,6900.0,80036,647760.0,233210,-6.9
1421,Nashik,South,2,3,7758.0,73504,647760.0,233210,-6.9
1422,Nagpur,North,1,1,1764.0,2515,53700.0,41560,18.2
1422,Pune,East,1,1,4642.0,43954,53700.0,41560,18.2
1422,Solapur,East,1,2,6769.031532,64476,53700.0,41560,18.2
1422,Solapur,North,1,1,4970.0,39221,53700.0,41560,18.2
1422,Solapur,South,1,1,2408.0,38528,53700.0,41560,18.2
1423,Mumbai,West,1,2,8735.0,32848,789910.0,95222,-42.43
1423,Nashik,East,1,1,998.0,32464,789910.0,95222,-42.43
1423,Nashik,South,1,1,4106.0,49903,789910.0,95222,-42.43
1423,Pune,West,1,3,1657.0,39004,789910.0,95222,-42.43
1423,Solapur,East,1,4,15744.0,103055,789910.0,95222,-42.43
1424,Mumbai,East,1,4,12877.0,103482,541465.0,31127,11.61
1424,Mumbai,West,1,2,8438.0,38817,541465.0,31127,11.61
1424,Nagpur,North,1,1,4054.0,47392,541465.0,31127,11.61
1424,Nashik,East,1,1,4088.0,16904,541465.0,31127,11.61
1424,Pune,East,1,2,2197.0,49906,541465.0,31127,11.61
1424,Pune,North,2,4,9781.0,126145,541465.0,31127,11.61
1425,Kolhapur,South,1,3,6659.0,104943,456769.0,336341,94.14
1425,Mumbai,North,1,1,4628.0,45374,456769.0,336341,94.14
1425,Nashik,North,1,2,3002.0,35741,456769.0,336341,94.14
1425,Nashik,West,1,1,3164.0,26942,456769.0,336341,94.14
1425,Pune,South,1,2,5108.0,68188,456769.0,336341,94.14
1425,Solapur,North,1,2,5355.0,44717,456769.0,336341,94.14
1425,Solapur,West,1,2,5044.893977,72287,456769.0,336341,94.14
1426,Kolhapur,East,2,3,10251.0,72046,313492.0,260416,35.04
1426,Mumbai,East,1,1,184.0,20335,313492.0,260416,35.04
1426,Pune,East,1,1,4031.0,33498,313492.0,260416,35.04
1426,Pune,North,1,1,505.0,16835,313492.0,260416,35.04
1426,Pune,South,1,5,15915.0,97426,313492.0,260416,35.04
1426,Solapur,East,1,2,8540.0,72854,313492.0,260416,35.04
1427,Kolhapur,West,1,1,2395.0,38975,306103.0,469109,-17.41
1427,Nashik,South,1,1,1342.0,42893,306103.0,469109,-17.41
1427,Pune,South,1,1,1687.0,5242,306103.0,469109,-17.41
1427,Solapur,North,1,1,3028.0,29010,306103.0,469109,-17.41
1428,Kolhapur,East,1,2,5381.0,56754,69590.0,445766,71.38
1428,Kolhapur,North,1,1,3889.0,26325,69590.0,445766,71.38
1428,Mumbai,South,1,1,4041.0,41558,69590.0,445766,71.38
1428,Nashik,East,1,1,4471.0,27695,69590.0,445766,71.38
1428,Nashik,North,2,5,11296.0,91547,69590.0,445766,71.38
1428,Solapur,South,1,1,2260.0,15906,69590.0,445766,71.38
1429,Kolhapur,East,2,6,14821.0,179807,828037.0,107503,9.6
1429,Mumbai,East,1,1,3869.0,26939,828037.0,107503,9.6
1429,Nashik,North,1,2,8503.0,25846,828037.0,107503,9.6
1429,Pune,North,1,2,6370.0,69599,828037.0,107503,9.6
1429,Pune,South,1,1,453.0,34515,828037.0,107503,9.6
1429,Solapur,South,2,2,1218.0,51705,828037.0,107503,9.6
1430,Kolhapur,East,1,1,2648.0,3310,858613.0,88611,-40.43
1430,Kolhapur,South,1,1,100.0,20220,858613.0,88611,-40.43
1430,Nagpur,South,1,2,1013.0,55594,858613.0,88611,-40.43
1430,Nashik,North,1,3,10208.0,76780,858613.0,88611,-40.43
1430,Solapur,North,1,1,4410.0,36457,858613.0,88611,-40.43
1430,Solapur,West,1,3,5104.0,34160,858613.0,88611,-40.43
1431,Kolhapur,South,1,1,284.0,28394,272579.0,121037,2.86
1431,Mumbai,East,1,2,4639.0,36289,272579.0,121037,2.86
1431,Mumbai,West,1,1,1872.0,38926,272579.0,121037,2.86
1431,Nagpur,East,1,1,642.0,48866,272579.0,121037,2.86
1431,Nashik,North,1,5,9856.984448,104013,272579.0,121037,2.86
1431,Nashik,West,1,2,5753.0,43347,272579.0,121037,2.86
1431,Solapur,South,1,1,2518.0,17753,272579.0,121037,2.86
1431,Solapur,West,1,2,5912.0,34758,272579.0,121037,2.86
1432,Mumbai,West,1,1,4798.0,11433,603737.0,116877,72.11
1432,Pune,East,1,1,574.0,17337,603737.0,116877,72.11
1432,Pune,North,1,1,161.0,40302,603737.0,116877,72.11
1433,Mumbai,West,2,4,11410.0,91945,859751.0,391706,-16.86
1433,Nashik,North,1,1,1775.980434,18351,859751.0,391706,-16.86
1433,Nashik,South,1,2,3728.931579,55310,859751.0,391706,-16.86
1433,Pune,North,1,1,2473.0,7449,859751.0,391706,-16.86
1433,Pune,South,1,1,2897.0,9491,859751.0,391706,-16.86
1434,Mumbai,East,1,1,332.0,32306,489301.0,273646,-1.02
1434,Mumbai,North,1,1,1066.0,6724,489301.0,273646,-1.02
1434,Nagpur,North,1,1,4234.0,39354,489301.0,273646,-1.02
1435,Kolhapur,North,1,1,1096.0,3708,134459.0,440240,-9.27
1435,Kolhapur,West,1,1,463.0,8069,134459.0,440240,-9.27
1435,Mumbai,South,1,1,4851.0,15697,134459.0,440240,-9.27
1435,Nagpur,South,1,1,292.0,29022,134459.0,440240,-9.27
1435,Nashik,South,1,2,7416.0,62228,134459.0,440240,-9.27
1435,Pune,South,1,1,1819.0,45144,134459.0,440240,-9.27
1435,Pune,West,1,1,2853.0,48913,134459.0,440240,-9.27
1436,Kolhapur,West,1,2,6128.0,67768,300473.0,208702,84.71
1436,Nagpur,North,1,2,3466.8681070000002,65005,300473.0,208702,84.71
1436,Nagpur,South,1,1,595.0,34969,300473.0,208702,84.71
1436,Nagpur,West,1,3,10047.0,88495,300473.0,208702,84.71
1436,Nashik,North,1,2,7647.0,37093,300473.0,208702,84.71
1436,Pune,North,1,1,683.0,21230,300473.0,208702,84.71
1436,Pune,West,1,4,14841.039111,95931,300473.0,208702,84.71
1437,Mumbai,East,1,3,5696.0,100429,,33606,-5.87
1437,Mumbai,South,1,6,16119.810784000001,141431,,33606,-5.87
1437,Nagpur,South,1,1,796.0445891,42246,,33606,-5.87
1437,Nashik,South,2,5,7139.0,220946,,33606,-5.87
1437,Pune,South,1,2,4683.0,89403,,33606,-5.87
1437,Pune,West,1,4,3276.0,41838,,33606,-5.87
1437,Solapur,West,1,1,2418.0,33842,,33606,-5.87
1438,Kolhapur,South,2,4,13372.0,79253,821078.0,332798,-13.95
1438,Mumbai,North,1,1,1772.0,30357,821078.0,332798,-13.95
1438,Mumbai,South,1,2,3326.0,19490,821078.0,332798,-13.95
1438,Nagpur,East,1,2,6800.0,75389,821078.0,332798,-13.95
1438,Nashik,East,2,4,12728.0,69274,821078.0,332798,-13.95
1438,Solapur,West,1,1,2387.0,1574,821078.0,332798,-13.95
1439,Mumbai,South,1,2,1626.0,49966,727750.0,258306,89.08
1439,Nashik,East,1,1,3904.0,29993,727750.0,258306,89.08
1439,Nashik,North,2,5,8136.0,196277,727750.0,258306,89.08
1439,Pune,East,1,2,5691.0,70812,727750.0,258306,89.08
1439,Pune,South,1,2,4884.0,60840,727750.0,258306,89.08
1440,Kolhapur,North,1,1,4720.0,8886,351661.0,372597,99.97
1440,Mumbai,West,1,1,3080.0,13785,351661.0,372597,99.97
1440,Nagpur,North,1,3,7251.0,92390,351661.0,372597,99.97
1440,Nagpur,West,1,2,4841.0,49155,351661.0,372597,99.97
1440,Nashik,South,1,2,4779.0,43097,351661.0,372597,99.97
1441,Kolhapur,West,1,2,7025.0,85139,426239.0,342623,39.04
1441,Nashik,East,1,1,4326.0,23837,426239.0,342623,39.04
1441,Nashik,West,1,2,8745.236907999999,43674,426239.0,342623,39.04
1441,Solapur,South,1,2,4618.0,50822,426239.0,342623,39.04
1442,Kolhapur,East,2,7,11681.156636,193575,82218.0,361570,90.22
1442,Kolhapur,North,1,2,4443.0,54010,82218.0,361570,90.22
1442,Kolhapur,South,1,1,787.0,37643,82218.0,361570,90.22
1442,Nashik,North,1,4,13663.0,123877,82218.0,361570,90.22
1442,Solapur,East,1,1,3733.0,30852,82218.0,361570,90.22
1443,Kolhapur,East,1,1,1164.0,29535,852336.0,338353,65.21
1443,Mumbai,South,1,2,7026.0,62055,852336.0,338353,65.21
1443,Nashik,North,1,1,2317.0,31466,852336.0,338353,65.21
1444,Mumbai,South,1,1,347.0,3700,831890.0,165588,-21.86
1444,Nashik,East,1,3,9334.0,52920,831890.0,165588,-21.86
1444,Pune,North,1,3,7874.0,51936,831890.0,165588,-21.86
1444,Pune,West,1,1,2955.0,16263,831890.0,165588,-21.86
1445,Mumbai,East,2,3,8119.0,124205,521225.0,208347,52.59
1445,Nagpur,West,1,1,2487.0,38042,521225.0,208347,52.59
1445,Nashik,East,3,5,14016.0,135298,521225.0,208347,52.59
1445,Nashik,North,1,1,966.0,34936,521225.0,208347,52.59
1446,Kolhapur,West,1,2,4648.0,74801,171254.0,439801,68.52
1446,Mumbai,East,1,1,263.0,42705,171254.0,439801,68.52
1446,Mumbai,West,1,1,1289.0,24322,171254.0,439801,68.52
1446,Nashik,South,1,1,406.0,45591,171254.0,439801,68.52
1446,Pune,North,1,2,4633.0,59325,171254.0,439801,68.52
1447,Kolhapur,North,1,1,1784.0,7111,690515.0,183554,61.45
1447,Kolhapur,South,1,1,586.0,14346,690515.0,183554,61.45
1447,Nashik,East,1,1,1585.0,39821,690515.0,183554,61.45
1447,Nashik,South,1,3,9312.0,63832,690515.0,183554,61.45
1448,Mumbai,East,1,2,5274.0,46358,810315.0,487186,29.49
1448,Mumbai,South,1,3,10108.338952,66835,810315.0,487186,29.49
1449,Kolhapur,South,1,1,4119.0,36647,386804.0,216567,27.28
1449,Mumbai,East,2,3,4121.0,88620,386804.0,216567,27.28
1449,Nagpur,North,1,2,2965.0,77153,386804.0,216567,27.28
1449,Nashik,East,1,1,3773.0,33365,386804.0,216567,27.28
1449,Nashik,West,1,1,1138.0,49740,386804.0,216567,27.28
1449,Solapur,East,1,2,5002.0,61018,386804.0,216567,27.28
1450,Kolhapur,North,1,3,6979.0,76691,115604.0,220281,73.28
1450,Mumbai,East,1,1,3092.626805,13198,115604.0,220281,73.28
1450,Nagpur,East,2,5,20053.0,113575,115604.0,220281,73.28
1450,Nagpur,North,2,4,15367.0,107761,115604.0,220281,73.28
1450,Nashik,South,1,3,9508.0,85076,115604.0,220281,73.28
1450,Nashik,West,1,4,15870.0,97998,115604.0,220281,73.28
1450,Pune,South,1,2,5047.0,72915,115604.0,220281,73.28
1451,Kolhapur,North,1,1,4418.0,20974,477806.0,416067,53.35
1451,Mumbai,East,1,1,2282.0,23453,477806.0,416067,53.35
1451,Nashik,North,1,1,1770.0,40459,477806.0,416067,53.35
1451,Solapur,East,1,2,3092.0,58743,477806.0,416067,53.35
1452,Mumbai,North,1,4,9269.594722,88447,643703.0,157044,68.94
1452,Mumbai,South,1,2,5830.0,59763,643703.0,157044,68.94
1452,Mumbai,West,2,4,12344.0,97307,643703.0,157044,68.94
1452,Nashik,East,2,3,9662.0,66221,643703.0,157044,68.94
1452,Nashik,South,1,2,3588.0,32954,643703.0,157044,68.94
1452,Nashik,West,1,5,10790.0,89645,643703.0,157044,68.94
1452,Pune,West,1,1,3473.0,43086,643703.0,157044,68.94
1453,Kolhapur,South,1,1,1829.0,36013,517372.0,226511,-18.88
1453,Nagpur,West,1,3,6978.0,86955,517372.0,226511,-18.88
1454,Kolhapur,West,1,2,954.0,28290,424741.0,433559,94.96
1454,Mumbai,East,1,1,3188.0,12499,424741.0,433559,94.96
1454,Nagpur,East,1,1,1307.0,28104,424741.0,433559,94.96
1454,Nagpur,North,1,1,771.0,16665,424741.0,433559,94.96
1454,Nagpur,West,1,1,1535.894869,16452,424741.0,433559,94.96
1454,Nashik,North,1,3,6957.0,82652,424741.0,433559,94.96
1454,Solapur,North,1,1,1888.0,1512,424741.0,433559,94.96
1455,Kolhapur,East,1,1,2606.0,19338,649848.0,219280,59.92
1455,Kolhapur,West,1,1,574.0,9253,649848.0,219280,59.92
1455,Mumbai,North,1,3,9617.792717,65069,649848.0,219280,59.92
1455,Mumbai,West,1,1,2938.0,16651,649848.0,219280,59.92
1455,Nashik,South,1,2,3257.0,78180,649848.0,219280,59.92
1455,Pune,North,1,4,6696.0,80952,649848.0,219280,59.92
1455,Solapur,South,1,1,3378.0,13208,649848.0,219280,59.92
1455,Solapur,West,3,4,10277.6229412,74996,649848.0,219280,59.92
1456,Kolhapur,South,1,2,6278.0,30468,94487.0,424038,13.35
1456,Mumbai,West,1,1,673.0,27286,94487.0,424038,13.35
1456,Nagpur,South,1,1,3380.0,15184,94487.0,424038,13.35
1456,Nashik,East,1,3,7790.21349,93575,94487.0,424038,13.35
1456,Solapur,North,1,1,3076.0,47579,94487.0,424038,13.35
1457,Kolhapur,North,1,1,4466.0,29520,715759.0,36324,39.89
1457,Mumbai,South,1,2,9313.0,89098,715759.0,36324,39.89
1457,Mumbai,West,1,1,1046.0,26114,715759.0,36324,39.89
1457,Nagpur,South,1,2,5540.0,62941,715759.0,36324,39.89
1457,Pune,South,2,3,13063.398504,94039,715759.0,36324,39.89
1457,Solapur,South,3,5,17253.890648,91321,715759.0,36324,39.89
1458,Nagpur,East,1,1,3332.0,44383,118943.0,494910,45.97
1458,Nashik,East,1,1,2210.0,5359,118943.0,494910,45.97
1458,Pune,East,1,1,4483.0,44828,118943.0,494910,45.97
1458,Pune,North,1,2,8246.0,39233,118943.0,494910,45.97
1458,Pune,South,1,2,5037.0,23442,118943.0,494910,45.97
1458,Solapur,East,1,2,7578.0,13972,118943.0,494910,45.97
1459,Kolhapur,North,1,1,2759.0,11052,649437.0,238318,70.19
1459,Mumbai,West,1,3,7648.0,34699,649437.0,238318,70.19
1459,Pune,South,2,2,5598.0,76132,649437.0,238318,70.19
1459,Solapur,East,1,1,2593.668231,16580,649437.0,238318,70.19
1459,Solapur,North,1,1,3383.0,41821,649437.0,238318,70.19
1459,Solapur,West,3,3,7040.0,77709,649437.0,238318,70.19
1460,Mumbai,East,2,3,7216.0,74798,386303.0,369052,55.12
1460,Nagpur,East,2,3,9434.22709,48482,386303.0,369052,55.12
1460,Nagpur,South,1,1,3400.0,17203,386303.0,369052,55.12
1460,Pune,East,1,2,5299.0,67835,386303.0,369052,55.12
1460,Pune,North,1,2,6868.0,55666,386303.0,369052,55.12
1460,Solapur,North,1,1,1190.0,37802,386303.0,369052,55.12
1461,Mumbai,South,1,3,3726.0,96794,697084.0,483598,76.66
1461,Mumbai,West,1,2,7987.809222,40160,697084.0,483598,76.66
1462,Kolhapur,North,1,1,470.0,41106,526771.0,194721,9.21
1462,Mumbai,East,2,3,7185.9964424,64063,526771.0,194721,9.21
1462,Nagpur,South,1,1,1574.0,24680,526771.0,194721,9.21
1462,Nagpur,West,1,1,755.0,13248,526771.0,194721,9.21
1462,Nashik,East,1,1,1853.825067,46049,526771.0,194721,9.21
1462,Nashik,West,1,1,357.0,46594,526771.0,194721,9.21
1462,Pune,West,1,1,1530.0,30753,526771.0,194721,9.21
1462,Solapur,North,1,1,1906.0,27802,526771.0,194721,9.21
1463,Nashik,East,1,1,2354.441798,20960,265109.0,417201,13.19
1463,Nashik,North,2,3,10038.0,42635,265109.0,417201,13.19
1463,Solapur,South,1,1,1769.0,45988,265109.0,417201,13.19
1464,Kolhapur,West,1,1,4540.0,15185,104399.0,118487,-21.71
1464,Nashik,East,1,4,10042.0,143287,104399.0,118487,-21.71
1464,Pune,West,1,1,3558.0,43774,104399.0,118487,-21.71
1464,Solapur,North,1,1,1199.0,21850,104399.0,118487,-21.71
1465,Mumbai,East,1,1,186.8810085,15739,890078.0,23209,27.36
1465,Nagpur,North,1,2,3181.0,9032,890078.0,23209,27.36
1465,Nagpur,South,1,1,4201.0,26505,890078.0,23209,27.36
1465,Solapur,North,1,1,4397.0,43323,890078.0,23209,27.36
1466,Kolhapur,South,1,1,3259.0,49701,183130.0,369811,10.23
1466,Kolhapur,West,1,4,6875.922555,65359,183130.0,369811,10.23
1466,Nagpur,East,1,1,2508.0,48734,183130.0,369811,10.23
1466,Nashik,North,1,2,6566.0,9380,183130.0,369811,10.23
1466,Nashik,West,1,2,7231.0,52279,183130.0,369811,10.23
1466,Solapur,South,1,4,12276.0,126193,183130.0,369811,10.23
1467,Kolhapur,East,1,1,636.0,12763,344489.0,468557,49.73
1467,Mumbai,East,1,1,1476.0,10062,344489.0,468557,49.73
1467,Mumbai,West,1,1,1352.0,44645,344489.0,468557,49.73
1467,Nagpur,South,1,1,1259.0,29243,344489.0,468557,49.73
1467,Nagpur,West,1,2,1849.0,43283,344489.0,468557,49.73
1467,Nashik,South,1,1,2119.0,17669,344489.0,468557,49.73
1467,Pune,North,1,2,8379.0,34865,344489.0,468557,49.73
1467,Solapur,North,1,2,5982.661706,21499,344489.0,468557,49.73
1468,Kolhapur,North,1,1,4441.0,15750,768420.0,164449,40.44
1468,Mumbai,North,1,1,3268.0,21560,768420.0,164449,40.44
1468,Mumbai,West,1,1,100.0,39577,768420.0,164449,40.44
1468,Nagpur,North,1,3,2376.0,102778,768420.0,164449,40.44
1468,Nagpur,South,1,1,3207.0,43737,768420.0,164449,40.44
1468,Pune,South,2,5,11575.0,160433,768420.0,164449,40.44
1468,Solapur,West,1,5,15527.0,99576,768420.0,164449,40.44
1469,Kolhapur,East,1,1,1078.0,48538,553056.0,88617,78.62
1469,Mumbai,South,1,1,3685.0,34227,553056.0,88617,78.62
1470,Mumbai,West,1,1,3038.0,14930,769514.0,140825,-24.76
1470,Pune,East,1,1,775.0,15922,769514.0,140825,-24.76
1470,Pune,South,1,1,3878.0,45369,769514.0,140825,-24.76
1471,Mumbai,East,2,3,4311.0,49320,126190.0,160986,87.32
1471,Mumbai,North,1,1,3935.0,8941,126190.0,160986,87.32
1471,Mumbai,South,1,1,1923.0,7068,126190.0,160986,87.32
1471,Nashik,East,1,1,3928.0,29585,126190.0,160986,87.32
1471,Pune,East,1,1,1528.0,2153,126190.0,160986,87.32
1471,Solapur,West,1,1,1650.0,2166,126190.0,160986,87.32
1472,Kolhapur,East,1,1,1422.0,29032,338461.0,150023,-16.92
1472,Mumbai,South,1,3,7789.0,83540,338461.0,150023,-16.92
1472,Nagpur,East,2,2,4384.0,56551,338461.0,150023,-16.92
1472,Nagpur,North,1,1,2043.605278,29179,338461.0,150023,-16.92
1472,Nashik,West,1,3,10799.0,60959,338461.0,150023,-16.92
1472,Solapur,North,2,5,9878.0,127819,338461.0,150023,-16.92
1472,Solapur,South,1,1,2951.0,36813,338461.0,150023,-16.92
1473,Mumbai,West,1,2,6162.0,53728,866755.0,221547,58.11
1473,Nagpur,South,1,1,1003.0,15574,866755.0,221547,58.11
1474,Mumbai,West,1,1,720.0,42488,790000.0,144782,24.74
1474,Nagpur,South,1,2,7268.0,31497,790000.0,144782,24.74
1474,Nagpur,West,1,2,5081.0,41255,790000.0,144782,24.74
1474,Nashik,West,1,1,4680.0,32689,790000.0,144782,24.74
1474,Pune,East,1,2,3235.0,34751,790000.0,144782,24.74
1474,Solapur,East,1,1,4810.0,49563,790000.0,144782,24.74
1475,Kolhapur,North,1,2,6022.0,53986,542033.0,317064,55.4
1475,Mumbai,North,1,3,4667.0802386,65574,542033.0,317064,55.4
1475,Nagpur,West,2,2,4104.0,63021,542033.0,317064,55.4
1475,Nashik,North,1,1,2511.0,23138,542033.0,317064,55.4
1475,Solapur,North,2,2,4385.0,74088,542033.0,317064,55.4
1475,Solapur,South,1,1,4731.0,10289,542033.0,317064,55.4
1476,Nagpur,East,1,4,8687.0,86021,703846.0,335924,30.44
1476,Nashik,East,1,1,2965.0,19461,703846.0,335924,30.44
1476,Pune,South,1,1,2094.0,12519,703846.0,335924,30.44
1476,Solapur,South,1,1,688.0,5429,703846.0,335924,30.44
1477,Mumbai,North,1,2,5870.0,78014,142861.0,226640,47.86
1477,Nashik,South,1,2,8150.0,70681,142861.0,226640,47.86
1477,Pune,West,1,1,2161.0,39450,142861.0,226640,47.86
1478,Nagpur,South,1,1,3449.0,39412,207621.0,498299,62.8
1478,Nagpur,West,1,2,1684.7295998,73834,207621.0,498299,62.8
1478,Pune,South,1,1,223.0,46503,207621.0,498299,62.8
1478,Solapur,North,1,1,2486.0,21820,207621.0,498299,62.8
1479,Kolhapur,North,1,2,8105.0,55004,787828.0,455970,-21.03
1479,Kolhapur,West,1,1,1345.0,15428,787828.0,455970,-21.03
1479,Mumbai,West,1,2,1843.0,53761,787828.0,455970,-21.03
1479,Nagpur,West,1,2,4290.0,57493,787828.0,455970,-21.03
1479,Nashik,South,1,1,3741.0,12990,787828.0,455970,-21.03
1480,Mumbai,South,1,1,4611.0,11784,601129.0,335300,1.35
1480,Nashik,North,1,1,1499.0,3143,601129.0,335300,1.35
1480,Pune,East,1,1,2504.0,4873,601129.0,335300,1.35
1480,Solapur,South,1,2,6273.609109,44310,601129.0,335300,1.35
1481,Kolhapur,West,1,1,2645.0,19763,446161.0,431049,80.08
1481,Mumbai,West,1,2,3900.8996208,35022,446161.0,431049,80.08
1481,Nashik,South,1,2,3392.149266,73157,446161.0,431049,80.08
1481,Pune,East,1,4,4897.0,107922,446161.0,431049,80.08
1481,Solapur,West,1,1,3826.0,45008,446161.0,431049,80.08
1482,Kolhapur,North,1,1,4559.0,35344,140787.0,305083,75.42
1482,Mumbai,West,1,4,9915.0,76050,140787.0,305083,75.42
1482,Nagpur,East,2,3,8454.0,74921,140787.0,305083,75.42
1482,Nashik,South,1,2,7087.0,64411,140787.0,305083,75.42
1483,Kolhapur,North,1,2,8305.0,47560,969770.0,160996,52.17
1483,Kolhapur,South,1,3,5140.3603052,89805,969770.0,160996,52.17
1483,Kolhapur,West,1,1,3757.0,20896,969770.0,160996,52.17
1483,Mumbai,East,1,4,13099.0189519,130413,969770.0,160996,52.17
1483,Mumbai,West,1,1,1761.0,25215,969770.0,160996,52.17
1483,Pune,South,1,1,2663.0,26753,969770.0,160996,52.17
1483,Solapur,West,1,1,1456.0,40502,969770.0,160996,52.17
1484,Kolhapur,North,1,1,683.0,20619,329052.0,275615,-4.2
1484,Kolhapur,South,1,1,3924.0,31315,329052.0,275615,-4.2
1484,Mumbai,North,1,2,5051.0,19762,329052.0,275615,-4.2
1484,Pune,East,1,1,3767.0,25808,329052.0,275615,-4.2
1484,Pune,South,1,1,3076.0,39714,329052.0,275615,-4.2
1485,Kolhapur,South,1,1,3117.0,49599,297427.0,182486,-19.06
1485,Nagpur,East,1,1,4316.713458,8651,297427.0,182486,-19.06
1485,Pune,North,1,1,4820.0,27904,297427.0,182486,-19.06
1485,Pune,West,1,1,972.0,18462,297427.0,182486,-19.06
1486,Kolhapur,East,1,3,6320.0,109312,999975.0,471140,-42.72
1486,Kolhapur,North,1,2,6702.0,53562,999975.0,471140,-42.72
1486,Kolhapur,South,1,2,8032.0,47012,999975.0,471140,-42.72
1486,Mumbai,North,1,1,2886.0,1090,999975.0,471140,-42.72
1486,Mumbai,West,1,2,5023.0,63965,999975.0,471140,-42.72
1486,Nagpur,North,1,3,8599.0,70936,999975.0,471140,-42.72
1486,Nashik,South,1,1,3601.880356,47007,999975.0,471140,-42.72
1486,Nashik,West,1,1,156.0,24505,999975.0,471140,-42.72
1486,Pune,East,1,3,7910.0,33670,999975.0,471140,-42.72
1486,Pune,South,1,1,752.0,32830,999975.0,471140,-42.72
1486,Solapur,East,1,2,6382.0,54210,999975.0,471140,-42.72
1487,Nagpur,West,1,1,4923.0,28394,263362.0,262504,90.11
1487,Nashik,North,1,1,247.0,44444,263362.0,262504,90.11
1487,Solapur,East,1,1,5163.554838,30726,263362.0,262504,90.11
1487,Solapur,North,1,1,2564.0,39310,263362.0,262504,90.11
1487,Solapur,South,1,2,3422.4958742,90180,263362.0,262504,90.11
1488,Mumbai,North,1,3,9397.0,65573,80167.0,128157,45.38
1488,Nagpur,South,1,2,7583.0,86493,80167.0,128157,45.38
1488,Nagpur,West,1,1,272.0,21760,80167.0,128157,45.38
1488,Nashik,South,1,1,4797.0,6859,80167.0,128157,45.38
1488,Pune,West,1,2,1074.0,47320,80167.0,128157,45.38
1488,Solapur,North,1,1,708.0,37574,80167.0,128157,45.38
1488,Solapur,West,1,2,4194.0,18649,80167.0,128157,45.38
1489,Kolhapur,North,2,2,4041.0,50974,231799.0,84727,11.97
1489,Kolhapur,West,1,2,2528.0,54611,231799.0,84727,11.97
1489,Mumbai,North,1,1,1853.0,21713,231799.0,84727,11.97
1489,Mumbai,South,1,1,4800.0,4153,231799.0,84727,11.97
1489,Pune,East,1,1,4467.0,38817,231799.0,84727,11.97
1489,Pune,North,1,2,4151.0,32776,231799.0,84727,11.97
1490,Kolhapur,South,1,1,1360.0,15948,678240.0,119812,53.52
1490,Kolhapur,West,1,3,10731.0,71085,678240.0,119812,53.52
1490,Mumbai,South,2,2,4768.0,87047,678240.0,119812,53.52
1490,Pune,East,1,2,5554.0,19509,678240.0,119812,53.52
1490,Pune,North,1,1,1516.0,24364,678240.0,119812,53.52
1490,Solapur,West,1,2,5347.0,13399,678240.0,119812,53.52
1491,Mumbai,North,1,1,4853.0,48208,750710.0,103189,18.7
1491,Nagpur,West,2,3,7951.0,83212,750710.0,103189,18.7
1491,Pune,North,1,2,6846.3976299999995,72344,750710.0,103189,18.7
1491,Pune,West,1,2,4924.52721639,24561,750710.0,103189,18.7
1492,Kolhapur,West,1,1,2720.0,29132,944678.0,118934,2.6
1492,Nagpur,South,1,1,1642.0,2272,944678.0,118934,2.6
1492,Pune,South,1,1,2714.0,3096,944678.0,118934,2.6
1493,Kolhapur,East,1,2,3574.0,80989,397046.0,366876,25.17
1493,Mumbai,West,1,3,9086.002139,42808,397046.0,366876,25.17
1493,Nagpur,South,1,1,1961.0,32946,397046.0,366876,25.17
1493,Pune,North,1,1,1899.0,41695,397046.0,366876,25.17
1493,Solapur,South,1,1,3201.0,35966,397046.0,366876,25.17
1494,Kolhapur,East,1,3,10810.0,62167,85939.0,321982,60.49
1494,Mumbai,North,1,1,484.0,16611,85939.0,321982,60.49
1494,Mumbai,South,2,3,7607.0,92610,85939.0,321982,60.49
1494,Nashik,West,1,1,2325.0,39552,85939.0,321982,60.49
1494,Solapur,South,1,3,9584.0,112600,85939.0,321982,60.49
1495,Kolhapur,East,3,6,11669.0,173679,782387.0,95006,75.66
1495,Kolhapur,North,1,3,6599.0,124378,782387.0,95006,75.66
1495,Mumbai,East,3,6,10101.0,187737,782387.0,95006,75.66
1495,Mumbai,North,1,3,4920.0,67744,782387.0,95006,75.66
1495,Nagpur,South,1,1,1190.0,10439,782387.0,95006,75.66
1496,Kolhapur,East,1,1,1445.0,28321,593338.0,252822,-35.06
1496,Kolhapur,West,1,1,637.0,29402,593338.0,252822,-35.06
1496,Mumbai,East,1,1,4142.0,13199,593338.0,252822,-35.06
1496,Nagpur,South,3,3,6367.0,97824,593338.0,252822,-35.06
1496,Nashik,South,1,1,1869.0,8594,593338.0,252822,-35.06
1496,Nashik,West,1,1,3346.0,21565,593338.0,252822,-35.06
1496,Pune,West,1,2,4586.0,51364,593338.0,252822,-35.06
1497,Nagpur,North,1,1,4397.0,40003,232904.0,370413,-40.27
1497,Nagpur,South,1,2,3157.0,20916,232904.0,370413,-40.27
1497,Nagpur,West,1,1,1930.0,41210,232904.0,370413,-40.27
1497,Nashik,West,1,1,1661.0,26918,232904.0,370413,-40.27
1497,Solapur,West,1,1,4395.0,9914,232904.0,370413,-40.27
1498,Kolhapur,East,1,1,1992.0,48342,582253.0,34952,1.04
1498,Mumbai,South,1,1,3134.0,47144,582253.0,34952,1.04
1498,Nagpur,North,2,3,4610.0,42240,582253.0,34952,1.04
1498,Nagpur,West,1,1,4800.0,20174,582253.0,34952,1.04
1498,Nashik,East,2,2,6583.0,47494,582253.0,34952,1.04
1498,Nashik,West,1,2,6639.0,55333,582253.0,34952,1.04
1498,Pune,South,1,4,14119.0,143514,582253.0,34952,1.04
1499,Mumbai,South,1,2,5640.382782000001,58341,101014.0,232018,-44.13
1499,Nagpur,North,1,1,675.0,12606,101014.0,232018,-44.13
1499,Nagpur,South,1,1,2815.315288,49112,101014.0,232018,-44.13
1499,Nashik,East,1,2,3360.0,31335,101014.0,232018,-44.13
1499,Solapur,North,2,4,8661.0,134417,101014.0,232018,-44.13
1499,Solapur,South,1,2,4655.0,61002,101014.0,232018,-44.13
1500,Kolhapur,South,1,2,1745.0,72792,757389.0,429626,24.22
1500,Mumbai,East,2,2,3835.0,51239,757389.0,429626,24.22
1500,Mumbai,North,1,1,4217.0,5061,757389.0,429626,24.22
1500,Nashik,West,2,2,8119.0,34870,757389.0,429626,24.22
1500,Pune,North,1,1,4688.0,39218,757389.0,429626,24.22
1500,Pune,West,2,5,16265.0,152739,757389.0,429626,24.22
1501,Kolhapur,North,1,2,5280.123058,42040,629391.0,62900,73.59
1501,Kolhapur,South,2,2,6505.0,61362,629391.0,62900,73.59
1501,Kolhapur,West,1,2,3254.931678,18161,629391.0,62900,73.59
1501,Mumbai,North,1,2,6115.0,64881,629391.0,62900,73.59
1501,Mumbai,South,1,2,3131.0,39633,629391.0,62900,73.59
1501,Nashik,North,1,2,5201.0,68905,629391.0,62900,73.59
1501,Pune,East,1,2,4485.0,56167,629391.0,62900,73.59
1501,Pune,South,1,3,6653.0,59461,629391.0,62900,73.59
1501,Pune,West,1,1,4164.0,3198,629391.0,62900,73.59
1502,Kolhapur,North,2,2,5598.0,85460,235133.0,498806,2.15
1502,Kolhapur,South,1,1,3669.0,1366,235133.0,498806,2.15
1502,Mumbai,East,1,3,9955.0,60337,235133.0,498806,2.15
1502,Nagpur,East,1,1,4317.0,21388,235133.0,498806,2.15
1502,Nashik,West,1,2,8214.0,16618,235133.0,498806,2.15
1502,Pune,South,1,1,794.0,45949,235133.0,498806,2.15
1502,Pune,West,1,1,340.0,29535,235133.0,498806,2.15
1502,Solapur,South,1,2,4018.0,77305,235133.0,498806,2.15
1503,Kolhapur,East,2,6,12067.0,145192,103814.0,218245,21.37
1503,Kolhapur,South,1,1,1917.982709,24845,103814.0,218245,21.37
1503,Mumbai,West,1,2,3440.0,84592,103814.0,218245,21.37
1503,Nashik,South,2,4,10882.061924,117943,103814.0,218245,21.37
1504,Kolhapur,East,1,3,11512.0,83783,645900.0,329571,36.15
1504,Mumbai,East,1,1,4903.0,36040,645900.0,329571,36.15
1504,Pune,North,1,2,9107.0,28337,645900.0,329571,36.15
1504,Solapur,South,1,1,3514.0,30711,645900.0,329571,36.15
1505,Nagpur,North,1,1,516.0,41176,221265.0,280739,87.05
1505,Nagpur,West,1,5,7201.0,165116,221265.0,280739,87.05
1505,Nashik,East,1,1,1548.0,13376,221265.0,280739,87.05
1505,Pune,East,1,1,627.0,22657,221265.0,280739,87.05
1505,Solapur,West,1,1,1864.0,47733,221265.0,280739,87.05
1506,Kolhapur,West,1,1,3378.0,8093,63927.0,254606,88.99
1506,Mumbai,North,2,2,5294.192096000001,61887,63927.0,254606,88.99
1506,Mumbai,South,1,1,1853.0,27547,63927.0,254606,88.99
1506,Nagpur,South,1,1,4376.0,36466,63927.0,254606,88.99
1506,Nashik,North,1,2,5349.0,36541,63927.0,254606,88.99
1506,Solapur,North,1,1,1008.390635,36065,63927.0,254606,88.99
1507,Kolhapur,West,1,1,252.0,26402,767178.0,81892,44.78
1507,Mumbai,North,1,2,3025.0,50722,767178.0,81892,44.78
1507,Nagpur,South,1,1,4258.0,18014,767178.0,81892,44.78
1507,Solapur,East,1,2,5512.0,35440,767178.0,81892,44.78
1508,Kolhapur,East,1,1,997.0,9228,698309.0,159788,-48.47
1508,Kolhapur,North,1,1,145.0,20686,698309.0,159788,-48.47
1508,Kolhapur,West,1,2,4021.0,20188,698309.0,159788,-48.47
1508,Mumbai,North,2,5,5672.0,123602,698309.0,159788,-48.47
1508,Nashik,South,1,1,3504.0,46858,698309.0,159788,-48.47
1508,Pune,East,1,1,4506.0,1780,698309.0,159788,-48.47
1508,Pune,North,1,2,5996.0,79871,698309.0,159788,-48.47
1509,Kolhapur,South,1,1,1557.0,36805,365327.0,109068,-21.56
1509,Nagpur,East,1,1,549.0,22907,365327.0,109068,-21.56
1510,Kolhapur,West,2,3,9543.0,101440,79853.0,411839,-19.75
1510,Nagpur,West,1,1,2666.0,45874,79853.0,411839,-19.75
1510,Nashik,South,1,1,1665.0,29642,79853.0,411839,-19.75
1510,Pune,East,1,1,4584.0,42822,79853.0,411839,-19.75
1511,Mumbai,South,1,1,3824.248539,23389,708729.0,296722,39.84
1511,Nagpur,North,1,1,430.0,33828,708729.0,296722,39.84
1511,Nashik,North,2,3,2937.205116,124191,708729.0,296722,39.84
1511,Pune,North,1,2,5110.0,40030,708729.0,296722,39.84
1511,Solapur,South,1,1,1614.0,32092,708729.0,296722,39.84
1512,Nashik,North,1,1,678.0,22398,516524.0,34750,56.14
1512,Pune,East,1,1,1615.0,10860,516524.0,34750,56.14
1512,Pune,North,1,3,11351.0,60607,516524.0,34750,56.14
1512,Pune,South,1,1,1750.0,47640,516524.0,34750,56.14
1512,Solapur,South,1,2,4322.0,82803,516524.0,34750,56.14
1513,Mumbai,North,1,1,2579.0,14837,612349.0,424973,-36.65
1513,Solapur,West,1,1,1168.0,27654,612349.0,424973,-36.65
1514,Kolhapur,East,1,1,3763.0,11356,,289371,-6.55
1514,Kolhapur,West,2,2,6051.0,61450,,289371,-6.55
1514,Mumbai,East,1,1,4172.0,49949,,289371,-6.55
1514,Pune,South,1,1,4817.376734,24664,,289371,-6.55
1514,Solapur,East,1,1,3027.0,30007,,289371,-6.55
1515,Mumbai,North,1,1,982.0,30323,943560.0,228782,26.07
1515,Mumbai,South,1,1,1359.0,36998,943560.0,228782,26.07
1515,Nagpur,West,1,1,1819.0,12989,943560.0,228782,26.07
1515,Nashik,East,1,2,5908.0,66113,943560.0,228782,26.07
1515,Nashik,North,1,2,4624.0,31122,943560.0,228782,26.07
1515,Nashik,South,1,4,10919.0,86381,943560.0,228782,26.07
1515,Pune,East,2,4,9076.0,124217,943560.0,228782,26.07
1515,Pune,South,1,1,3683.0,20029,943560.0,228782,26.07
1516,Kolhapur,East,1,2,4862.0,53088,510682.0,212913,65.71
1516,Kolhapur,South,1,1,3831.0,14076,510682.0,212913,65.71
1516,Kolhapur,West,1,2,3325.0,49042,510682.0,212913,65.71
1516,Mumbai,North,1,1,4944.0,5416,510682.0,212913,65.71
1516,Mumbai,South,1,2,3831.0,54146,510682.0,212913,65.71
1516,Nagpur,East,1,1,1682.0,39637,510682.0,212913,65.71
1516,Nagpur,South,1,2,2957.0,5104,510682.0,212913,65.71
1516,Nashik,South,2,3,8372.0,48287,510682.0,212913,65.71
1516,Pune,East,1,3,11542.085809,38555,510682.0,212913,65.71
1516,Pune,South,1,1,3219.0,45151,510682.0,212913,65.71
1516,Solapur,East,1,1,1782.0,4943,510682.0,212913,65.71
1516,Solapur,North,1,1,4695.0,13749,510682.0,212913,65.71
1517,Kolhapur,North,1,1,3944.0,13400,518806.0,168583,1.67
1517,Kolhapur,South,1,2,5316.0,79862,518806.0,168583,1.67
1517,Nagpur,East,1,2,4432.0,77085,518806.0,168583,1.67
1517,Nagpur,West,1,2,2787.0,63448,518806.0,168583,1.67
1517,Nashik,East,1,1,2479.0,31736,518806.0,168583,1.67
1517,Nashik,South,1,1,1979.0,1695,518806.0,168583,1.67
1517,Pune,West,2,3,7494.0,38743,518806.0,168583,1.67
1517,Solapur,North,1,2,6452.918015,60898,518806.0,168583,1.67
1518,Kolhapur,East,1,1,1396.0,48824,213986.0,236304,24.58
1518,Kolhapur,West,1,3,8953.0,53968,213986.0,236304,24.58
1518,Nagpur,East,1,2,1373.5110933,6301,213986.0,236304,24.58
1518,Nashik,West,1,2,4915.368852,75813,213986.0,236304,24.58
1519,Kolhapur,South,1,1,4351.0,33440,401069.0,412209,24.42
1519,Mumbai,South,1,1,4302.0,1906,401069.0,412209,24.42
1519,Nashik,West,1,2,2672.0,49695,401069.0,412209,24.42
1520,Kolhapur,North,1,1,299.0,14466,721288.0,411579,89.01
1520,Kolhapur,South,1,1,431.0,13073,721288.0,411579,89.01
1520,Mumbai,East,1,1,267.0,26154,721288.0,411579,89.01
1520,Mumbai,North,1,1,1094.0,40379,721288.0,411579,89.01
1520,Nagpur,South,1,1,3700.0,36387,721288.0,411579,89.01
1520,Nashik,South,1,3,7714.0,98996,721288.0,411579,89.01
1520,Solapur,North,1,2,6339.0,75691,721288.0,411579,89.01
1521,Nashik,East,1,1,2416.391366,48310,164239.0,240935,76.78
1521,Pune,East,1,1,1968.0,43981,164239.0,240935,76.78
1521,Pune,North,1,2,9157.0,41481,164239.0,240935,76.78
1521,Solapur,East,1,3,3474.0,121427,164239.0,240935,76.78
1522,Mumbai,South,1,4,13150.0,142791,588533.0,71483,78.68
1522,Nashik,East,1,2,4107.0,44638,588533.0,71483,78.68
1522,Pune,East,3,6,14437.0,140872,588533.0,71483,78.68
1522,Pune,West,1,2,4482.0,48858,588533.0,71483,78.68
1522,Solapur,South,1,1,3128.0,27929,588533.0,71483,78.68
1523,Kolhapur,West,1,2,5567.0,46479,183638.0,395229,-25.01
1523,Nagpur,West,1,1,3090.0,17168,183638.0,395229,-25.01
1523,Nashik,West,1,2,4876.0,69825,183638.0,395229,-25.01
1523,Pune,East,1,2,6957.0,46334,183638.0,395229,-25.01
1523,Pune,North,1,1,3686.0,22255,183638.0,395229,-25.01
1523,Pune,South,1,1,1442.0,24904,183638.0,395229,-25.01
1523,Pune,West,2,3,7140.0,64684,183638.0,395229,-25.01
1523,Solapur,West,1,1,4048.0,15123,183638.0,395229,-25.01
1524,Mumbai,East,1,1,4331.0,18775,976883.0,461037,85.12
1524,Mumbai,North,2,4,8469.0,80313,976883.0,461037,85.12
1524,Nagpur,North,1,2,6890.0,49055,976883.0,461037,85.12
1524,Nagpur,West,1,1,1904.0,1714,976883.0,461037,85.12
1524,Pune,North,1,1,3780.0,11129,976883.0,461037,85.12
1524,Pune,South,1,1,2978.0,33284,976883.0,461037,85.12
1524,Solapur,West,1,2,5248.0,91888,976883.0,461037,85.12
1525,Kolhapur,East,1,1,2402.0,15487,478631.0,24036,9.06
1525,Kolhapur,North,1,2,4373.0,88412,478631.0,24036,9.06
1525,Kolhapur,South,1,3,3611.0,66430,478631.0,24036,9.06
1525,Nashik,North,1,1,4811.0,44090,478631.0,24036,9.06
1525,Nashik,South,1,2,1765.59695931,83602,478631.0,24036,9.06
1526,Nashik,East,1,2,7675.0,68882,698900.0,195121,31.71
1526,Nashik,West,1,1,2436.0,34842,698900.0,195121,31.71
1526,Pune,South,1,1,3308.0,4111,698900.0,195121,31.71
1526,Pune,West,1,1,1441.0,19954,698900.0,195121,31.71
1527,Kolhapur,East,1,2,2987.0,35261,926106.0,81190,42.15
1527,Kolhapur,North,1,3,3870.0,88727,926106.0,81190,42.15
1527,Mumbai,South,1,1,2276.0,20483,926106.0,81190,42.15
1527,Nagpur,East,1,1,1519.0,40211,926106.0,81190,42.15
1527,Nagpur,West,1,3,5803.0,82249,926106.0,81190,42.15
1527,Nashik,South,1,1,1557.0,1079,926106.0,81190,42.15
1527,Solapur,East,1,1,113.0,15200,926106.0,81190,42.15
1527,Solapur,South,1,1,2518.0,17601,926106.0,81190,42.15
1527,Solapur,West,1,1,1534.0,9086,926106.0,81190,42.15
1528,Kolhapur,South,1,1,3353.0,45687,838335.0,185585,14.53
1528,Mumbai,West,1,1,3207.0,41657,838335.0,185585,14.53
1528,Nagpur,East,1,1,4929.0,12350,838335.0,185585,14.53
1528,Nashik,East,1,1,3804.0,1048,838335.0,185585,14.53
1529,Kolhapur,North,1,1,1329.0,35786,99318.0,329650,1.49
1529,Kolhapur,South,1,3,5620.0,72009,99318.0,329650,1.49
1529,Kolhapur,West,1,1,3572.0,26664,99318.0,329650,1.49
1529,Mumbai,East,1,2,7421.0,57836,99318.0,329650,1.49
1529,Pune,East,1,2,1705.6293839999998,80426,99318.0,329650,1.49
1529,Pune,North,2,5,12015.037968,146522,99318.0,329650,1.49
1529,Pune,South,1,1,3121.0,21682,99318.0,329650,1.49
1529,Solapur,North,1,2,4908.0,68916,99318.0,329650,1.49
1530,Mumbai,East,1,6,14816.141137999999,209055,314730.0,200082,-12.8
1530,Nagpur,East,1,1,1013.0,10723,314730.0,200082,-12.8
1530,Nashik,West,1,1,1955.0,24967,314730.0,200082,-12.8
1530,Pune,North,1,1,3854.0,27740,314730.0,200082,-12.8
1530,Pune,West,1,1,4900.0,35502,314730.0,200082,-12.8
1530,Solapur,East,1,3,6249.0,45702,314730.0,200082,-12.8
1531,Mumbai,West,1,1,1013.0,25507,837353.0,423407,27.03
1531,Nagpur,North,1,1,3605.0,45274,837353.0,423407,27.03
1531,Nagpur,South,1,1,4823.0,11514,837353.0,423407,27.03
1531,Nagpur,West,1,1,3685.0,48387,837353.0,423407,27.03
1531,Pune,South,1,3,8705.515144,57614,837353.0,423407,27.03
1531,Solapur,West,1,2,5631.0,34566,837353.0,423407,27.03
1532,Kolhapur,East,1,2,3936.0,65092,387137.0,288541,75.64
1532,Kolhapur,North,1,1,2606.0,42386,387137.0,288541,75.64
1532,Mumbai,East,2,3,8695.671573,55580,387137.0,288541,75.64
1532,Nagpur,North,1,1,448.0,38142,387137.0,288541,75.64
1532,Nashik,East,1,2,7420.0,59726,387137.0,288541,75.64
1532,Pune,East,1,3,9200.0,100581,387137.0,288541,75.64
1532,Solapur,North,1,1,589.0,49932,387137.0,288541,75.64
1533,Kolhapur,East,1,1,2276.0,27921,182856.0,20654,64.78
1533,Nagpur,North,2,3,6338.66954,76101,182856.0,20654,64.78
1533,Nashik,North,1,2,6810.0,33997,182856.0,20654,64.78
1533,Nashik,West,2,3,3621.0,29436,182856.0,20654,64.78
1533,Pune,East,1,1,121.0,30032,182856.0,20654,64.78
1534,Kolhapur,North,1,1,4029.0,27047,620056.0,235991,26.49
1534,Pune,East,1,2,8139.0,66567,620056.0,235991,26.49
1534,Solapur,East,1,1,3581.0,31284,620056.0,235991,26.49
1535,Kolhapur,West,2,4,9452.0,86662,278807.0,216511,1.42
1535,Mumbai,East,1,1,2454.0,31333,278807.0,216511,1.42
1535,Mumbai,South,1,4,8812.0,101321,278807.0,216511,1.42
1535,Pune,East,1,1,3360.0,25899,278807.0,216511,1.42
1535,Pune,South,1,1,1709.192138,7657,278807.0,216511,1.42
1535,Solapur,South,1,1,208.0,43268,278807.0,216511,1.42
1536,Kolhapur,East,1,1,3618.0,6607,500718.0,426442,-48.09
1536,Kolhapur,North,1,3,10377.422222000001,100311,500718.0,426442,-48.09
1536,Mumbai,South,1,1,398.0,12413,500718.0,426442,-48.09
1536,Nagpur,North,1,1,3914.0,25187,500718.0,426442,-48.09
1536,Nagpur,South,1,1,356.0,22028,500718.0,426442,-48.09
1536,Pune,West,1,2,3419.0,22935,500718.0,426442,-48.09
1536,Solapur,South,1,1,488.0,26071,500718.0,426442,-48.09
1536,Solapur,West,1,1,315.0,10345,500718.0,426442,-48.09
1537,Nagpur,South,1,3,7373.0,100878,61579.0,216097,-18.84
1537,Nashik,South,1,2,1790.0,51269,61579.0,216097,-18.84
1537,Solapur,North,1,3,9899.0,98609,61579.0,216097,-18.84
1538,Kolhapur,East,1,2,6008.0,47162,486359.0,133756,-21.98
1538,Nagpur,East,1,2,6622.0,51871,486359.0,133756,-21.98
1538,Nagpur,South,2,2,5001.0,67310,486359.0,133756,-21.98
1538,Nashik,South,1,1,3525.0,3005,486359.0,133756,-21.98
1538,Nashik,West,1,1,492.0,45421,486359.0,133756,-21.98
1538,Solapur,West,1,1,3727.0,31304,486359.0,133756,-21.98
1539,Kolhapur,North,1,2,6740.0,13173,100981.0,435718,38.25
1539,Mumbai,East,1,1,3719.0,41138,100981.0,435718,38.25
1539,Mumbai,South,1,2,5690.0,35965,100981.0,435718,38.25
1539,Nashik,North,1,1,1558.0,1842,100981.0,435718,38.25
1539,Pune,East,1,1,3164.0,29307,100981.0,435718,38.25
1539,Pune,North,1,1,2664.0,31519,100981.0,435718,38.25
1539,Pune,South,1,2,5401.0,53048,100981.0,435718,38.25
1539,Pune,West,1,4,13473.0,124662,100981.0,435718,38.25
1540,Kolhapur,East,1,1,1266.0,31719,490746.0,259224,88.11
1540,Kolhapur,South,2,3,9893.0,88667,490746.0,259224,88.11
1540,Mumbai,East,1,1,1304.0,1294,490746.0,259224,88.11
1540,Nagpur,South,1,1,4923.0,47851,490746.0,259224,88.11
1540,Nagpur,West,1,1,1524.0,42415,490746.0,259224,88.11
1540,Nashik,East,1,3,6336.0,44945,490746.0,259224,88.11
1540,Nashik,North,2,3,6816.0,75963,490746.0,259224,88.11
1540,Pune,North,1,1,4121.0,48822,490746.0,259224,88.11
1540,Pune,West,1,2,8268.0,56392,490746.0,259224,88.11
1540,Solapur,East,2,3,10207.0,63345,490746.0,259224,88.11
1541,Mumbai,West,1,2,7551.0,92025,118188.0,75897,-2.57
1541,Nagpur,North,1,2,1678.0,29341,118188.0,75897,-2.57
1541,Nashik,West,1,2,6946.0,71679,118188.0,75897,-2.57
1541,Pune,South,1,2,2258.079228,31323,118188.0,75897,-2.57
1541,Solapur,East,1,1,1229.0,39577,118188.0,75897,-2.57
1541,Solapur,South,1,4,7346.0,112913,118188.0,75897,-2.57
1542,Kolhapur,North,2,2,2090.0,58719,438639.0,76596,68.97
1542,Mumbai,East,1,2,2458.0,55539,438639.0,76596,68.97
1542,Nagpur,East,1,1,3414.0,45926,438639.0,76596,68.97
1542,Nagpur,North,1,1,4092.0,33651,438639.0,76596,68.97
1542,Pune,South,1,1,4309.0,44485,438639.0,76596,68.97
1543,Mumbai,North,1,1,4709.0,18164,335267.0,266335,-0.54
1543,Nagpur,East,1,2,7417.0,63627,335267.0,266335,-0.54
1543,Nashik,South,1,1,3509.0,47089,335267.0,266335,-0.54
1543,Pune,North,1,1,843.0,24887,335267.0,266335,-0.54
1543,Solapur,East,1,1,2847.0,36957,335267.0,266335,-0.54
1544,Kolhapur,South,1,2,4424.0,78078,995324.0,430464,94.62
1544,Kolhapur,West,1,3,8110.0,79072,995324.0,430464,94.62
1544,Mumbai,South,1,2,5069.0,59570,995324.0,430464,94.62
1544,Nashik,North,1,2,5214.0,44379,995324.0,430464,94.62
1544,Pune,North,1,1,2337.0,24713,995324.0,430464,94.62
1544,Pune,West,1,1,1070.0,42743,995324.0,430464,94.62
1544,Solapur,South,1,2,4235.0,17132,995324.0,430464,94.62
1545,Kolhapur,East,1,2,3296.0,84953,954948.0,417476,-20.77
1545,Pune,East,1,3,7593.0,55034,954948.0,417476,-20.77
1545,Solapur,North,1,1,820.0,31742,954948.0,417476,-20.77
1546,Kolhapur,West,1,1,3330.0,49703,,67502,11.03
1546,Mumbai,North,3,5,10197.6037008,140669,,67502,11.03
1546,Mumbai,South,1,1,104.0,31601,,67502,11.03
1546,Nagpur,East,2,4,9231.0,130439,,67502,11.03
1546,Nashik,East,1,2,2998.0,38129,,67502,11.03
1547,Kolhapur,North,1,1,1436.0,13364,950693.0,104508,-27.6
1547,Mumbai,North,1,1,4609.0,36991,950693.0,104508,-27.6
1547,Solapur,West,1,1,361.0,3585,950693.0,104508,-27.6
1548,Kolhapur,East,1,2,7269.0,46716,990730.0,406514,-16.07
1548,Mumbai,South,1,1,1610.0,41733,990730.0,406514,-16.07
1548,Nagpur,North,2,4,14138.0,67088,990730.0,406514,-16.07
1548,Nashik,East,1,2,8932.0,26510,990730.0,406514,-16.07
1548,Pune,East,1,2,8967.0,84298,990730.0,406514,-16.07
1548,Solapur,East,1,1,1430.0,4574,990730.0,406514,-16.07
1549,Kolhapur,South,1,3,6684.0,40767,106960.0,371902,-34.11
1549,Kolhapur,West,1,1,1316.0,14179,106960.0,371902,-34.11
1549,Mumbai,South,1,2,3712.0,34175,106960.0,371902,-34.11
1549,Nagpur,West,1,1,2201.0,5166,106960.0,371902,-34.11
1549,Nashik,East,1,1,2614.0,16270,106960.0,371902,-34.11
1549,Nashik,North,1,1,922.0,40946,106960.0,371902,-34.11
1549,Pune,South,1,1,4137.0,44763,106960.0,371902,-34.11
1550,Nashik,North,1,2,2561.673025,32491,455408.0,434758,-33.57
1550,Nashik,West,1,1,2832.0,34321,455408.0,434758,-33.57
1550,Pune,North,1,2,1969.0,64199,455408.0,434758,-33.57
1550,Solapur,East,1,1,2151.0,4150,455408.0,434758,-33.57
1550,Solapur,South,1,1,2517.0,34823,455408.0,434758,-33.57
1551,Kolhapur,South,2,3,11608.0,83745,527544.0,379038,44.27
1551,Mumbai,West,1,1,1851.0,45928,527544.0,379038,44.27
1551,Pune,West,1,1,802.0,16374,527544.0,379038,44.27
1552,Nagpur,West,1,1,2459.0,2796,629812.0,436697,67.58
1552,Pune,East,1,3,9587.0,106137,629812.0,436697,67.58
1552,Solapur,North,1,1,278.0,14320,629812.0,436697,67.58
1553,Kolhapur,East,1,3,3218.0,52570,224110.0,150800,-37.85
1553,Kolhapur,South,1,1,2550.0,42391,224110.0,150800,-37.85
1553,Nagpur,West,1,3,9682.0,58175,224110.0,150800,-37.85
1553,Pune,South,2,2,3095.0,69336,224110.0,150800,-37.85
1553,Pune,West,1,1,4776.0,32131,224110.0,150800,-37.85
1553,Solapur,North,1,1,1841.0,11363,224110.0,150800,-37.85
1553,Solapur,West,1,1,2627.0,43687,224110.0,150800,-37.85
1554,Kolhapur,South,2,5,16504.0,186383,636342.0,322246,-16.8
1554,Solapur,South,1,2,1656.0,24958,636342.0,322246,-16.8
1555,Kolhapur,West,1,1,266.0,42994,319006.0,363767,-1.84
1555,Mumbai,West,2,3,5446.77102,59889,319006.0,363767,-1.84
1555,Nashik,South,1,1,2650.0,36131,319006.0,363767,-1.84
1555,Pune,East,1,2,3618.0,51208,319006.0,363767,-1.84
1555,Pune,South,1,1,459.0,20394,319006.0,363767,-1.84
1555,Pune,West,2,2,3779.0,58136,319006.0,363767,-1.84
1555,Solapur,South,1,1,4101.0,43232,319006.0,363767,-1.84
1556,Kolhapur,North,1,1,354.0,9700,565205.0,94738,90.52
1556,Nashik,East,1,1,2999.0,8061,565205.0,94738,90.52
1556,Solapur,North,1,1,2317.0,41024,565205.0,94738,90.52
1557,Kolhapur,West,1,1,616.0,30610,528963.0,202030,39.71
1557,Mumbai,East,1,3,4179.299843,123513,528963.0,202030,39.71
1557,Mumbai,North,1,2,8794.350284,45694,528963.0,202030,39.71
1557,Mumbai,South,2,3,12745.0,32445,528963.0,202030,39.71
1557,Nashik,North,1,2,5082.0,36196,528963.0,202030,39.71
1557,Nashik,West,1,3,6329.0,99088,528963.0,202030,39.71
1557,Pune,West,1,1,2727.0,4872,528963.0,202030,39.71
1557,Solapur,North,1,2,6303.0,16524,528963.0,202030,39.71
1558,Kolhapur,South,1,1,565.0,10714,910448.0,44568,-33.91
1558,Nagpur,North,1,2,4474.0,30123,910448.0,44568,-33.91
1558,Nashik,West,1,2,8798.0,77393,910448.0,44568,-33.91
1559,Mumbai,West,1,1,2985.0,9738,298901.0,353623,5.46
1559,Nashik,East,1,1,3813.0,48508,298901.0,353623,5.46
1559,Nashik,West,1,1,454.6253334,46503,298901.0,353623,5.46
1559,Pune,North,1,1,342.0,10362,298901.0,353623,5.46
1559,Pune,West,1,1,3533.0,15198,298901.0,353623,5.46
1560,Kolhapur,North,1,2,4978.0,46638,503578.0,357407,57.28
1560,Kolhapur,South,1,1,4211.0,21622,503578.0,357407,57.28
1560,Nashik,North,1,2,3877.0,53775,503578.0,357407,57.28
1560,Pune,West,1,1,451.0,16459,503578.0,357407,57.28
1560,Solapur,South,1,2,4833.0,39319,503578.0,357407,57.28
1561,Kolhapur,South,2,3,9819.0,85464,926590.0,128317,96.74
1561,Mumbai,West,1,2,3056.0,30255,926590.0,128317,96.74
1561,Nagpur,East,1,1,1008.0,16638,926590.0,128317,96.74
1561,Nashik,South,1,1,4595.0,44176,926590.0,128317,96.74
1561,Solapur,East,1,3,9823.0,95914,926590.0,128317,96.74
1562,Nagpur,East,1,1,4054.0,30080,804517.0,472888,60.76
1562,Nagpur,North,1,1,2343.0,8041,804517.0,472888,60.76
1562,Nagpur,South,1,1,4206.0,34250,804517.0,472888,60.76
1562,Nashik,North,1,1,2080.0,37156,804517.0,472888,60.76
1563,Kolhapur,West,1,1,3034.0,47397,189921.0,492763,-22.82
1563,Mumbai,West,1,1,3868.0,30151,189921.0,492763,-22.82
1563,Nashik,North,1,1,3432.0,16294,189921.0,492763,-22.82
1563,Nashik,West,1,1,1382.0,31192,189921.0,492763,-22.82
1563,Solapur,East,1,1,163.0,33022,189921.0,492763,-22.82
1564,Mumbai,West,1,1,515.0,27546,764357.0,390222,72.88
1564,Nagpur,South,1,3,6997.4802039999995,66344,764357.0,390222,72.88
1564,Nagpur,West,1,1,2931.0,46123,764357.0,390222,72.88
1564,Pune,East,1,1,3069.0,3650,764357.0,390222,72.88
1564,Pune,West,3,5,14230.0,148886,764357.0,390222,72.88
1564,Solapur,East,1,3,11379.0,63435,764357.0,390222,72.88
1565,Kolhapur,South,1,1,4167.0,21774,721991.0,31600,-49.5
1565,Kolhapur,West,1,1,953.0,17958,721991.0,31600,-49.5
1565,Mumbai,North,1,1,1577.0,1739,721991.0,31600,-49.5
1565,Mumbai,South,1,1,864.0,30648,721991.0,31600,-49.5
1565,Mumbai,West,1,1,1012.0,40145,721991.0,31600,-49.5
1565,Nagpur,South,1,2,4859.0,48315,721991.0,31600,-49.5
1565,Nashik,East,1,3,9086.0,93229,721991.0,31600,-49.5
1565,Nashik,North,1,1,3230.0,42492,721991.0,31600,-49.5
1565,Pune,West,1,2,5574.0,25888,721991.0,31600,-49.5
1565,Solapur,South,1,1,2209.0,46573,721991.0,31600,-49.5
1566,Kolhapur,South,1,1,2342.861252,6384,699406.0,70871,22.36
1566,Mumbai,West,1,1,738.0,24937,699406.0,70871,22.36
1566,Nagpur,North,1,3,8872.0,109289,699406.0,70871,22.36
1566,Nagpur,West,2,3,11848.0,68843,699406.0,70871,22.36
1566,Pune,West,1,1,3989.0,38787,699406.0,70871,22.36
1566,Solapur,West,2,2,5467.0,42501,699406.0,70871,22.36
1567,Mumbai,East,1,1,1154.0,43537,714027.0,455164,1.76
1567,Nagpur,East,1,2,6068.0,63293,714027.0,455164,1.76
1567,Pune,East,2,3,8123.0,103935,714027.0,455164,1.76
1567,Pune,North,3,3,7596.149084000001,75207,714027.0,455164,1.76
1567,Solapur,East,1,1,1270.0,41666,714027.0,455164,1.76
1569,Kolhapur,North,1,1,3919.0,3287,237225.0,129997,-43.11
1569,Kolhapur,South,1,2,4194.0,74486,237225.0,129997,-43.11
1569,Mumbai,East,1,3,6259.0,65389,237225.0,129997,-43.11
1569,Mumbai,West,2,3,6946.0,86846,237225.0,129997,-43.11
1569,Nagpur,West,1,1,890.0,24441,237225.0,129997,-43.11
1569,Nashik,East,2,4,11558.0,67590,237225.0,129997,-43.11
1569,Nashik,South,1,1,4859.0,32577,237225.0,129997,-43.11
1569,Nashik,West,1,1,2403.0,38645,237225.0,129997,-43.11
1569,Pune,North,1,1,4453.0,31410,237225.0,129997,-43.11
1570,Mumbai,East,2,3,8910.857338,52920,149665.0,311714,-11.66
1570,Nagpur,North,1,2,1086.0883959,47947,149665.0,311714,-11.66
1570,Nagpur,West,1,2,5643.0,74809,149665.0,311714,-11.66
1570,Pune,South,1,2,8314.0,42186,149665.0,311714,-11.66
1570,Pune,West,2,5,16082.0,66706,149665.0,311714,-11.66
1571,Mumbai,North,1,1,1459.085144,8028,75223.0,495797,-11.02
1571,Nagpur,North,1,2,963.0,66022,75223.0,495797,-11.02
1571,Nagpur,South,1,3,7261.0,71141,75223.0,495797,-11.02
1571,Nagpur,West,1,1,3838.0,16237,75223.0,495797,-11.02
1571,Nashik,West,1,1,696.0,9593,75223.0,495797,-11.02
1571,Pune,East,1,2,2860.0,37200,75223.0,495797,-11.02
1571,Solapur,North,1,1,4882.0,41196,75223.0,495797,-11.02
1571,Solapur,South,1,1,103.0,2290,75223.0,495797,-11.02
1571,Solapur,West,1,5,16203.0,118362,75223.0,495797,-11.02
1572,Kolhapur,East,2,2,3342.0,71534,221013.0,415123,13.51
1572,Mumbai,North,1,2,4379.0,59566,221013.0,415123,13.51
1572,Mumbai,South,1,1,351.0,31842,221013.0,415123,13.51
1572,Mumbai,West,1,1,1168.0,27521,221013.0,415123,13.51
1572,Pune,South,2,2,6570.0,66601,221013.0,415123,13.51
1572,Solapur,North,1,1,3575.0,48775,221013.0,415123,13.51
1572,Solapur,South,1,1,4443.0,22387,221013.0,415123,13.51
1573,Kolhapur,South,1,1,3001.0,14428,821574.0,462787,88.5
1573,Nagpur,East,1,1,1374.0,37986,821574.0,462787,88.5
1573,Nagpur,West,1,4,9328.0,95356,821574.0,462787,88.5
1573,Nashik,East,3,4,11983.0,159038,821574.0,462787,88.5
1573,Solapur,North,1,1,200.0,19648,821574.0,462787,88.5
1573,Solapur,West,1,1,3191.0,16942,821574.0,462787,88.5
1574,Nagpur,East,1,2,5769.0,38192,51241.0,394133,47.89
1574,Nagpur,South,1,1,3095.0,35777,51241.0,394133,47.89
1574,Nashik,North,1,1,1418.0,47534,51241.0,394133,47.89
1574,Nashik,West,1,1,422.0,29664,51241.0,394133,47.89
1574,Pune,East,2,2,4193.0,81831,51241.0,394133,47.89
1574,Solapur,East,1,2,578.0,74811,51241.0,394133,47.89
1574,Solapur,North,1,1,2622.0,17425,51241.0,394133,47.89
1575,Kolhapur,North,1,1,3679.0,17914,96126.0,482084,-31.79
1575,Kolhapur,West,1,1,993.0,20350,96126.0,482084,-31.79
1575,Nagpur,East,1,1,3966.0,31849,96126.0,482084,-31.79
1575,Nagpur,South,1,4,6680.0,115566,96126.0,482084,-31.79
1575,Nashik,South,1,1,805.0,21582,96126.0,482084,-31.79
1575,Nashik,West,2,3,6140.4559561999995,49237,96126.0,482084,-31.79
1575,Pune,East,1,1,2564.0,27918,96126.0,482084,-31.79
1575,Pune,South,1,1,4695.0,3775,96126.0,482084,-31.79
1575,Solapur,East,1,3,5850.2439298,96971,96126.0,482084,-31.79
1576,Kolhapur,East,1,1,4834.0,26396,543086.0,473927,73.73
1576,Mumbai,North,1,2,5038.0,48769,543086.0,473927,73.73
1576,Nagpur,North,1,3,5205.0,92139,543086.0,473927,73.73
1576,Nagpur,South,1,1,2669.0,20591,543086.0,473927,73.73
1576,Nashik,South,1,1,4861.0,48614,543086.0,473927,73.73
1576,Pune,North,1,1,4712.0,21212,543086.0,473927,73.73
1576,Pune,West,1,2,4333.0,38643,543086.0,473927,73.73
1577,Kolhapur,North,2,5,19948.0,134994,789168.0,133094,44.48
1577,Pune,North,1,1,3579.0,48591,789168.0,133094,44.48
1577,Solapur,West,1,1,2767.0,43451,789168.0,133094,44.48
1578,Nagpur,East,1,3,10394.514719,92585,815148.0,353594,-47.58
1578,Nagpur,West,1,3,5545.0,62871,815148.0,353594,-47.58
1578,Nashik,North,3,6,12304.0,191572,815148.0,353594,-47.58
1578,Pune,North,1,1,173.0346671,16035,815148.0,353594,-47.58
1578,Solapur,East,2,3,5471.0,38042,815148.0,353594,-47.58
1579,Kolhapur,South,1,1,1028.0,2770,672162.0,272750,87.79
1579,Kolhapur,West,1,3,3294.0,58466,672162.0,272750,87.79
1579,Mumbai,North,1,3,7046.0,89600,672162.0,272750,87.79
1579,Mumbai,South,1,1,2658.0,39448,672162.0,272750,87.79
1579,Nagpur,South,2,3,11785.0,48183,672162.0,272750,87.79
1579,Nashik,East,1,1,3229.0,2035,672162.0,272750,87.79
1579,Pune,South,2,2,5136.0,49282,672162.0,272750,87.79
1580,Mumbai,South,2,2,4168.0,48200,894954.0,331787,-42.88
1580,Nagpur,North,1,1,4673.0,13243,894954.0,331787,-42.88
1580,Pune,West,2,4,7842.0,137645,894954.0,331787,-42.88
1581,Kolhapur,South,1,2,3921.0,20859,718986.0,159067,41.49
1581,Kolhapur,West,1,1,4900.0,22757,718986.0,159067,41.49
1581,Nagpur,East,1,1,4988.0,19961,718986.0,159067,41.49
1581,Pune,North,1,1,4226.0,48028,718986.0,159067,41.49
1581,Pune,West,2,6,12489.61395168,162636,718986.0,159067,41.49
1582,Mumbai,South,1,3,11886.0,28716,242081.0,129133,40.13
1582,Nagpur,West,1,1,3712.0,22356,242081.0,129133,40.13
1582,Nashik,North,1,1,1684.0,28715,242081.0,129133,40.13
1582,Solapur,East,1,2,7003.0,29935,242081.0,129133,40.13
1582,Solapur,North,1,1,2809.0,37545,242081.0,129133,40.13
1582,Solapur,South,1,2,4859.0,82033,242081.0,129133,40.13
1583,Kolhapur,South,1,2,5824.0,61857,698963.0,230379,41.32
1583,Mumbai,East,1,1,2635.0,46904,698963.0,230379,41.32
1583,Mumbai,North,1,1,1355.0,40398,698963.0,230379,41.32
1583,Nashik,South,1,1,4012.406537,12186,698963.0,230379,41.32
1583,Pune,East,1,3,8139.0,28779,698963.0,230379,41.32
1583,Pune,West,1,1,2746.0,14356,698963.0,230379,41.32
1583,Solapur,East,1,1,3620.0,1655,698963.0,230379,41.32
1583,Solapur,South,1,1,3362.0,22229,698963.0,230379,41.32
1584,Mumbai,East,1,1,4297.0,46422,213926.0,348782,77.24
1584,Nashik,South,1,2,4748.0,10466,213926.0,348782,77.24
1584,Nashik,West,1,2,2705.0,72813,213926.0,348782,77.24
1584,Pune,North,2,3,6781.0,80624,213926.0,348782,77.24
1584,Solapur,North,1,1,4464.0,7588,213926.0,348782,77.24
1584,Solapur,West,1,1,4578.0,11248,213926.0,348782,77.24
1585,Kolhapur,East,2,3,9504.0,46620,213719.0,448462,-31.45
1585,Kolhapur,West,1,2,3827.0,78469,213719.0,448462,-31.45
1585,Mumbai,North,1,1,4409.0,43027,213719.0,448462,-31.45
1585,Nagpur,South,1,5,14896.0,164473,213719.0,448462,-31.45
1585,Nashik,South,2,4,10267.281343999999,57218,213719.0,448462,-31.45
1585,Pune,South,1,1,663.0,48651,213719.0,448462,-31.45
1585,Pune,West,1,2,7104.0,62015,213719.0,448462,-31.45
1586,Kolhapur,East,1,2,4576.338846000001,16988,789479.0,280071,30.2
1586,Kolhapur,West,1,1,1176.0,18218,789479.0,280071,30.2
1586,Nagpur,North,1,2,6281.0,29059,789479.0,280071,30.2
1586,Nashik,North,1,1,1805.0,41538,789479.0,280071,30.2
1587,Kolhapur,North,1,1,2135.0,40522,102100.0,80889,36.04
1587,Mumbai,West,1,3,5759.0,94867,102100.0,80889,36.04
1587,Nagpur,East,1,4,9558.6325,73542,102100.0,80889,36.04
1587,Nagpur,South,1,2,9669.0,25339,102100.0,80889,36.04
1587,Pune,East,1,1,4014.0,11716,102100.0,80889,36.04
1587,Pune,South,2,5,12946.0,159272,102100.0,80889,36.04
1588,Nagpur,North,1,1,4027.0,45282,761855.0,269266,9.65
1588,Nagpur,South,1,1,1402.0,19026,761855.0,269266,9.65
1588,Pune,South,1,3,7988.914418,71597,761855.0,269266,9.65
1589,Kolhapur,North,1,1,2599.0,25694,614426.0,309963,29.21
1589,Kolhapur,West,1,1,1890.0,15849,614426.0,309963,29.21
1589,Nagpur,West,1,1,2986.0,17774,614426.0,309963,29.21
1589,Pune,North,1,2,6716.0,58876,614426.0,309963,29.21
1589,Pune,South,1,2,3379.0,39618,614426.0,309963,29.21
1589,Solapur,East,1,1,473.0,21751,614426.0,309963,29.21
1590,Nagpur,South,2,4,10374.0,104982,566970.0,486922,25.14
1590,Nashik,West,1,1,3332.0,42327,566970.0,486922,25.14
1590,Pune,South,1,2,1516.0,60596,566970.0,486922,25.14
1590,Solapur,East,1,3,8626.0,100041,566970.0,486922,25.14
1590,Solapur,West,2,3,9858.0,121153,566970.0,486922,25.14
1591,Mumbai,North,1,1,2832.0,25923,515400.0,117140,63.85
1591,Mumbai,West,1,1,2852.0,21804,515400.0,117140,63.85
1591,Nagpur,East,1,2,5827.0,68266,515400.0,117140,63.85
1591,Nashik,West,1,1,3942.0,43594,515400.0,117140,63.85
1591,Pune,South,1,2,4963.0,82978,515400.0,117140,63.85
1591,Solapur,South,1,2,2737.0,13747,515400.0,117140,63.85
1592,Mumbai,East,1,1,1083.0,7847,186842.0,230714,-28.12
1592,Nagpur,West,1,1,3244.0,27098,186842.0,230714,-28.12
1592,Solapur,East,1,1,3430.0,1060,186842.0,230714,-28.12
1593,Kolhapur,North,1,1,4520.0,10543,493724.0,466772,-45.56
1593,Kolhapur,South,1,1,4829.0,25299,493724.0,466772,-45.56
1593,Mumbai,West,1,1,2408.0,24557,493724.0,466772,-45.56
1593,Pune,East,2,2,4538.0,23424,493724.0,466772,-45.56
1593,Pune,North,1,4,8381.0,40409,493724.0,466772,-45.56
1593,Pune,West,1,1,3907.0,48549,493724.0,466772,-45.56
1593,Solapur,North,1,1,2982.0,11143,493724.0,466772,-45.56
1593,Solapur,South,1,1,2089.0,39295,493724.0,466772,-45.56
1594,Kolhapur,West,1,3,10459.0,51281,677221.0,363921,89.72
1594,Nagpur,North,1,1,225.0,22767,677221.0,363921,89.72
1594,Nashik,East,1,1,3278.0,23943,677221.0,363921,89.72
1594,Nashik,North,1,1,2144.0,31611,677221.0,363921,89.72
1594,Nashik,West,2,3,11479.0,59689,677221.0,363921,89.72
1594,Pune,West,1,2,8341.0,41798,677221.0,363921,89.72
1594,Solapur,East,1,2,6080.0,83399,677221.0,363921,89.72
1594,Solapur,North,1,2,5118.0,75269,677221.0,363921,89.72
1594,Solapur,South,1,1,2428.0,2117,677221.0,363921,89.72
1594,Solapur,West,1,1,1514.0,44192,677221.0,363921,89.72
1595,Mumbai,South,1,2,7219.0,81790,239159.0,433444,-2.95
1595,Nagpur,East,1,1,468.0,32748,239159.0,433444,-2.95
1595,Nashik,West,1,1,4566.0,25518,239159.0,433444,-2.95
1595,Pune,South,1,2,6878.0,59685,239159.0,433444,-2.95
1596,Mumbai,East,1,1,3017.0,11863,892003.0,273973,68.76
1596,Mumbai,South,1,1,831.0,45603,892003.0,273973,68.76
1596,Mumbai,West,1,1,3533.0,20880,892003.0,273973,68.76
1596,Nagpur,West,1,2,7399.0,36816,892003.0,273973,68.76
1596,Solapur,West,1,1,670.0,28932,892003.0,273973,68.76
1597,Kolhapur,North,1,1,1487.0,25708,597456.0,449606,-2.04
1597,Kolhapur,West,1,1,1887.0,49963,597456.0,449606,-2.04
1597,Nashik,West,1,3,4155.0,102098,597456.0,449606,-2.04
1597,Pune,East,1,1,4000.0,23970,597456.0,449606,-2.04
1597,Pune,South,1,1,495.0,15215,597456.0,449606,-2.04
1598,Kolhapur,East,1,1,238.0,12435,147812.0,110772,-49.41
1598,Nagpur,East,1,1,1891.059495,4345,147812.0,110772,-49.41
1598,Pune,West,1,1,2032.0,29703,147812.0,110772,-49.41
1599,Mumbai,East,1,1,3281.0,37674,184962.0,330584,-17.66
1599,Nashik,East,1,1,1541.0,39918,184962.0,330584,-17.66
1599,Pune,West,2,3,3590.2921960000003,89430,184962.0,330584,-17.66
1599,Solapur,East,1,3,5529.0,56939,184962.0,330584,-17.66
1600,Kolhapur,North,1,2,5227.0,35317,138408.0,202900,-34.18
1600,Kolhapur,South,1,2,5824.0,53032,138408.0,202900,-34.18
1600,Mumbai,East,2,2,6962.0,53997,138408.0,202900,-34.18
1600,Mumbai,North,1,2,4689.0,65367,138408.0,202900,-34.18
1600,Mumbai,South,1,2,4849.0,22457,138408.0,202900,-34.18
1600,Mumbai,West,1,1,3499.0,18250,138408.0,202900,-34.18
1600,Nagpur,East,1,1,347.0,6371,138408.0,202900,-34.18
1600,Nagpur,North,1,1,2035.0,3982,138408.0,202900,-34.18
1600,Pune,West,1,2,5081.0,52241,138408.0,202900,-34.18
1601,Kolhapur,North,1,1,1927.0,49335,960427.0,459729,73.41
1601,Kolhapur,West,1,2,4666.0,50060,960427.0,459729,73.41
1601,Mumbai,North,1,2,3799.0,72232,960427.0,459729,73.41
1601,Nagpur,South,1,1,407.0,20209,960427.0,459729,73.41
1601,Nashik,East,1,1,1018.0,39454,960427.0,459729,73.41
1601,Nashik,West,1,1,2757.0,32050,960427.0,459729,73.41
1601,Solapur,East,1,1,1562.0,1820,960427.0,459729,73.41
1601,Solapur,North,1,2,4764.0,44641,960427.0,459729,73.41
1601,Solapur,South,1,1,3684.0,17215,960427.0,459729,73.41
1601,Solapur,West,1,1,1526.0,36570,960427.0,459729,73.41
1602,Mumbai,North,1,1,580.0,22495,195508.0,141767,-24.38
1602,Mumbai,West,1,1,3713.0,48454,195508.0,141767,-24.38
1602,Nagpur,West,1,1,1346.0,17863,195508.0,141767,-24.38
1602,Nashik,South,1,1,2705.0,25937,195508.0,141767,-24.38
1602,Nashik,West,1,4,12132.0,47590,195508.0,141767,-24.38
1602,Pune,North,1,1,3627.0,18380,195508.0,141767,-24.38
1603,Kolhapur,East,1,2,9218.0,70832,259503.0,150348,99.05
1603,Kolhapur,West,1,1,1967.0,39161,259503.0,150348,99.05
1603,Nagpur,East,1,1,3614.0,40370,259503.0,150348,99.05
1603,Nashik,South,1,1,4915.0,19239,259503.0,150348,99.05
1603,Solapur,South,1,1,2584.0,45740,259503.0,150348,99.05
1604,Mumbai,East,1,1,3020.0,38395,132615.0,68342,41.91
1604,Mumbai,West,1,1,4735.0,35660,132615.0,68342,41.91
1604,Nagpur,East,1,3,10378.0,58208,132615.0,68342,41.91
1604,Pune,West,1,1,4447.0,37310,132615.0,68342,41.91
1604,Solapur,North,2,3,5586.0,58610,132615.0,68342,41.91
1604,Solapur,South,1,1,203.0,2711,132615.0,68342,41.91
1605,Kolhapur,East,1,4,7049.094882,76159,478131.0,453559,-1.56
1605,Kolhapur,South,1,2,7375.0,31073,478131.0,453559,-1.56
1605,Nagpur,South,1,1,4717.0,45933,478131.0,453559,-1.56
1605,Nashik,East,1,1,4920.0,35313,478131.0,453559,-1.56
1605,Nashik,North,1,1,1937.0,18077,478131.0,453559,-1.56
1605,Pune,North,1,1,3099.0,4349,478131.0,453559,-1.56
1605,Pune,West,1,1,4581.0,6324,478131.0,453559,-1.56
1605,Solapur,North,1,2,4942.0,71001,478131.0,453559,-1.56
1605,Solapur,South,1,2,6273.0,28789,478131.0,453559,-1.56
1606,Kolhapur,East,2,4,4620.0,135013,564083.0,485975,25.72
1606,Mumbai,South,1,1,2905.0,13597,564083.0,485975,25.72
1606,Mumbai,West,1,1,3455.0,38878,564083.0,485975,25.72
1606,Nagpur,East,1,1,552.0,37433,564083.0,485975,25.72
1606,Nagpur,West,1,2,5155.0,83450,564083.0,485975,25.72
1606,Pune,North,2,5,11187.0,126126,564083.0,485975,25.72
1606,Pune,South,1,1,1768.0,12459,564083.0,485975,25.72
1606,Solapur,East,1,2,5558.0,47848,564083.0,485975,25.72
1607,Kolhapur,East,1,1,1694.0,16609,910545.0,226916,94.26
1607,Kolhapur,North,2,2,8507.0,66751,910545.0,226916,94.26
1607,Kolhapur,South,1,2,5367.0,59481,910545.0,226916,94.26
1607,Nashik,East,1,1,2341.0,21232,910545.0,226916,94.26
1607,Nashik,South,1,2,6248.0,60560,910545.0,226916,94.26
1607,Pune,West,2,4,3877.0,87921,910545.0,226916,94.26
1607,Solapur,East,1,2,5605.0,16648,910545.0,226916,94.26
1608,Kolhapur,East,1,1,2472.0,48688,958583.0,404398,45.42
1608,Kolhapur,South,1,1,201.0,9871,958583.0,404398,45.42
1608,Mumbai,North,1,1,549.0,30252,958583.0,404398,45.42
1608,Nagpur,West,1,3,3923.0,134636,958583.0,404398,45.42
1608,Solapur,West,1,1,4475.0,19029,958583.0,404398,45.42
1609,Kolhapur,North,1,2,4308.0,46512,662508.0,238401,63.04
1609,Kolhapur,West,1,2,3709.0,23721,662508.0,238401,63.04
1609,Mumbai,East,1,2,3224.0,75224,662508.0,238401,63.04
1609,Nashik,East,1,3,7374.011375,112639,662508.0,238401,63.04
1610,Kolhapur,West,1,1,4652.0,1857,,344764,24.06
1610,Nagpur,North,2,3,4785.0,119666,,344764,24.06
1610,Pune,East,1,2,1925.0,32166,,344764,24.06
1610,Pune,North,1,1,4269.0,49414,,344764,24.06
1611,Kolhapur,East,1,3,9244.0,67778,798653.0,352900,29.91
1611,Kolhapur,North,1,1,844.0,19217,798653.0,352900,29.91
1611,Mumbai,East,1,1,2151.0,28100,798653.0,352900,29.91
1611,Nagpur,West,2,3,8796.0,42661,798653.0,352900,29.91
1611,Nashik,West,1,2,4933.0,42270,798653.0,352900,29.91
1611,Pune,North,1,1,1763.0,28765,798653.0,352900,29.91
1611,Pune,South,1,2,5588.0,46315,798653.0,352900,29.91
1611,Pune,West,2,3,4506.0,80376,798653.0,352900,29.91
1611,Solapur,East,1,1,3790.0,14179,798653.0,352900,29.91
1612,Kolhapur,South,1,2,5693.0,79882,398559.0,396994,97.59
1612,Kolhapur,West,1,1,2092.0,6899,398559.0,396994,97.59
1612,Mumbai,South,1,2,1787.0,61656,398559.0,396994,97.59
1612,Pune,North,1,2,6474.0,52202,398559.0,396994,97.59
1612,Solapur,South,2,4,8485.407847,114717,398559.0,396994,97.59
1613,Kolhapur,North,1,1,4149.0,9044,704298.0,263965,40.67
1613,Nagpur,East,1,3,9311.0,29151,704298.0,263965,40.67
1613,Nashik,North,2,2,4051.739351,75748,704298.0,263965,40.67
1613,Nashik,South,1,2,6293.0,67318,704298.0,263965,40.67
1614,Kolhapur,South,1,1,1800.853881,45044,460952.0,332600,31.29
1614,Mumbai,East,1,1,1124.0,10925,460952.0,332600,31.29
1614,Mumbai,North,1,1,1221.0,8902,460952.0,332600,31.29
1614,Nashik,East,1,2,7678.0,73485,460952.0,332600,31.29
1614,Pune,East,2,3,6061.0,68669,460952.0,332600,31.29
1614,Pune,West,1,2,4908.0,51934,460952.0,332600,31.29
1614,Solapur,East,1,1,3075.0,5356,460952.0,332600,31.29
1614,Solapur,West,1,1,246.0,25353,460952.0,332600,31.29
1615,Mumbai,West,1,2,4903.0,51529,417095.0,84820,81.01
1615,Nagpur,East,1,4,13603.0,99888,417095.0,84820,81.01
1615,Nagpur,North,1,2,2301.0,76765,417095.0,84820,81.01
1615,Pune,South,1,1,4123.0,49339,417095.0,84820,81.01
1615,Solapur,South,1,1,643.0,7175,417095.0,84820,81.01
1616,Mumbai,North,1,3,11843.0,72155,418999.0,360406,17.38
1616,Nagpur,South,1,1,3384.0,21783,418999.0,360406,17.38
1616,Solapur,South,1,3,10022.0,36357,418999.0,360406,17.38
1617,Kolhapur,North,1,1,3522.0,1756,843708.0,255033,21.04
1617,Nagpur,East,1,1,2148.0,4630,843708.0,255033,21.04
1617,Nagpur,West,1,1,1499.0,41119,843708.0,255033,21.04
1617,Nashik,West,2,2,5241.0,74895,843708.0,255033,21.04
1618,Kolhapur,East,1,1,3004.0,5552,473422.0,219931,56.53
1618,Kolhapur,North,1,3,6982.0,77141,473422.0,219931,56.53
1618,Nashik,South,1,3,5696.889951,59524,473422.0,219931,56.53
1619,Kolhapur,West,1,1,1149.0,19149,437204.0,488069,-26.03
1619,Nagpur,West,1,1,1430.0,32039,437204.0,488069,-26.03
1619,Pune,North,1,1,1057.0,18843,437204.0,488069,-26.03
1619,Solapur,South,1,1,4163.0,30776,437204.0,488069,-26.03
1620,Kolhapur,South,1,2,4432.0,46401,183304.0,293070,-30.47
1620,Mumbai,East,1,2,4698.0,88632,183304.0,293070,-30.47
1620,Mumbai,South,1,1,225.0,7515,183304.0,293070,-30.47
1620,Nagpur,East,1,1,3937.0,11125,183304.0,293070,-30.47
1620,Nagpur,West,2,2,4034.0,67171,183304.0,293070,-30.47
1620,Nashik,East,1,1,3197.0,47238,183304.0,293070,-30.47
1620,Pune,North,1,3,8029.0,37928,183304.0,293070,-30.47
1620,Pune,West,1,1,495.0,9457,183304.0,293070,-30.47
1620,Solapur,South,1,1,6230.425547,37002,183304.0,293070,-30.47
1621,Kolhapur,East,1,1,4701.0,3673,324060.0,181787,42.75
1621,Mumbai,South,1,3,4659.0,88904,324060.0,181787,42.75
1622,Kolhapur,North,1,2,3522.0,30600,872508.0,409251,-22.48
1622,Kolhapur,South,2,2,3622.062794,45497,872508.0,409251,-22.48
1622,Mumbai,North,1,1,3822.0,38277,872508.0,409251,-22.48
1622,Nagpur,South,1,1,3445.0,47936,872508.0,409251,-22.48
1622,Nagpur,West,1,2,6303.0,28898,872508.0,409251,-22.48
1622,Pune,West,1,2,3343.0,53007,872508.0,409251,-22.48
1623,Mumbai,East,1,3,5124.0,82456,886440.0,234526,15.33
1623,Nagpur,East,1,1,2014.0,21547,886440.0,234526,15.33
1623,Nashik,East,2,3,11037.0,92216,886440.0,234526,15.33
1623,Pune,East,1,1,1912.0,17273,886440.0,234526,15.33
1623,Pune,North,1,1,739.0,40411,886440.0,234526,15.33
1623,Pune,South,1,1,218.0,15630,886440.0,234526,15.33
1623,Solapur,South,1,1,4508.0,41711,886440.0,234526,15.33
1624,Kolhapur,East,2,5,11264.0,122929,509652.0,238621,70.67
1624,Nagpur,West,1,1,4276.0,18889,509652.0,238621,70.67
1624,Nashik,West,1,1,3231.0,49700,509652.0,238621,70.67
1624,Solapur,West,1,1,3279.0,31036,509652.0,238621,70.67
1625,Kolhapur,North,1,3,5059.0,81483,199997.0,300949,-3.51
1625,Kolhapur,South,1,1,603.0,32408,199997.0,300949,-3.51
1625,Kolhapur,West,1,2,6847.0,48887,199997.0,300949,-3.51
1625,Nagpur,East,1,1,2815.0,5314,199997.0,300949,-3.51
1625,Nagpur,West,2,3,8679.0,61792,199997.0,300949,-3.51
1625,Solapur,East,1,2,5156.0,42452,199997.0,300949,-3.51
1626,Kolhapur,North,2,7,17473.141128,216710,414168.0,372035,61.34
1626,Kolhapur,South,1,2,958.0,52598,414168.0,372035,61.34
1626,Nagpur,South,2,2,6524.0,48649,414168.0,372035,61.34
1626,Nashik,East,1,1,1514.0,8556,414168.0,372035,61.34
1626,Pune,East,1,4,5577.0,122688,414168.0,372035,61.34
1626,Solapur,East,1,1,2968.0,6138,414168.0,372035,61.34
1626,Solapur,South,1,1,2557.0,32581,414168.0,372035,61.34
1627,Mumbai,North,1,1,2257.0,27284,688000.0,136609,-0.82
1627,Nashik,North,1,2,2357.0,39144,688000.0,136609,-0.82
1627,Pune,East,1,2,4942.0,48278,688000.0,136609,-0.82
1627,Solapur,West,3,3,9456.0,58773,688000.0,136609,-0.82
1628,Kolhapur,North,2,3,11128.0,58856,127458.0,410392,-44.04
1628,Kolhapur,West,1,2,5143.0,64170,127458.0,410392,-44.04
1628,Nagpur,East,1,1,3938.0,44027,127458.0,410392,-44.04
1628,Nagpur,West,1,1,4245.0,40089,127458.0,410392,-44.04
1628,Pune,East,1,1,3116.0,36275,127458.0,410392,-44.04
1628,Solapur,West,1,1,4823.0,30115,127458.0,410392,-44.04
1629,Mumbai,West,1,1,4318.0,41473,157524.0,46127,-36.25
1629,Pune,East,1,1,1027.0,36065,157524.0,46127,-36.25
1629,Solapur,West,1,1,4923.0,5152,157524.0,46127,-36.25
1630,Kolhapur,East,1,1,4979.0,30872,114735.0,327021,15.08
1630,Nagpur,East,1,3,3578.0,89497,114735.0,327021,15.08
1630,Nagpur,South,1,5,17471.0,149452,114735.0,327021,15.08
1630,Pune,North,1,2,8048.0,68856,114735.0,327021,15.08
1630,Pune,West,1,1,2621.0,15905,114735.0,327021,15.08
1631,Kolhapur,West,1,2,6027.0,76628,107223.0,480435,-2.32
1631,Pune,West,1,1,2469.0,30604,107223.0,480435,-2.32
1631,Solapur,East,1,2,9016.0,26996,107223.0,480435,-2.32
1632,Kolhapur,South,1,3,8137.0,90606,107490.0,208021,20.34
1632,Kolhapur,West,1,2,7728.0,52038,107490.0,208021,20.34
1632,Pune,East,1,1,2553.0,35029,107490.0,208021,20.34
1632,Solapur,North,2,5,18472.0,74957,107490.0,208021,20.34
1633,Mumbai,South,1,2,4075.0,60654,444114.0,232213,28.46
1633,Nagpur,North,1,2,7492.0,28510,444114.0,232213,28.46
1633,Nagpur,South,1,1,3419.0,46442,444114.0,232213,28.46
1633,Pune,North,1,1,1575.0,21632,444114.0,232213,28.46
1634,Mumbai,North,1,1,4508.0,5318,370790.0,351538,91.4
1634,Nagpur,South,1,2,6530.0,40017,370790.0,351538,91.4
1634,Nagpur,West,1,1,382.0,1063,370790.0,351538,91.4
1634,Nashik,East,1,1,2104.0,11619,370790.0,351538,91.4
1634,Pune,West,1,2,5617.342664,85558,370790.0,351538,91.4
1635,Kolhapur,South,1,1,1662.0,49423,911994.0,132692,20.82
1635,Mumbai,North,1,1,502.0,10308,911994.0,132692,20.82
1635,Nagpur,East,1,2,6918.0,46200,911994.0,132692,20.82
1635,Nashik,East,1,1,2696.0,4127,911994.0,132692,20.82
1635,Pune,West,1,1,3837.0,24695,911994.0,132692,20.82
1635,Solapur,South,1,1,1639.669441,31923,911994.0,132692,20.82
1635,Solapur,West,1,1,4851.0,7205,911994.0,132692,20.82
1636,Kolhapur,North,1,1,1309.0,31412,605785.0,206771,78.62
1636,Kolhapur,South,1,1,4488.0,2493,605785.0,206771,78.62
1636,Mumbai,North,1,2,3609.4161211,65662,605785.0,206771,78.62
1636,Nagpur,East,1,3,6731.0,83959,605785.0,206771,78.62
1636,Pune,East,1,1,2194.0,33041,605785.0,206771,78.62
1636,Pune,North,1,2,5710.0,68019,605785.0,206771,78.62
1636,Pune,West,1,1,1576.0,10531,605785.0,206771,78.62
1637,Pune,South,1,2,5344.0,55161,709539.0,458124,77.6
1637,Solapur,South,1,1,846.0,28854,709539.0,458124,77.6
1638,Mumbai,South,2,3,4956.0,109746,870116.0,132502,83.12
1638,Pune,West,1,2,1204.4335537,28691,870116.0,132502,83.12
1638,Solapur,South,1,1,1413.42897,23073,870116.0,132502,83.12
1639,Kolhapur,East,1,1,1870.0,38008,547554.0,340132,30.69
1639,Nagpur,East,1,2,6419.0,8985,547554.0,340132,30.69
1639,Nagpur,West,1,1,327.0,25222,547554.0,340132,30.69
1639,Nashik,West,2,3,9964.0,43354,547554.0,340132,30.69
1639,Solapur,East,1,1,4651.0,3437,547554.0,340132,30.69
1639,Solapur,South,1,1,2856.0,8950,547554.0,340132,30.69
1639,Solapur,West,1,2,8944.0,27846,547554.0,340132,30.69
1640,Kolhapur,East,1,1,1553.0,4033,157853.0,318293,-7.07
1640,Kolhapur,South,2,2,5430.0,44376,157853.0,318293,-7.07
1640,Kolhapur,West,1,1,2598.0,2178,157853.0,318293,-7.07
1640,Nagpur,North,1,1,3100.0,13865,157853.0,318293,-7.07
1640,Pune,South,1,1,1735.0,32242,157853.0,318293,-7.07
1641,Kolhapur,North,1,1,2723.0,1214,651409.0,281103,67.94
1641,Mumbai,North,2,7,20899.0,145325,651409.0,281103,67.94
1641,Nashik,East,2,4,5534.0,72984,651409.0,281103,67.94
1641,Solapur,North,1,1,2143.0,19360,651409.0,281103,67.94
1641,Solapur,South,1,2,6432.0,19940,651409.0,281103,67.94
1642,Kolhapur,East,1,1,6515.90111,7918,225839.0,145485,-1.6
1642,Mumbai,East,1,2,1083.0,77600,225839.0,145485,-1.6
1642,Nagpur,South,1,2,4278.0,67213,225839.0,145485,-1.6
1642,Nagpur,West,1,3,8227.0,68358,225839.0,145485,-1.6
1642,Nashik,East,1,2,7204.0,54284,225839.0,145485,-1.6
1643,Kolhapur,East,1,1,2509.0,23262,814324.0,365892,84.37
1643,Mumbai,South,1,1,722.0,11288,814324.0,365892,84.37
1643,Mumbai,West,1,1,1620.0,9726,814324.0,365892,84.37
1643,Nagpur,East,1,1,2318.0,8827,814324.0,365892,84.37
1643,Nagpur,North,1,1,4121.0,34273,814324.0,365892,84.37
1644,Pune,East,1,1,5330.973159,38723,575676.0,62936,-34.27
1644,Pune,North,1,2,4576.0,66820,575676.0,62936,-34.27
1644,Solapur,South,1,1,1852.0,2196,575676.0,62936,-34.27
1645,Mumbai,East,1,1,119.0,20675,960443.0,198039,51.72
1645,Mumbai,South,1,1,1095.0,15340,960443.0,198039,51.72
1645,Pune,East,1,2,4480.0,57022,960443.0,198039,51.72
1645,Solapur,East,1,1,3457.0,30186,960443.0,198039,51.72
1646,Kolhapur,North,1,2,9584.582702,63811,,27694,22.19
1646,Mumbai,East,1,2,4837.0,68473,,27694,22.19
1646,Mumbai,West,1,1,3596.0,40483,,27694,22.19
1646,Nashik,South,1,1,262.0,7519,,27694,22.19
1646,Pune,East,1,2,9739.0,76672,,27694,22.19
1646,Solapur,South,1,1,4854.0,47194,,27694,22.19
1647,Kolhapur,North,1,2,4096.0,9280,699947.0,273842,41.06
1647,Nagpur,West,1,2,7697.934356,43733,699947.0,273842,41.06
1647,Pune,North,1,1,3404.0,22605,699947.0,273842,41.06
1647,Solapur,North,1,1,2465.0,11575,699947.0,273842,41.06
1648,Kolhapur,East,1,2,8997.08681,27930,213095.0,330243,-33.32
1648,Kolhapur,West,1,4,11749.0,88848,213095.0,330243,-33.32
1648,Mumbai,West,1,2,6624.0,50218,213095.0,330243,-33.32
1648,Nagpur,North,1,2,6646.0,49553,213095.0,330243,-33.32
1648,Nagpur,West,1,1,2015.0,8974,213095.0,330243,-33.32
1648,Nashik,West,1,1,3384.0,23536,213095.0,330243,-33.32
1648,Pune,West,1,3,5204.0,58213,213095.0,330243,-33.32
1649,Nagpur,East,1,3,8449.403414100001,38191,914554.0,167929,95.69
1649,Pune,East,1,1,1373.0,1462,914554.0,167929,95.69
1650,Kolhapur,North,1,1,1247.0,19573,440524.0,53651,57.17
1650,Mumbai,South,1,1,2310.0,29286,440524.0,53651,57.17
1650,Mumbai,West,1,2,3903.0,37411,440524.0,53651,57.17
1650,Pune,East,1,4,12832.0,79136,440524.0,53651,57.17
1650,Solapur,East,1,1,4540.0,39038,440524.0,53651,57.17
1650,Solapur,South,1,2,4939.0,37848,440524.0,53651,57.17
1651,Pune,South,2,5,12047.0,144651,351038.0,247174,-7.24
1651,Solapur,South,1,2,5904.0,25273,351038.0,247174,-7.24
1652,Kolhapur,West,1,1,1352.0,40492,511732.0,203606,83.42
1652,Mumbai,West,1,1,1857.0,28139,511732.0,203606,83.42
1652,Nagpur,West,1,2,1908.0,69323,511732.0,203606,83.42
1652,Pune,West,1,1,4532.0,37473,511732.0,203606,83.42
1653,Kolhapur,North,1,2,7968.612695,62750,147907.0,80983,17.93
1653,Mumbai,North,2,3,5186.0,39561,147907.0,80983,17.93
1653,Mumbai,West,1,2,3973.0,70483,147907.0,80983,17.93
1653,Nashik,North,1,2,2434.0,22840,147907.0,80983,17.93
1653,Pune,East,1,2,1206.0,78393,147907.0,80983,17.93
1653,Pune,South,1,1,2527.0,3651,147907.0,80983,17.93
1653,Solapur,West,1,2,5081.0,55030,147907.0,80983,17.93
1654,Mumbai,South,2,3,3702.0,55612,594402.0,313232,-22.09
1654,Mumbai,West,1,1,3107.0,27194,594402.0,313232,-22.09
1654,Nagpur,East,1,1,1868.0,42228,594402.0,313232,-22.09
1654,Solapur,West,2,2,5285.0,84259,594402.0,313232,-22.09
1655,Kolhapur,West,2,4,7936.0,127933,117404.0,438879,14.59
1655,Mumbai,North,1,2,3215.0,31812,117404.0,438879,14.59
1655,Mumbai,West,2,3,11347.0,95561,117404.0,438879,14.59
1655,Nagpur,South,1,2,6238.0,57350,117404.0,438879,14.59
1655,Nashik,East,1,2,7388.0,38892,117404.0,438879,14.59
1655,Solapur,West,1,1,4532.0,12136,117404.0,438879,14.59
1656,Kolhapur,West,1,1,2240.0,24475,125155.0,486333,-2.1
1656,Mumbai,South,1,1,750.0,39650,125155.0,486333,-2.1
1656,Mumbai,West,1,1,1268.7305,31527,125155.0,486333,-2.1
1656,Nashik,North,1,2,7351.0,47451,125155.0,486333,-2.1
1656,Nashik,West,1,1,352.0,21483,125155.0,486333,-2.1
1657,Kolhapur,East,1,2,2365.0,67611,205344.0,244843,56.26
1657,Kolhapur,North,1,1,4451.0,37620,205344.0,244843,56.26
1657,Kolhapur,South,1,2,4424.0,11011,205344.0,244843,56.26
1657,Mumbai,South,1,2,8887.0,43789,205344.0,244843,56.26
1657,Mumbai,West,1,1,3280.0,35873,205344.0,244843,56.26
1657,Nashik,West,1,3,7294.0,73043,205344.0,244843,56.26
1658,Kolhapur,West,1,1,3756.0,49666,692842.0,465906,-46.81
1658,Nashik,East,1,1,2712.0,47780,692842.0,465906,-46.81
1658,Pune,North,1,2,7193.0,77603,692842.0,465906,-46.81
1659,Kolhapur,West,2,2,5607.0,49546,212418.0,169934,82.03
1659,Nagpur,East,1,1,1296.0,27797,212418.0,169934,82.03
1659,Nagpur,North,1,1,1616.0,39833,212418.0,169934,82.03
1659,Nashik,West,1,1,1343.0,14410,212418.0,169934,82.03
1659,Solapur,West,1,2,8009.0,25311,212418.0,169934,82.03
1660,Kolhapur,South,1,1,1466.0,8521,861779.0,402728,14.85
1660,Kolhapur,West,1,1,2662.0,32772,861779.0,402728,14.85
1660,Mumbai,North,1,3,8513.0,36351,861779.0,402728,14.85
1660,Nagpur,South,1,1,1717.0,8690,861779.0,402728,14.85
1660,Nashik,East,1,3,7315.0,73396,861779.0,402728,14.85
1660,Nashik,West,1,1,1386.0,23372,861779.0,402728,14.85
1660,Solapur,North,1,1,3128.0,14670,861779.0,402728,14.85
1660,Solapur,West,2,2,4522.0,68715,861779.0,402728,14.85
1661,Kolhapur,East,1,2,6154.0,78682,,195779,-33.06
1661,Mumbai,East,1,2,7222.880885,12767,,195779,-33.06
1661,Mumbai,North,1,2,6792.0,28081,,195779,-33.06
1661,Nashik,North,1,1,835.0,14061,,195779,-33.06
1661,Nashik,South,1,1,2103.0,42457,,195779,-33.06
1661,Pune,North,1,1,4605.0,30325,,195779,-33.06
1661,Pune,South,1,3,4614.0,64112,,195779,-33.06
1661,Solapur,North,2,5,18805.81854,113098,,195779,-33.06
1661,Solapur,West,2,2,2615.62998365,18856,,195779,-33.06
1662,Mumbai,East,1,4,12431.0,60517,907659.0,46485,65.18
1662,Nashik,West,1,1,3953.0,11911,907659.0,46485,65.18
1663,Kolhapur,South,1,1,1539.0,23907,788905.0,297148,98.25
1663,Nagpur,East,1,1,2777.0,16479,788905.0,297148,98.25
1663,Pune,East,1,2,5191.0,8398,788905.0,297148,98.25
1664,Kolhapur,East,1,1,4522.0,46976,590452.0,417535,85.41
1664,Mumbai,East,1,1,2202.0,29363,590452.0,417535,85.41
1664,Solapur,North,1,1,2736.0,27280,590452.0,417535,85.41
1664,Solapur,South,1,1,686.0,40853,590452.0,417535,85.41
1665,Kolhapur,East,1,3,3086.493054,86363,115419.0,175261,-25.29
1665,Kolhapur,West,1,1,2984.0,34253,115419.0,175261,-25.29
1665,Mumbai,South,1,1,3658.0,27365,115419.0,175261,-25.29
1665,Nagpur,North,1,1,2984.0,44521,115419.0,175261,-25.29
1665,Nagpur,West,1,1,4355.0,13643,115419.0,175261,-25.29
1665,Nashik,East,1,2,6899.0,61635,115419.0,175261,-25.29
1665,Nashik,South,1,1,1591.0,36972,115419.0,175261,-25.29
1665,Nashik,West,2,3,10974.0,71520,115419.0,175261,-25.29
1666,Mumbai,West,1,4,6177.0,55321,224121.0,290530,-17.51
1666,Nagpur,North,1,2,8042.0,26480,224121.0,290530,-17.51
1666,Nashik,East,1,2,4850.0,83880,224121.0,290530,-17.51
1666,Nashik,North,1,2,2076.0,68641,224121.0,290530,-17.51
1666,Nashik,South,1,1,3730.0,30658,224121.0,290530,-17.51
1666,Pune,East,1,1,1750.0,15752,224121.0,290530,-17.51
1666,Pune,South,1,1,549.0,34221,224121.0,290530,-17.51
1667,Mumbai,North,1,1,3378.0,43018,895164.0,109368,98.15
1667,Solapur,East,2,4,11584.0,45515,895164.0,109368,98.15
1668,Nagpur,East,1,1,4032.0,24985,900418.0,197761,-19.59
1668,Nagpur,South,1,2,6211.0,55817,900418.0,197761,-19.59
1668,Pune,East,1,1,3155.0,47092,900418.0,197761,-19.59
1668,Solapur,East,1,1,416.0,15574,900418.0,197761,-19.59
1669,Kolhapur,East,1,1,2576.0,21527,,237532,-4.75
1669,Nashik,South,1,4,12742.0,100639,,237532,-4.75
1669,Pune,East,1,2,3610.0,23825,,237532,-4.75
1669,Pune,West,1,1,4862.0,10295,,237532,-4.75
1669,Solapur,East,1,1,678.0,2203,,237532,-4.75
1669,Solapur,North,1,1,2816.0,45563,,237532,-4.75
1670,Mumbai,East,1,1,2243.0,28823,228145.0,166526,43.43
1670,Mumbai,North,1,2,2544.0,75841,228145.0,166526,43.43
1670,Nagpur,North,1,1,3146.0,30514,228145.0,166526,43.43
1670,Nagpur,West,1,2,8918.0,39001,228145.0,166526,43.43
1670,Nashik,North,1,1,3651.0,42080,228145.0,166526,43.43
1670,Nashik,South,1,1,1874.0,38990,228145.0,166526,43.43
1670,Solapur,East,1,2,2116.0,65761,228145.0,166526,43.43
1671,Kolhapur,East,1,1,510.0,31168,309927.0,418318,-6.3
1671,Kolhapur,West,1,3,8052.0,114628,309927.0,418318,-6.3
1671,Mumbai,West,1,2,1646.0,63516,309927.0,418318,-6.3
1671,Nashik,North,1,1,2980.0,28953,309927.0,418318,-6.3
1671,Nashik,South,1,2,6696.511990999999,42339,309927.0,418318,-6.3
1671,Pune,West,1,1,124.0,14455,309927.0,418318,-6.3
1672,Kolhapur,North,1,2,5099.0,70125,319608.0,325876,7.2
1672,Mumbai,North,2,3,7696.0,105488,319608.0,325876,7.2
1672,Mumbai,West,1,2,4861.0,59789,319608.0,325876,7.2
1672,Nagpur,North,1,1,2305.0,20817,319608.0,325876,7.2
1672,Nashik,North,2,3,7474.8716478999995,106436,319608.0,325876,7.2
1672,Pune,South,1,1,3688.0,24805,319608.0,325876,7.2
1672,Solapur,North,1,3,11369.0,65505,319608.0,325876,7.2
1672,Solapur,South,1,1,2948.0,38682,319608.0,325876,7.2
1673,Nashik,East,1,1,480.0,13698,518631.0,231051,61.19
1673,Pune,North,2,2,3975.0,61258,518631.0,231051,61.19
1674,Nashik,East,1,1,1698.0,42672,815988.0,422094,39.0
1674,Nashik,South,1,2,4119.0,31757,815988.0,422094,39.0
1674,Solapur,North,1,1,4942.0,42297,815988.0,422094,39.0
1675,Nagpur,South,1,4,5271.482946,53877,911226.0,307216,71.52
1675,Nashik,South,1,1,2773.0,6724,911226.0,307216,71.52
1675,Nashik,West,1,1,4142.0,31223,911226.0,307216,71.52
1675,Pune,East,1,2,5865.0,61017,911226.0,307216,71.52
1676,Kolhapur,South,1,1,4788.0,22052,211475.0,407180,66.32
1676,Nagpur,South,1,2,8536.0,65560,211475.0,407180,66.32
1676,Nashik,North,1,4,10177.0,140494,211475.0,407180,66.32
1677,Mumbai,East,1,1,686.0,16164,324674.0,150107,69.89
1677,Mumbai,South,1,3,4634.0,133122,324674.0,150107,69.89
1677,Nagpur,East,1,1,507.0,1338,324674.0,150107,69.89
1677,Nagpur,North,1,2,5135.0,14333,324674.0,150107,69.89
1677,Nagpur,South,2,2,4314.0,67822,324674.0,150107,69.89
1677,Solapur,East,1,1,4986.0,6289,324674.0,150107,69.89
1678,Kolhapur,West,1,1,143.0,3735,331464.0,415785,-23.33
1678,Nagpur,North,1,2,6384.0,47148,331464.0,415785,-23.33
1678,Solapur,East,1,1,1910.982563,21178,331464.0,415785,-23.33
1678,Solapur,West,2,5,16982.0,95689,331464.0,415785,-23.33
1679,Kolhapur,North,2,2,4799.0,95624,739287.0,323777,-11.46
1679,Mumbai,East,1,2,6010.370492,60006,739287.0,323777,-11.46
1679,Nagpur,East,1,2,1824.0,32161,739287.0,323777,-11.46
1679,Nagpur,West,1,1,383.0,34052,739287.0,323777,-11.46
1679,Pune,North,1,2,4788.0,66577,739287.0,323777,-11.46
1680,Kolhapur,South,1,1,2881.0,22760,253386.0,466588,-22.61
1680,Kolhapur,West,1,2,4438.1804775,36882,253386.0,466588,-22.61
1680,Nagpur,North,1,1,4207.0,36922,253386.0,466588,-22.61
1680,Nagpur,South,2,3,7329.0,50750,253386.0,466588,-22.61
1680,Nashik,East,2,3,6925.0,50648,253386.0,466588,-22.61
1680,Nashik,South,1,1,4333.0,11862,253386.0,466588,-22.61
1680,Nashik,West,1,2,4042.0,31588,253386.0,466588,-22.61
1680,Solapur,West,1,4,13262.0,89641,253386.0,466588,-22.61
1681,Mumbai,West,1,1,377.0,3493,382111.0,111100,-31.61
1681,Nashik,North,2,3,8673.0,81412,382111.0,111100,-31.61
1681,Nashik,South,1,1,1597.0,13883,382111.0,111100,-31.61
1681,Nashik,West,1,1,2973.0,43087,382111.0,111100,-31.61
1681,Pune,North,2,2,2370.0,46022,382111.0,111100,-31.61
1681,Solapur,South,2,4,8872.0,146266,382111.0,111100,-31.61
1682,Kolhapur,North,1,3,9085.0,67846,394048.0,236916,77.54
1682,Mumbai,North,1,4,14110.0,88243,394048.0,236916,77.54
1682,Nagpur,South,1,2,4721.0,50147,394048.0,236916,77.54
1682,Nagpur,West,1,1,3373.0,20381,394048.0,236916,77.54
1682,Nashik,East,1,1,3241.0,19255,394048.0,236916,77.54
1682,Pune,East,2,2,8625.0,31504,394048.0,236916,77.54
1682,Solapur,South,1,1,2217.0,17033,394048.0,236916,77.54
1683,Mumbai,South,1,2,5032.0,59748,918074.0,73544,-49.43
1683,Nagpur,East,1,1,2193.0,35867,918074.0,73544,-49.43
1683,Pune,East,1,1,1064.0,22329,918074.0,73544,-49.43
1683,Pune,South,1,2,8024.467813,81695,918074.0,73544,-49.43
1684,Kolhapur,North,1,2,8092.282639,46064,647626.0,417324,44.13
1684,Nagpur,East,1,1,1344.0,12072,647626.0,417324,44.13
1684,Solapur,North,1,1,2561.0,38832,647626.0,417324,44.13
1685,Kolhapur,East,1,2,3642.0,22448,153432.0,284443,80.93
1685,Kolhapur,North,2,4,14795.0,121368,153432.0,284443,80.93
1685,Kolhapur,South,1,1,4293.0,37226,153432.0,284443,80.93
1685,Mumbai,East,1,1,2852.0,5687,153432.0,284443,80.93
1685,Mumbai,West,1,2,2655.0,41728,153432.0,284443,80.93
1685,Nashik,West,1,1,2045.0,24183,153432.0,284443,80.93
1685,Pune,South,1,2,5399.0,9135,153432.0,284443,80.93
1686,Mumbai,West,1,1,2609.0,3955,688696.0,119423,-24.88
1686,Nagpur,South,1,1,3507.0,49100,688696.0,119423,-24.88
1686,Pune,West,1,1,3374.0,36158,688696.0,119423,-24.88
1687,Mumbai,East,1,1,752.0,32297,925351.0,76729,89.75
1687,Mumbai,South,1,1,4827.120798,40009,925351.0,76729,89.75
1688,Nashik,South,1,1,4778.0,46630,840310.0,53784,93.62
1688,Pune,West,1,1,4321.0,20899,840310.0,53784,93.62
1688,Solapur,East,1,3,6401.1925724,64948,840310.0,53784,93.62
1689,Kolhapur,South,1,3,9163.0,64236,853712.0,368049,37.12
1689,Mumbai,South,1,1,3410.0,48682,853712.0,368049,37.12
1689,Nagpur,South,1,1,2523.0,39370,853712.0,368049,37.12
1689,Nashik,North,2,2,6952.0,64154,853712.0,368049,37.12
1689,Nashik,South,1,1,4867.0,23977,853712.0,368049,37.12
1689,Nashik,West,1,1,2131.0,31527,853712.0,368049,37.12
1689,Solapur,North,1,2,6542.43328,32191,853712.0,368049,37.12
1689,Solapur,South,1,2,6878.0,57276,853712.0,368049,37.12
1690,Kolhapur,North,1,1,480.0,35163,833490.0,416070,50.07
1690,Kolhapur,South,1,1,2688.0,5797,833490.0,416070,50.07
1690,Mumbai,West,1,2,2091.0,54521,833490.0,416070,50.07
1690,Pune,North,1,3,8854.0,83858,833490.0,416070,50.07
1690,Solapur,North,1,2,4364.0,45309,833490.0,416070,50.07
1690,Solapur,West,1,4,14775.0,70743,833490.0,416070,50.07
1691,Kolhapur,East,1,2,5649.0,65912,75224.0,300760,-22.01
1691,Kolhapur,North,1,2,3294.0,51080,75224.0,300760,-22.01
1691,Nagpur,South,1,3,12782.432067,21522,75224.0,300760,-22.01
1691,Solapur,West,1,1,4885.0,41478,75224.0,300760,-22.01
1692,Kolhapur,East,1,3,9123.0,78599,812543.0,310393,97.62
1692,Mumbai,North,1,2,1711.0,55462,812543.0,310393,97.62
1692,Mumbai,West,1,2,4996.0,57753,812543.0,310393,97.62
1692,Nagpur,South,1,1,3760.0,29587,812543.0,310393,97.62
1692,Nagpur,West,1,3,6118.0,36975,812543.0,310393,97.62
1692,Pune,East,1,2,8053.0,38654,812543.0,310393,97.62
1692,Pune,South,1,2,4291.0,72173,812543.0,310393,97.62
1693,Mumbai,North,1,2,7030.0,50332,728253.0,113335,60.92
1693,Mumbai,West,1,3,7370.0,92570,728253.0,113335,60.92
1693,Nagpur,South,1,3,12422.549313,63371,728253.0,113335,60.92
1693,Pune,East,1,1,4520.0,25724,728253.0,113335,60.92
1693,Pune,North,1,1,958.5918,31595,728253.0,113335,60.92
1694,Kolhapur,East,1,2,1903.0,19485,370308.0,311829,27.43
1694,Kolhapur,South,1,3,5276.0,73085,370308.0,311829,27.43
1694,Nagpur,West,1,3,8346.0,91144,370308.0,311829,27.43
1694,Solapur,North,2,4,6721.0457463,135369,370308.0,311829,27.43
1695,Kolhapur,South,1,1,3996.0,30264,356350.0,167358,25.15
1695,Nagpur,East,1,1,4154.0,29266,356350.0,167358,25.15
1695,Nashik,South,1,1,4718.0,27547,356350.0,167358,25.15
1695,Solapur,South,1,1,764.0,19669,356350.0,167358,25.15
1696,Mumbai,South,1,1,4635.0,25499,121358.0,465238,42.7
1696,Mumbai,West,1,1,3785.0,34550,121358.0,465238,42.7
1696,Nagpur,East,1,2,5225.960766,72442,121358.0,465238,42.7
1696,Nashik,East,1,1,623.0,46107,121358.0,465238,42.7
1696,Nashik,North,1,2,5596.0,55467,121358.0,465238,42.7
1696,Pune,South,1,1,1724.0,20710,121358.0,465238,42.7
1696,Solapur,South,1,2,4186.0,50549,121358.0,465238,42.7
1697,Mumbai,North,1,1,3895.0,39612,810057.0,400303,-22.07
1697,Nagpur,South,2,4,14618.0,130306,810057.0,400303,-22.07
1697,Nashik,West,1,1,604.0,15113,810057.0,400303,-22.07
1697,Solapur,South,1,1,2456.0,12056,810057.0,400303,-22.07
1698,Kolhapur,North,1,1,564.0,8956,198234.0,369796,39.55
1698,Nagpur,East,1,1,1690.0,40972,198234.0,369796,39.55
1698,Nagpur,North,1,1,1283.0,39641,198234.0,369796,39.55
1698,Nashik,North,2,5,9953.0,168681,198234.0,369796,39.55
1698,Nashik,West,1,2,5212.0,62784,198234.0,369796,39.55
1698,Pune,North,1,1,2602.0,9431,198234.0,369796,39.55
1698,Solapur,North,1,1,4655.0,44640,198234.0,369796,39.55
1699,Kolhapur,South,1,1,601.0,47487,621568.0,456636,-39.51
1699,Mumbai,South,1,3,6364.0,52889,621568.0,456636,-39.51
1699,Pune,West,1,1,392.0,1402,621568.0,456636,-39.51
1699,Solapur,South,1,1,529.0,46383,621568.0,456636,-39.51
1700,Kolhapur,North,1,1,1588.0,18393,97144.0,31275,40.72
1700,Nashik,South,1,1,1298.0,1537,97144.0,31275,40.72
1700,Nashik,West,1,2,7691.241045000001,22708,97144.0,31275,40.72
1700,Pune,East,1,1,310.0,47533,97144.0,31275,40.72
1700,Pune,West,2,3,7320.4040509999995,67927,97144.0,31275,40.72
1700,Solapur,East,1,1,755.0,3811,97144.0,31275,40.72
1701,Nagpur,North,1,2,6856.0,40540,668422.0,262052,36.21
1701,Nashik,North,2,4,7993.0,118894,668422.0,262052,36.21
1701,Pune,North,2,3,7933.0,64410,668422.0,262052,36.21
1701,Solapur,South,1,1,2048.0,46372,668422.0,262052,36.21
1702,Mumbai,East,1,1,4809.0,15259,761788.0,130262,3.64
1702,Nagpur,West,1,1,1866.0,6368,761788.0,130262,3.64
1702,Nashik,South,1,3,10080.0,121673,761788.0,130262,3.64
1702,Pune,North,1,2,7500.0,14848,761788.0,130262,3.64
1702,Solapur,East,1,1,2475.0,35380,761788.0,130262,3.64
1703,Kolhapur,North,1,2,3520.0,81009,211026.0,212497,-36.46
1703,Mumbai,South,1,1,3567.0,9833,211026.0,212497,-36.46
1703,Nashik,North,1,1,1943.0,15654,211026.0,212497,-36.46
1703,Nashik,West,1,1,1477.0,18421,211026.0,212497,-36.46
1703,Solapur,South,1,3,10451.0,70588,211026.0,212497,-36.46
1704,Kolhapur,South,1,4,6673.0,124844,665137.0,183947,32.52
1704,Mumbai,North,1,1,1893.796634,16535,665137.0,183947,32.52
1704,Nagpur,North,2,3,6920.0,112997,665137.0,183947,32.52
1704,Nashik,East,2,2,609.095696,34490,665137.0,183947,32.52
1704,Pune,East,1,1,1563.0,11216,665137.0,183947,32.52
1704,Pune,West,1,2,5420.0,74058,665137.0,183947,32.52
1704,Solapur,West,1,1,4752.0,31612,665137.0,183947,32.52
1705,Kolhapur,South,1,1,1242.0,34170,518066.0,490089,15.62
1705,Nagpur,West,1,2,2419.0,86386,518066.0,490089,15.62
1705,Nashik,West,1,3,6284.0,79355,518066.0,490089,15.62
1705,Pune,South,1,2,3314.0,69775,518066.0,490089,15.62
1705,Solapur,North,1,2,4190.0,37270,518066.0,490089,15.62
1705,Solapur,South,1,2,7187.0,43212,518066.0,490089,15.62
1705,Solapur,West,1,1,225.0,8800,518066.0,490089,15.62
1706,Kolhapur,East,1,1,252.0,41902,,69586,-3.14
1706,Mumbai,North,1,1,4846.342606,18729,,69586,-3.14
1706,Mumbai,South,1,1,3541.0,40061,,69586,-3.14
1706,Mumbai,West,1,1,1296.0,21171,,69586,-3.14
1706,Nagpur,East,2,3,9384.0,66238,,69586,-3.14
1706,Nagpur,South,2,3,6613.0,126656,,69586,-3.14
1706,Pune,East,1,1,978.0,12171,,69586,-3.14
1706,Pune,West,1,1,2749.0,38840,,69586,-3.14
1706,Solapur,West,1,2,3448.0,47472,,69586,-3.14
1707,Kolhapur,East,1,2,6569.0,76521,242269.0,258539,14.2
1707,Nagpur,West,1,1,1672.0,21083,242269.0,258539,14.2
1707,Nashik,North,1,1,1003.0,22017,242269.0,258539,14.2
1707,Nashik,West,1,1,3162.0,47297,242269.0,258539,14.2
1708,Kolhapur,South,2,4,11740.0,147330,437939.0,170427,-40.86
1708,Kolhapur,West,1,2,6686.199394,41643,437939.0,170427,-40.86
1708,Mumbai,East,1,1,2937.0,24321,437939.0,170427,-40.86
1708,Mumbai,West,1,2,5442.0,66435,437939.0,170427,-40.86
1708,Nagpur,West,1,1,3961.0,43748,437939.0,170427,-40.86
1708,Nashik,East,1,1,3220.0,2389,437939.0,170427,-40.86
1708,Nashik,South,2,2,5613.0,54280,437939.0,170427,-40.86
1708,Solapur,South,1,1,4031.0,46418,437939.0,170427,-40.86
1709,Kolhapur,North,1,1,3728.0,33148,667026.0,184224,-37.21
1709,Kolhapur,South,1,1,3424.0,39983,667026.0,184224,-37.21
1709,Nagpur,North,1,1,3412.0,16348,667026.0,184224,-37.21
1709,Nagpur,West,1,2,4919.0,57244,667026.0,184224,-37.21
1709,Nashik,East,1,1,4605.0,33721,667026.0,184224,-37.21
1709,Pune,West,1,2,8008.0,48762,667026.0,184224,-37.21
1710,Mumbai,South,1,3,6016.0,88013,,416973,-28.35
1710,Nagpur,East,3,7,20441.0,217740,,416973,-28.35
1710,Nagpur,North,1,1,2626.0,29457,,416973,-28.35
1710,Nashik,East,1,2,3350.0,38790,,416973,-28.35
1710,Nashik,North,1,1,2827.0,46210,,416973,-28.35
1710,Nashik,West,1,3,9336.0,36584,,416973,-28.35
1711,Kolhapur,North,1,1,4108.0,44106,71637.0,397129,33.02
1711,Nashik,North,1,1,2151.0,1294,71637.0,397129,33.02
1711,Pune,North,1,3,11808.0,93546,71637.0,397129,33.02
1712,Mumbai,East,1,1,1691.0,11318,223071.0,449401,-7.53
1712,Nashik,North,1,3,10116.0,70279,223071.0,449401,-7.53
1713,Kolhapur,North,1,1,4224.0,28961,491267.0,143105,-14.73
1713,Mumbai,North,3,5,16537.376837,112763,491267.0,143105,-14.73
1713,Nagpur,West,1,2,6791.0,14911,491267.0,143105,-14.73
1713,Nashik,East,1,1,4762.0,46844,491267.0,143105,-14.73
1713,Nashik,North,1,1,4184.0,6840,491267.0,143105,-14.73
1713,Pune,North,2,3,9434.0,53706,491267.0,143105,-14.73
1713,Pune,West,1,2,4207.137785,43822,491267.0,143105,-14.73
1714,Kolhapur,East,1,1,4344.0,36700,759223.0,44148,44.57
1714,Kolhapur,South,2,3,11069.65855,107410,759223.0,44148,44.57
1714,Kolhapur,West,1,3,8779.0,115138,759223.0,44148,44.57
1714,Nagpur,South,1,1,3634.0,32051,759223.0,44148,44.57
1714,Nagpur,West,1,1,2872.0,39876,759223.0,44148,44.57
1714,Pune,East,2,3,7838.0,44436,759223.0,44148,44.57
1714,Solapur,South,1,1,3398.0,41716,759223.0,44148,44.57
1715,Kolhapur,East,1,1,4146.0,48162,835311.0,308048,39.52
1715,Kolhapur,West,1,1,3934.0,32113,835311.0,308048,39.52
1715,Solapur,East,1,3,11896.0,85729,835311.0,308048,39.52
1715,Solapur,West,1,1,4490.0,2596,835311.0,308048,39.52
1716,Kolhapur,East,1,1,4320.0,1294,922956.0,45545,0.74
1716,Nagpur,West,1,3,6330.0,31399,922956.0,45545,0.74
1716,Nashik,East,1,1,2777.0,47155,922956.0,45545,0.74
1716,Pune,East,1,1,2275.0,47690,922956.0,45545,0.74
1716,Solapur,West,2,2,3060.0,60207,922956.0,45545,0.74
1717,Kolhapur,East,1,2,5630.0,70627,508700.0,476988,90.58
1717,Nashik,North,1,1,2589.0,35807,508700.0,476988,90.58
1717,Pune,West,1,1,434.0,44473,508700.0,476988,90.58
1717,Solapur,East,1,2,5203.0,53534,508700.0,476988,90.58
1717,Solapur,West,1,1,2538.0,12152,508700.0,476988,90.58
1718,Nagpur,East,1,2,5850.814673,56214,796203.0,31701,9.73
1718,Nashik,North,1,1,4911.0,16628,796203.0,31701,9.73
1718,Pune,West,1,2,7344.0,52647,796203.0,31701,9.73
1719,Nashik,East,1,1,4413.0,14405,815073.0,21186,-21.57
1719,Solapur,South,1,2,9693.0,39075,815073.0,21186,-21.57
1720,Kolhapur,East,1,2,4683.0,45878,86148.0,455112,83.31
1720,Kolhapur,South,1,3,9177.0,84872,86148.0,455112,83.31
1720,Nagpur,North,1,4,9983.0,100428,86148.0,455112,83.31
1720,Pune,West,1,1,4156.0,4719,86148.0,455112,83.31
1720,Solapur,East,2,2,3618.0,73691,86148.0,455112,83.31
1720,Solapur,South,1,3,12159.0,122445,86148.0,455112,83.31
1721,Kolhapur,North,1,1,4971.0,39481,988916.0,269074,55.32
1721,Mumbai,West,1,3,7568.1350108,46589,988916.0,269074,55.32
1721,Nagpur,West,1,2,7525.0,26860,988916.0,269074,55.32
1722,Kolhapur,North,1,2,4369.0,43344,624423.0,459560,62.33
1722,Kolhapur,South,1,1,2447.0,49286,624423.0,459560,62.33
1722,Mumbai,North,2,2,4180.0,70767,624423.0,459560,62.33
1722,Nagpur,North,1,2,4249.0,30482,624423.0,459560,62.33
1722,Nagpur,West,1,1,2633.0,45453,624423.0,459560,62.33
1722,Pune,North,1,3,5635.1528106999995,78158,624423.0,459560,62.33
1723,Mumbai,South,1,1,1589.0,39288,869200.0,146410,77.34
1723,Nashik,East,1,1,2992.0,37493,869200.0,146410,77.34
1723,Solapur,East,1,2,5560.065595,31712,869200.0,146410,77.34
1724,Nagpur,East,1,2,927.0,46471,,203754,69.43
1724,Nashik,West,1,3,2934.0,68816,,203754,69.43
1725,Kolhapur,East,1,1,1923.0,26563,228844.0,283910,77.17
1725,Nagpur,South,1,1,792.0,22058,228844.0,283910,77.17
1725,Pune,West,1,1,1010.0,10373,228844.0,283910,77.17
1726,Nagpur,West,1,5,16149.0,128193,989866.0,237579,-15.85
1726,Nashik,South,1,1,2469.0,31079,989866.0,237579,-15.85
1726,Nashik,West,1,2,1987.0,59017,989866.0,237579,-15.85
1726,Pune,North,1,1,1975.0,8505,989866.0,237579,-15.85
1726,Pune,West,1,1,4505.0,37350,989866.0,237579,-15.85
1726,Solapur,West,1,2,5426.0,65607,989866.0,237579,-15.85
1727,Mumbai,West,1,4,12903.0,88703,129615.0,67988,42.37
1727,Nashik,South,1,2,5375.0,65511,129615.0,67988,42.37
1727,Nashik,West,1,1,2753.0,27246,129615.0,67988,42.37
1727,Solapur,North,1,1,1632.57457,45656,129615.0,67988,42.37
1727,Solapur,South,1,1,3923.0,28055,129615.0,67988,42.37
1727,Solapur,West,1,1,1408.0,8003,129615.0,67988,42.37
1728,Kolhapur,East,1,1,3879.0,27521,524775.0,275301,51.36
1728,Nagpur,South,1,3,11055.0,66825,524775.0,275301,51.36
1728,Nashik,West,1,2,6136.0,77473,524775.0,275301,51.36
1728,Pune,North,1,2,7473.0,46424,524775.0,275301,51.36
1728,Solapur,East,1,1,4179.0,15471,524775.0,275301,51.36
1728,Solapur,North,3,5,10194.0,100997,524775.0,275301,51.36
1728,Solapur,South,1,3,6117.0,114380,524775.0,275301,51.36
1729,Kolhapur,North,1,1,1525.0,30323,662174.0,482685,-6.09
1729,Nagpur,North,1,2,5041.0,59739,662174.0,482685,-6.09
1729,Pune,East,1,1,6138.075505,2447,662174.0,482685,-6.09
1729,Pune,West,2,2,7572.0,74340,662174.0,482685,-6.09
1730,Kolhapur,East,1,2,8044.0,43233,734233.0,183733,99.14
1730,Mumbai,North,1,3,11434.521542,81908,734233.0,183733,99.14
1730,Mumbai,South,1,3,9040.0,36089,734233.0,183733,99.14
1730,Nagpur,South,1,1,3233.0,1601,734233.0,183733,99.14
1730,Pune,South,1,1,2770.0,22530,734233.0,183733,99.14
1730,Solapur,West,1,1,1644.0,40706,734233.0,183733,99.14
1731,Kolhapur,East,1,1,2169.0,7796,434663.0,57379,71.09
1731,Kolhapur,North,1,2,8780.138068,56293,434663.0,57379,71.09
1731,Mumbai,West,1,1,1422.0,43113,434663.0,57379,71.09
1731,Nagpur,West,1,1,4878.0,28843,434663.0,57379,71.09
1731,Nashik,North,1,1,2177.0,43815,434663.0,57379,71.09
1731,Pune,East,1,2,3942.0,25549,434663.0,57379,71.09
1731,Pune,North,1,1,404.592483,5026,434663.0,57379,71.09
1731,Pune,West,1,1,2104.0,40793,434663.0,57379,71.09
1731,Solapur,East,1,2,5039.0,42039,434663.0,57379,71.09
1732,Kolhapur,North,1,3,6329.0,66658,634719.0,228900,87.19
1732,Mumbai,North,1,2,5504.0,20258,634719.0,228900,87.19
1732,Mumbai,South,1,1,2877.0,42349,634719.0,228900,87.19
1732,Nagpur,North,1,2,3228.0,42016,634719.0,228900,87.19
1732,Nashik,East,1,1,2544.0,10897,634719.0,228900,87.19
1732,Nashik,North,1,2,9296.0,73557,634719.0,228900,87.19
1732,Nashik,South,1,1,4500.597577,46205,634719.0,228900,87.19
1732,Pune,South,1,1,2303.0,34915,634719.0,228900,87.19
1733,Kolhapur,East,1,2,5620.0,42596,557998.0,338981,-27.19
1733,Mumbai,North,2,2,8117.0,26157,557998.0,338981,-27.19
1733,Mumbai,South,2,4,9228.1011296,99981,557998.0,338981,-27.19
1733,Nagpur,East,1,2,8903.0,67070,557998.0,338981,-27.19
1733,Nagpur,North,1,1,3973.0,8491,557998.0,338981,-27.19
1733,Nagpur,South,1,2,6646.0,33867,557998.0,338981,-27.19
1733,Nashik,North,1,1,1289.0,38677,557998.0,338981,-27.19
1733,Nashik,West,1,1,2851.0,6899,557998.0,338981,-27.19
1733,Pune,West,1,1,3708.0,38895,557998.0,338981,-27.19
1733,Solapur,East,1,1,3067.0,2019,557998.0,338981,-27.19
1734,Kolhapur,South,1,3,11566.0,124469,,370131,-44.34
1734,Mumbai,South,1,1,4907.0,20407,,370131,-44.34
1734,Nagpur,North,1,2,1373.0,43743,,370131,-44.34
1734,Nagpur,West,1,2,4212.0,86382,,370131,-44.34
1734,Nashik,West,1,1,1133.0,41949,,370131,-44.34
1734,Pune,South,1,2,1265.0,20804,,370131,-44.34
1735,Kolhapur,North,1,3,8259.0,90977,655576.0,138432,-45.71
1735,Kolhapur,South,1,1,1383.0,4141,655576.0,138432,-45.71
1735,Mumbai,North,1,1,1635.0,34448,655576.0,138432,-45.71
1735,Mumbai,West,2,3,2147.0,109588,655576.0,138432,-45.71
1735,Nagpur,South,1,1,2256.0,43628,655576.0,138432,-45.71
1735,Nashik,North,1,1,4173.0,14819,655576.0,138432,-45.71
1735,Pune,North,1,1,3413.0,17451,655576.0,138432,-45.71
1735,Pune,West,1,1,2344.0,43980,655576.0,138432,-45.71
1736,Kolhapur,East,1,3,6079.0,114673,613875.0,474853,80.01
1736,Kolhapur,North,1,2,5674.0,70515,613875.0,474853,80.01
1736,Nagpur,East,3,3,7583.9555514,62610,613875.0,474853,80.01
1736,Nagpur,West,1,1,460.0,14041,613875.0,474853,80.01
1737,Kolhapur,East,1,1,4785.0,16790,,60434,31.96
1737,Nagpur,East,2,6,16362.0,137344,,60434,31.96
1737,Nagpur,South,1,1,4439.0,27245,,60434,31.96
1737,Nashik,West,1,1,2489.0,43973,,60434,31.96
1737,Pune,West,1,1,2703.0,15074,,60434,31.96
1737,Solapur,South,1,4,8690.0,113361,,60434,31.96
1738,Kolhapur,West,1,2,5598.0,24229,933730.0,476194,-3.84
1738,Mumbai,South,1,1,3460.0,35876,933730.0,476194,-3.84
1738,Mumbai,West,1,1,3894.0,10286,933730.0,476194,-3.84
1738,Nagpur,South,1,1,3422.0,38644,933730.0,476194,-3.84
1738,Nagpur,West,1,1,125.0,34485,933730.0,476194,-3.84
1738,Pune,South,1,2,1605.0,17003,933730.0,476194,-3.84
1739,Kolhapur,North,1,2,1802.0,36199,959611.0,192214,70.84
1739,Mumbai,North,1,1,2327.0,45602,959611.0,192214,70.84
1739,Nashik,East,1,1,1730.0,47875,959611.0,192214,70.84
1739,Pune,North,1,1,315.0,40320,959611.0,192214,70.84
1740,Mumbai,East,1,2,6664.0,69320,846852.0,157207,46.61
1740,Nagpur,West,1,2,3797.0,44891,846852.0,157207,46.61
1740,Solapur,South,1,2,6621.0,42671,846852.0,157207,46.61
1741,Kolhapur,East,1,1,398.0,34946,602410.0,431599,42.87
1741,Kolhapur,North,1,1,3166.0,15955,602410.0,431599,42.87
1741,Solapur,West,1,3,4545.0,78331,602410.0,431599,42.87
1742,Mumbai,East,1,2,8227.0,43331,378289.0,378540,69.64
1742,Mumbai,North,1,2,4913.0,50112,378289.0,378540,69.64
1742,Mumbai,South,1,1,292.0,29112,378289.0,378540,69.64
1742,Nashik,South,1,3,5959.0,105354,378289.0,378540,69.64
1742,Solapur,North,1,1,4828.0,12433,378289.0,378540,69.64
1743,Kolhapur,South,1,1,4135.0,41654,384410.0,442942,20.38
1743,Mumbai,East,1,2,4724.9722934,80813,384410.0,442942,20.38
1743,Mumbai,South,1,1,3515.0,4587,384410.0,442942,20.38
1743,Mumbai,West,1,1,1996.0,39453,384410.0,442942,20.38
1743,Nagpur,South,1,2,4960.0,59791,384410.0,442942,20.38
1743,Pune,South,1,1,4661.0,5355,384410.0,442942,20.38
1743,Solapur,East,1,1,4696.0,5644,384410.0,442942,20.38
1743,Solapur,West,1,1,562.0,5673,384410.0,442942,20.38
1744,Kolhapur,East,1,2,4335.201887,59702,455970.0,157803,-25.74
1744,Kolhapur,West,1,1,4183.0,41867,455970.0,157803,-25.74
1744,Mumbai,East,1,3,8300.0,84719,455970.0,157803,-25.74
1744,Nagpur,North,1,3,11201.0,96190,455970.0,157803,-25.74
1744,Nashik,South,1,1,1825.0,8854,455970.0,157803,-25.74
1745,Kolhapur,South,1,1,2043.0,11732,390679.0,441049,87.64
1745,Nagpur,North,1,1,2532.0,21875,390679.0,441049,87.64
1745,Nashik,North,1,1,852.0,14639,390679.0,441049,87.64
1745,Pune,East,1,1,4067.0,22316,390679.0,441049,87.64
1745,Solapur,North,1,2,4187.0,30208,390679.0,441049,87.64
1746,Kolhapur,East,1,1,4037.0,48597,166906.0,67856,79.79
1746,Kolhapur,North,1,2,5832.0,62088,166906.0,67856,79.79
1746,Nagpur,South,1,2,5405.0,30935,166906.0,67856,79.79
1747,Kolhapur,East,2,3,5157.0,99254,51903.0,384807,-12.71
1747,Mumbai,East,1,1,1137.0,29116,51903.0,384807,-12.71
1747,Nashik,North,1,1,726.0,47166,51903.0,384807,-12.71
1747,Solapur,East,1,1,4253.0,13641,51903.0,384807,-12.71
1747,Solapur,West,1,3,11870.0,77692,51903.0,384807,-12.71
1748,Kolhapur,East,1,4,6579.0,89985,548678.0,301665,-0.67
1748,Kolhapur,South,1,1,3730.0,2872,548678.0,301665,-0.67
1748,Mumbai,East,1,2,894.0,51554,548678.0,301665,-0.67
1748,Nagpur,East,1,3,3088.0,51737,548678.0,301665,-0.67
1748,Nagpur,West,1,2,3792.0,23095,548678.0,301665,-0.67
1748,Nashik,East,1,1,157.0,7766,548678.0,301665,-0.67
1748,Solapur,North,1,2,5879.0,13082,548678.0,301665,-0.67
1749,Kolhapur,North,1,2,2321.0,75789,126755.0,479526,73.02
1749,Mumbai,South,1,3,7272.300321000001,83020,126755.0,479526,73.02
1749,Mumbai,West,1,2,2745.0,57419,126755.0,479526,73.02
1749,Nagpur,South,2,3,5473.7767519,92488,126755.0,479526,73.02
1749,Nashik,West,1,3,6928.0,89420,126755.0,479526,73.02
1749,Pune,South,1,1,4766.0,25201,126755.0,479526,73.02
1749,Solapur,East,1,2,5667.0,58742,126755.0,479526,73.02
1750,Kolhapur,West,2,2,4333.0,31110,391800.0,351826,95.84
1750,Mumbai,East,1,1,3685.0,31763,391800.0,351826,95.84
1750,Nashik,West,1,1,368.0,1742,391800.0,351826,95.84
1750,Solapur,North,2,3,8442.0,94684,391800.0,351826,95.84
1750,Solapur,South,1,1,2795.0,48695,391800.0,351826,95.84
1750,Solapur,West,1,1,4129.0,18319,391800.0,351826,95.84
1751,Kolhapur,West,2,2,2979.0,51689,979802.0,368949,66.32
1751,Nagpur,South,1,2,5768.0,43433,979802.0,368949,66.32
1751,Pune,East,1,1,2277.0,25619,979802.0,368949,66.32
1751,Pune,South,1,1,1353.0,42378,979802.0,368949,66.32
1751,Solapur,East,1,2,7957.0,59294,979802.0,368949,66.32
1752,Mumbai,East,1,1,565.0,32894,312284.0,444131,-42.15
1752,Mumbai,North,1,3,6475.0,67358,312284.0,444131,-42.15
1752,Pune,East,1,1,1681.0,37396,312284.0,444131,-42.15
1752,Solapur,West,1,1,2567.0,12287,312284.0,444131,-42.15
1753,Mumbai,East,1,1,1827.0,6880,708640.0,256332,11.25
1753,Nashik,North,1,2,5541.0,75294,708640.0,256332,11.25
1753,Nashik,West,1,1,1475.0,23352,708640.0,256332,11.25
1753,Pune,West,1,4,11727.0,72291,708640.0,256332,11.25
1753,Solapur,North,1,2,6488.0,23141,708640.0,256332,11.25
1753,Solapur,West,1,1,3383.0,42246,708640.0,256332,11.25
1754,Kolhapur,North,1,1,1418.0,11461,704250.0,169628,66.41
1754,Kolhapur,West,1,1,439.0,38502,704250.0,169628,66.41
1754,Mumbai,South,2,3,5212.0,83535,704250.0,169628,66.41
1754,Nagpur,North,1,3,6875.0,132600,704250.0,169628,66.41
1754,Nagpur,West,1,1,1160.0,13674,704250.0,169628,66.41
1755,Kolhapur,East,1,1,3741.0,7541,896294.0,407493,19.9
1755,Mumbai,East,1,1,4292.0,40032,896294.0,407493,19.9
1755,Mumbai,North,1,3,5349.0,91701,896294.0,407493,19.9
1755,Mumbai,West,1,2,6863.0,48633,896294.0,407493,19.9
1755,Nagpur,North,1,3,7431.0,58449,896294.0,407493,19.9
1755,Nashik,West,1,1,4125.0,38041,896294.0,407493,19.9
1755,Solapur,North,1,2,4138.0,58086,896294.0,407493,19.9
1755,Solapur,West,1,1,3284.750516,23621,896294.0,407493,19.9
1756,Mumbai,North,1,1,4911.0,8088,763013.0,60693,51.38
1756,Mumbai,South,1,1,5718.011777,27376,763013.0,60693,51.38
1756,Mumbai,West,1,1,3532.0,7012,763013.0,60693,51.38
1756,Solapur,South,1,2,6590.0,47441,763013.0,60693,51.38
1756,Solapur,West,1,1,925.0,10648,763013.0,60693,51.38
1757,Nagpur,North,1,2,4493.0,36235,977627.0,107820,-44.55
1757,Solapur,East,1,1,4949.0,7614,977627.0,107820,-44.55
1758,Nagpur,North,1,2,2403.0,52660,521880.0,436030,-18.25
1758,Nashik,South,1,1,4401.0,35519,521880.0,436030,-18.25
1758,Pune,West,1,3,10437.938216499999,49575,521880.0,436030,-18.25
1758,Solapur,South,1,1,3202.0,45923,521880.0,436030,-18.25
1759,Kolhapur,South,2,2,4012.0,36221,667434.0,386002,63.86
1759,Kolhapur,West,1,1,1727.0,37150,667434.0,386002,63.86
1759,Mumbai,North,1,4,7873.0,73046,667434.0,386002,63.86
1759,Nagpur,East,1,2,4021.0,48446,667434.0,386002,63.86
1759,Nagpur,West,2,2,8655.0,56415,667434.0,386002,63.86
1759,Pune,East,1,1,1098.0,10060,667434.0,386002,63.86
1759,Solapur,East,1,1,1363.0,18179,667434.0,386002,63.86
1760,Kolhapur,North,1,1,434.0,13667,799656.0,166560,-21.12
1760,Nagpur,North,1,3,4347.0,109873,799656.0,166560,-21.12
1760,Nagpur,South,1,3,8345.0,91460,799656.0,166560,-21.12
1760,Nashik,East,2,2,6502.0,32134,799656.0,166560,-21.12
1760,Nashik,North,1,2,4240.0,61936,799656.0,166560,-21.12
1760,Nashik,South,1,1,4849.0,8409,799656.0,166560,-21.12
1760,Solapur,South,1,1,4137.0,28876,799656.0,166560,-21.12
1761,Mumbai,East,1,2,3268.0,73252,186918.0,474281,95.68
1761,Nagpur,North,1,1,3262.0,31515,186918.0,474281,95.68
1761,Solapur,South,1,2,6539.0,39654,186918.0,474281,95.68
1762,Pune,West,2,2,4904.0,61157,505990.0,461842,5.01
1762,Solapur,North,2,7,15675.0,231124,505990.0,461842,5.01
1762,Solapur,South,1,1,1161.0,14720,505990.0,461842,5.01
1762,Solapur,West,1,1,3506.0,15709,505990.0,461842,5.01
1763,Kolhapur,East,1,1,943.0,2152,,32371,-20.86
1763,Kolhapur,West,3,5,14879.949270000001,127198,,32371,-20.86
1763,Mumbai,East,1,1,3905.0,26803,,32371,-20.86
1763,Nashik,North,1,1,599.0,8123,,32371,-20.86
1763,Nashik,South,1,2,5829.0,45524,,32371,-20.86
1763,Solapur,West,2,2,3232.0,37794,,32371,-20.86
1764,Mumbai,South,2,3,11104.0,90300,822390.0,379108,-20.85
1764,Nagpur,North,1,1,447.0,43476,822390.0,379108,-20.85
1764,Pune,East,1,1,4511.0,6328,822390.0,379108,-20.85
1764,Pune,West,2,3,7506.221353,51086,822390.0,379108,-20.85
1764,Solapur,North,1,3,13157.915431000001,82192,822390.0,379108,-20.85
1764,Solapur,South,1,1,117.0,44250,822390.0,379108,-20.85
1765,Kolhapur,West,2,4,9241.0,96944,919512.0,426555,-23.74
1765,Nagpur,South,1,2,3163.0,57649,919512.0,426555,-23.74
1765,Nashik,South,1,2,4645.0,70926,919512.0,426555,-23.74
1765,Solapur,West,2,2,4601.303666,48317,919512.0,426555,-23.74
1766,Kolhapur,North,1,1,786.0,28721,636985.0,166850,2.12
1766,Mumbai,North,1,4,11372.0,122000,636985.0,166850,2.12
1767,Mumbai,West,1,2,1901.0,51223,472104.0,163547,37.24
1767,Nagpur,West,1,2,3420.0,26855,472104.0,163547,37.24
1767,Nashik,North,1,2,6448.0,58717,472104.0,163547,37.24
1767,Nashik,South,1,1,1197.0,7612,472104.0,163547,37.24
1767,Pune,North,1,1,802.0,47261,472104.0,163547,37.24
1767,Solapur,North,1,1,2895.0,44363,472104.0,163547,37.24
1768,Mumbai,South,1,2,3197.113376,57414,120360.0,467279,82.47
1768,Pune,North,1,1,658.0,27635,120360.0,467279,82.47
1769,Kolhapur,North,1,2,6568.0,65668,992345.0,332950,90.03
1769,Mumbai,North,1,1,1580.0,8234,992345.0,332950,90.03
1769,Mumbai,South,1,2,3671.0,36645,992345.0,332950,90.03
1769,Nashik,South,2,2,8526.0,40734,992345.0,332950,90.03
1769,Pune,North,1,1,2328.0,4458,992345.0,332950,90.03
1769,Solapur,West,1,1,416.0,15446,992345.0,332950,90.03
1770,Kolhapur,North,2,2,2676.0,35465,779467.0,221575,39.98
1770,Mumbai,South,1,1,906.0,44079,779467.0,221575,39.98
1770,Nagpur,East,1,1,578.0,45542,779467.0,221575,39.98
1770,Nagpur,South,2,2,5343.0,35657,779467.0,221575,39.98
1770,Nagpur,West,1,1,2338.0,41422,779467.0,221575,39.98
1770,Nashik,West,1,2,5073.0,34204,779467.0,221575,39.98
1770,Pune,East,1,1,2044.0,33167,779467.0,221575,39.98
1770,Pune,North,1,2,6128.0,52997,779467.0,221575,39.98
1771,Nagpur,East,1,2,4756.0,52821,821726.0,297703,44.92
1771,Nagpur,West,1,1,3871.0,16904,821726.0,297703,44.92
1771,Nashik,West,1,2,4842.0,71701,821726.0,297703,44.92
1772,Kolhapur,West,1,3,6393.0,52351,235252.0,454932,28.14
1772,Mumbai,South,1,3,6729.0,39534,235252.0,454932,28.14
1772,Mumbai,West,1,2,8183.0,46227,235252.0,454932,28.14
1772,Nagpur,East,1,2,4072.0,38748,235252.0,454932,28.14
1772,Nagpur,South,1,3,4533.0,65139,235252.0,454932,28.14
1773,Mumbai,South,1,1,4769.0,34398,79803.0,164937,0.5
1773,Nashik,East,1,2,6359.0,41096,79803.0,164937,0.5
1773,Nashik,North,1,2,5603.0,25381,79803.0,164937,0.5
1773,Nashik,South,1,1,3725.0,14376,79803.0,164937,0.5
1773,Nashik,West,1,1,2462.0,31044,79803.0,164937,0.5
1773,Pune,East,1,1,2875.0,43304,79803.0,164937,0.5
1773,Pune,South,1,2,5547.0,44943,79803.0,164937,0.5
1773,Solapur,East,1,2,2912.0,51851,79803.0,164937,0.5
1774,Kolhapur,North,2,3,8464.0,26167,540674.0,22332,30.09
1774,Nagpur,East,1,2,1814.0,29739,540674.0,22332,30.09
1774,Nagpur,North,2,3,8358.0,104999,540674.0,22332,30.09
1774,Nagpur,West,1,4,8285.0,147011,540674.0,22332,30.09
1774,Pune,West,1,1,3498.0,10082,540674.0,22332,30.09
1774,Solapur,East,1,2,4506.0,53821,540674.0,22332,30.09
1774,Solapur,South,1,2,5113.0,70873,540674.0,22332,30.09
1775,Kolhapur,East,1,1,528.0,5713,978258.0,336588,-25.18
1775,Mumbai,East,1,1,1290.0,11735,978258.0,336588,-25.18
1775,Pune,East,1,1,1895.0,22439,978258.0,336588,-25.18
1776,Kolhapur,North,1,6,17842.0,175366,238055.0,378686,-1.58
1776,Kolhapur,West,1,1,3803.0,9177,238055.0,378686,-1.58
1776,Mumbai,East,1,2,6735.0,20797,238055.0,378686,-1.58
1776,Mumbai,North,1,1,2606.0,1340,238055.0,378686,-1.58
1776,Nagpur,South,1,1,4629.0,14617,238055.0,378686,-1.58
1776,Nashik,South,1,2,7582.0,90296,238055.0,378686,-1.58
1776,Pune,East,1,2,4144.0,62795,238055.0,378686,-1.58
1776,Pune,West,1,1,1589.0,33310,238055.0,378686,-1.58
1776,Solapur,West,1,3,7446.0,77441,238055.0,378686,-1.58
1777,Kolhapur,East,1,1,3404.0,12945,112551.0,157259,-20.07
1777,Kolhapur,North,1,2,6685.848268,82020,112551.0,157259,-20.07
1777,Nagpur,North,1,1,4656.0,18063,112551.0,157259,-20.07
1777,Nagpur,West,1,2,7903.0,64099,112551.0,157259,-20.07
1777,Nashik,North,2,4,5018.0,121205,112551.0,157259,-20.07
1777,Pune,South,1,3,9596.0,108499,112551.0,157259,-20.07
1777,Solapur,North,1,1,4174.0,48603,112551.0,157259,-20.07
1777,Solapur,South,1,1,4220.0,11257,112551.0,157259,-20.07
1778,Kolhapur,South,1,1,2803.0,33645,844105.0,247723,75.97
1778,Mumbai,East,1,1,2248.0,41985,844105.0,247723,75.97
1778,Nagpur,West,1,4,9170.0,134788,844105.0,247723,75.97
1778,Nashik,West,1,2,6044.0,65679,844105.0,247723,75.97
1778,Solapur,South,1,2,1204.0,21846,844105.0,247723,75.97
1778,Solapur,West,1,3,9114.0,88753,844105.0,247723,75.97
1779,Mumbai,South,1,3,9011.0,35342,67928.0,40004,-25.55
1779,Nashik,North,1,2,5652.0,38939,67928.0,40004,-25.55
1779,Nashik,West,1,2,2397.0,80461,67928.0,40004,-25.55
1779,Solapur,South,1,2,4222.0,54527,67928.0,40004,-25.55
1780,Kolhapur,East,1,1,3418.0,25675,923457.0,401884,62.04
1780,Mumbai,North,1,1,576.0,33276,923457.0,401884,62.04
1780,Nagpur,South,2,3,7452.1002989,116735,923457.0,401884,62.04
1780,Pune,West,1,2,8612.0,69305,923457.0,401884,62.04
1780,Solapur,East,1,1,4513.0,39347,923457.0,401884,62.04
1781,Kolhapur,South,1,4,11790.0,101389,,200295,-40.04
1781,Mumbai,North,1,3,9760.0,78639,,200295,-40.04
1781,Nashik,South,1,1,2341.0,45541,,200295,-40.04
1781,Solapur,South,1,2,2926.0,58815,,200295,-40.04
1781,Solapur,West,1,1,2747.0,34680,,200295,-40.04
1782,Nagpur,West,1,1,514.0,44821,700253.0,329055,48.96
1782,Pune,East,1,1,3625.0,15143,700253.0,329055,48.96
1782,Pune,North,2,3,10776.0,60806,700253.0,329055,48.96
1783,Kolhapur,North,1,2,3440.0,90833,803410.0,68375,64.84
1783,Kolhapur,South,1,1,2469.0,20709,803410.0,68375,64.84
1783,Nashik,West,1,1,4105.0,25493,803410.0,68375,64.84
1783,Pune,West,1,2,6039.0,49620,803410.0,68375,64.84
1784,Kolhapur,East,1,2,5881.0,69679,57991.0,35483,-34.91
1784,Mumbai,West,2,3,7966.0,75021,57991.0,35483,-34.91
1784,Solapur,West,1,1,3991.0,7549,57991.0,35483,-34.91
1785,Mumbai,West,1,2,4403.0,34980,314133.0,460299,65.8
1785,Nashik,North,1,1,4929.0,5376,314133.0,460299,65.8
1785,Pune,North,1,2,3984.0,45262,314133.0,460299,65.8
1785,Pune,West,1,4,11842.0,50536,314133.0,460299,65.8
1785,Solapur,West,1,1,2542.0,21274,314133.0,460299,65.8
1786,Nagpur,East,1,1,523.0,43254,492447.0,398070,37.89
1786,Pune,South,1,1,2251.940768,4677,492447.0,398070,37.89
1787,Mumbai,South,1,3,6830.0,101337,994546.0,489614,52.92
1787,Pune,West,1,1,4283.526826,10888,994546.0,489614,52.92
1788,Kolhapur,East,1,1,4942.0,22560,795360.0,142578,58.49
1788,Nashik,East,1,1,1702.0,48944,795360.0,142578,58.49
1789,Kolhapur,South,1,1,1931.0,29535,738068.0,296707,-25.52
1789,Mumbai,East,1,1,2649.0,5589,738068.0,296707,-25.52
1789,Nagpur,East,1,2,5880.0,29846,738068.0,296707,-25.52
1789,Nagpur,North,1,2,8088.0,65991,738068.0,296707,-25.52
1789,Nashik,East,1,1,3752.0,48338,738068.0,296707,-25.52
1789,Solapur,North,1,2,6865.0,56416,738068.0,296707,-25.52
1789,Solapur,West,1,1,2173.0,40129,738068.0,296707,-25.52
1790,Kolhapur,North,1,1,635.0,28771,519437.0,36023,69.69
1790,Mumbai,East,1,2,6191.0,88237,519437.0,36023,69.69
1790,Mumbai,West,1,3,7158.4028894,109044,519437.0,36023,69.69
1790,Nashik,East,1,1,1033.0,48779,519437.0,36023,69.69
1790,Nashik,North,1,1,4310.0,26501,519437.0,36023,69.69
1790,Nashik,South,2,5,11035.483393999999,104703,519437.0,36023,69.69
1790,Pune,East,1,2,8160.0,30169,519437.0,36023,69.69
1790,Pune,North,1,2,8230.0,77778,519437.0,36023,69.69
1790,Solapur,West,1,2,8008.0,71122,519437.0,36023,69.69
1791,Mumbai,North,1,1,3311.0,11587,929317.0,307857,67.28
1791,Nagpur,East,1,2,4980.0,37225,929317.0,307857,67.28
1791,Pune,South,1,1,4906.0,24983,929317.0,307857,67.28
1791,Pune,West,2,4,13180.0,94218,929317.0,307857,67.28
1792,Mumbai,West,1,1,2565.0,44484,317151.0,334322,47.03
1792,Nagpur,North,1,1,1703.0,39148,317151.0,334322,47.03
1792,Nagpur,South,1,1,3489.0,25115,317151.0,334322,47.03
1792,Nashik,North,1,1,1996.0,5793,317151.0,334322,47.03
1792,Solapur,East,1,1,4804.0,7688,317151.0,334322,47.03
1792,Solapur,South,1,1,2679.0,20506,317151.0,334322,47.03
1793,Kolhapur,West,2,3,7898.0,53974,990918.0,26574,25.71
1793,Mumbai,East,1,1,3708.0,26895,990918.0,26574,25.71
1793,Nagpur,West,1,1,2260.0,3710,990918.0,26574,25.71
1793,Pune,North,2,3,7908.0,77413,990918.0,26574,25.71
1793,Solapur,North,1,1,781.2072096,38399,990918.0,26574,25.71
1794,Kolhapur,South,1,2,6120.0,60614,982714.0,321173,77.49
1794,Mumbai,East,2,4,11676.552874,65061,982714.0,321173,77.49
1794,Mumbai,North,1,2,6088.0,50762,982714.0,321173,77.49
1794,Nashik,North,1,1,2909.0,6771,982714.0,321173,77.49
1794,Nashik,South,1,1,3617.0,11802,982714.0,321173,77.49
1794,Pune,West,1,1,2388.0,28213,982714.0,321173,77.49
1794,Solapur,West,1,2,5140.0,53563,982714.0,321173,77.49
1795,Mumbai,North,1,3,7799.0,108752,674713.0,431390,82.1
1795,Pune,North,1,1,2319.0,9562,674713.0,431390,82.1
1795,Pune,West,1,2,7709.0,22082,674713.0,431390,82.1
1795,Solapur,West,1,2,5530.0,37903,674713.0,431390,82.1
1796,Kolhapur,West,1,1,271.0,9987,462211.0,497282,0.22
1796,Mumbai,South,1,1,124.0,3839,462211.0,497282,0.22
1796,Nagpur,South,2,3,7683.0,98570,462211.0,497282,0.22
1796,Nagpur,West,1,1,3858.0,44678,462211.0,497282,0.22
1796,Nashik,East,1,3,6377.0,77472,462211.0,497282,0.22
1797,Mumbai,North,1,1,4231.0,41615,912063.0,493322,29.93
1797,Mumbai,South,1,1,4431.0,32553,912063.0,493322,29.93
1797,Nagpur,East,1,1,1111.0,31859,912063.0,493322,29.93
1797,Nagpur,South,1,1,1130.0,17476,912063.0,493322,29.93
1797,Nagpur,West,1,1,4051.0,35115,912063.0,493322,29.93
1797,Pune,East,2,3,6069.0,64210,912063.0,493322,29.93
1797,Solapur,East,1,1,1206.0,37614,912063.0,493322,29.93
1797,Solapur,West,1,2,5892.0,47032,912063.0,493322,29.93
1799,Kolhapur,North,1,3,5823.6610249000005,79261,125469.0,52574,13.77
1799,Kolhapur,West,1,1,1213.0,37154,125469.0,52574,13.77
1799,Nagpur,North,2,2,3246.0,76247,125469.0,52574,13.77
1799,Nagpur,South,1,1,544.0,43856,125469.0,52574,13.77
1799,Nagpur,West,1,1,2539.0,3639,125469.0,52574,13.77
1799,Nashik,East,1,1,4486.0,22718,125469.0,52574,13.77
1799,Nashik,West,2,5,11375.0,132501,125469.0,52574,13.77
1799,Pune,East,1,1,1518.0,20295,125469.0,52574,13.77
1799,Pune,North,1,2,3449.0,38906,125469.0,52574,13.77
1799,Solapur,East,1,1,3329.0,31375,125469.0,52574,13.77
1800,Kolhapur,North,1,1,2250.0,25420,282544.0,498301,74.18
1800,Mumbai,North,1,2,8800.0,27229,282544.0,498301,74.18
1800,Nagpur,West,1,1,1320.0,27032,282544.0,498301,74.18
1800,Pune,North,1,2,8073.0,52919,282544.0,498301,74.18
1800,Pune,West,1,1,1536.0,15554,282544.0,498301,74.18
1801,Kolhapur,North,1,3,8167.0,67755,662262.0,231880,49.53
1801,Nashik,North,1,1,1379.0,46818,662262.0,231880,49.53
1801,Solapur,East,1,2,5879.0,9712,662262.0,231880,49.53
1802,Nashik,South,1,2,6111.0,13893,998840.0,115938,21.08
1803,Nagpur,North,1,1,1294.0,2908,290492.0,187782,68.27
1803,Nashik,South,1,1,4140.0,2560,290492.0,187782,68.27
1803,Pune,North,1,3,6982.0,62172,290492.0,187782,68.27
1803,Pune,South,1,1,3599.0,6387,290492.0,187782,68.27
1803,Pune,West,1,1,740.0,36068,290492.0,187782,68.27
1803,Solapur,South,1,1,1768.0,18154,290492.0,187782,68.27
1803,Solapur,West,1,3,6205.793185,59833,290492.0,187782,68.27
1804,Kolhapur,South,1,1,365.0,44980,389112.0,355386,91.47
1804,Mumbai,West,1,2,2211.0,41600,389112.0,355386,91.47
1804,Nashik,East,1,2,2020.0,44541,389112.0,355386,91.47
1804,Nashik,West,1,1,3296.0,18736,389112.0,355386,91.47
1804,Pune,North,1,1,4111.0,7327,389112.0,355386,91.47
1804,Pune,West,2,4,8346.0,102338,389112.0,355386,91.47
1804,Solapur,East,1,2,5122.0,48240,389112.0,355386,91.47
1805,Mumbai,North,1,1,4847.0,24027,781035.0,391225,11.15
1805,Nagpur,West,1,2,9615.0,58193,781035.0,391225,11.15
1805,Nashik,North,1,1,2708.0,6348,781035.0,391225,11.15
1806,Kolhapur,South,1,1,2337.0,4527,851237.0,224666,-29.69
1806,Mumbai,East,1,2,4315.118976,77215,851237.0,224666,-29.69
1806,Mumbai,South,1,1,1316.0,37518,851237.0,224666,-29.69
1806,Solapur,South,1,2,1595.0,40064,851237.0,224666,-29.69
1807,Mumbai,East,1,1,3837.0,48465,385822.0,243771,87.97
1807,Nashik,West,1,1,4027.0,21639,385822.0,243771,87.97
1807,Pune,North,1,1,4007.0,29843,385822.0,243771,87.97
1807,Solapur,East,1,1,3897.0,12835,385822.0,243771,87.97
1808,Kolhapur,South,1,3,5594.0,80627,743392.0,442463,93.6
1808,Nagpur,South,2,4,8769.0,94253,743392.0,442463,93.6
1808,Nagpur,West,1,2,6650.0,74078,743392.0,442463,93.6
1809,Kolhapur,North,1,1,3553.0,25869,963665.0,423669,11.37
1809,Nagpur,North,1,1,3703.0,41687,963665.0,423669,11.37
1809,Nashik,East,1,1,3825.0,29029,963665.0,423669,11.37
1810,Kolhapur,North,1,1,4175.0,46987,825624.0,21649,47.26
1810,Mumbai,East,1,1,1502.0,49046,825624.0,21649,47.26
1810,Nagpur,East,2,3,8344.0,107242,825624.0,21649,47.26
1810,Nagpur,North,1,1,1383.0,40165,825624.0,21649,47.26
1810,Nashik,West,1,1,4984.0,36540,825624.0,21649,47.26
1810,Pune,South,1,1,1749.0,22302,825624.0,21649,47.26
1810,Pune,West,1,1,3817.0,32321,825624.0,21649,47.26
1810,Solapur,South,1,2,3698.0,31359,825624.0,21649,47.26
1810,Solapur,West,1,1,4967.0,32798,825624.0,21649,47.26
1811,Kolhapur,East,1,1,1221.0,23459,945052.0,273665,-36.43
1811,Kolhapur,West,1,1,2476.0,3619,945052.0,273665,-36.43
1811,Mumbai,West,1,1,4051.0,41724,945052.0,273665,-36.43
1811,Nashik,West,2,5,6707.4360106,154462,945052.0,273665,-36.43
1811,Pune,South,2,3,10797.0,123755,945052.0,273665,-36.43
1811,Solapur,East,3,5,12482.0,95796,945052.0,273665,-36.43
1812,Kolhapur,North,2,3,12805.0,77431,889508.0,403009,-43.03
1812,Kolhapur,West,1,1,4234.0,1846,889508.0,403009,-43.03
1812,Mumbai,East,2,2,9163.0,16098,889508.0,403009,-43.03
1812,Mumbai,South,1,2,7655.0,24363,889508.0,403009,-43.03
1812,Mumbai,West,1,1,430.0,29598,889508.0,403009,-43.03
1812,Nagpur,East,1,1,2142.0,36942,889508.0,403009,-43.03
1812,Nagpur,North,1,3,6252.0,86956,889508.0,403009,-43.03
1812,Nagpur,South,1,2,4686.0,74211,889508.0,403009,-43.03
1812,Nagpur,West,1,1,510.0,36295,889508.0,403009,-43.03
1813,Kolhapur,West,1,2,8041.0,50174,52125.0,463465,-35.83
1813,Nagpur,East,1,2,3743.412685,11778,52125.0,463465,-35.83
1814,Nagpur,North,2,3,11920.0,119814,907960.0,37263,66.17
1814,Nashik,East,1,2,7085.0,38813,907960.0,37263,66.17
1814,Solapur,West,1,3,4678.0,61052,907960.0,37263,66.17
1815,Mumbai,North,1,1,1779.0,9629,599390.0,51425,18.86
1815,Nagpur,East,1,1,824.0,13278,599390.0,51425,18.86
1815,Nagpur,North,1,2,2954.0,64936,599390.0,51425,18.86
1815,Nashik,East,2,2,4894.0,60906,599390.0,51425,18.86
1815,Solapur,East,1,1,1913.0,29120,599390.0,51425,18.86
1815,Solapur,North,1,3,6533.0,78637,599390.0,51425,18.86
1816,Nagpur,South,1,1,2877.0,6351,736017.0,308381,48.31
1816,Nashik,South,1,2,7483.0,33475,736017.0,308381,48.31
1816,Pune,North,1,1,879.0,6391,736017.0,308381,48.31
1817,Kolhapur,East,1,1,1087.0,49288,460330.0,370439,33.19
1817,Kolhapur,South,1,2,8840.0,77012,460330.0,370439,33.19
1817,Mumbai,East,1,1,4017.0,7514,460330.0,370439,33.19
1817,Pune,South,1,2,6030.0,36144,460330.0,370439,33.19
1817,Solapur,South,2,3,9129.378220999999,59352,460330.0,370439,33.19
1817,Solapur,West,1,1,4443.0,36562,460330.0,370439,33.19
1818,Kolhapur,South,2,3,7039.0,99877,184177.0,50751,-20.92
1818,Mumbai,South,1,1,1525.0,44502,184177.0,50751,-20.92
1818,Nagpur,North,1,1,2606.0,43142,184177.0,50751,-20.92
1818,Nashik,South,1,1,3039.0,47256,184177.0,50751,-20.92
1819,Mumbai,South,1,1,4384.0,8222,625700.0,431399,72.15
1819,Mumbai,West,1,2,9125.0,72440,625700.0,431399,72.15
1819,Pune,East,2,2,5402.0,46076,625700.0,431399,72.15
1819,Pune,North,1,3,4039.0,90032,625700.0,431399,72.15
1819,Pune,South,1,1,1931.0,39839,625700.0,431399,72.15
1819,Solapur,North,1,1,3713.0,12978,625700.0,431399,72.15
1819,Solapur,South,2,3,6840.0,125299,625700.0,431399,72.15
1820,Kolhapur,West,1,1,3466.0,38560,547919.0,304697,-17.87
1820,Nashik,East,1,2,4674.0,10817,547919.0,304697,-17.87
1821,Mumbai,South,1,1,1879.00509,20768,766463.0,340659,-22.65
1821,Nagpur,West,2,5,5495.0,120281,766463.0,340659,-22.65
1821,Solapur,North,1,5,14627.0,148023,766463.0,340659,-22.65
1821,Solapur,West,1,2,6211.0,38626,766463.0,340659,-22.65
1822,Mumbai,East,1,1,3925.0,35468,302841.0,290781,42.67
1822,Mumbai,North,1,1,4913.0,21698,302841.0,290781,42.67
1822,Mumbai,South,1,1,1865.0,21723,302841.0,290781,42.67
1822,Nagpur,West,1,1,1185.0,35686,302841.0,290781,42.67
1822,Pune,North,1,1,2360.0,38250,302841.0,290781,42.67
1822,Solapur,East,1,1,1708.0,17793,302841.0,290781,42.67
1822,Solapur,South,1,1,3888.0,29796,302841.0,290781,42.67
1822,Solapur,West,1,2,6476.0,47523,302841.0,290781,42.67
1823,Kolhapur,North,1,3,8144.0375220000005,49320,252758.0,459154,80.39
1823,Kolhapur,South,1,1,2222.0,32794,252758.0,459154,80.39
1823,Nagpur,East,1,4,10910.0,152301,252758.0,459154,80.39
1823,Pune,East,1,1,494.0,9296,252758.0,459154,80.39
1823,Pune,South,1,1,4654.0,3744,252758.0,459154,80.39
1823,Pune,West,1,1,1287.0,25556,252758.0,459154,80.39
1824,Mumbai,South,1,2,3255.0,57026,522354.0,418759,79.92
1824,Pune,North,1,1,1827.0,35618,522354.0,418759,79.92
1824,Solapur,East,1,1,2282.0,5652,522354.0,418759,79.92
1824,Solapur,North,1,1,1971.0,31262,522354.0,418759,79.92
1825,Kolhapur,West,2,2,5815.0,59158,240167.0,128264,15.77
1825,Mumbai,East,1,1,2025.721318,13424,240167.0,128264,15.77
1825,Mumbai,North,2,2,3804.0,54530,240167.0,128264,15.77
1825,Nagpur,North,1,2,5180.0,72878,240167.0,128264,15.77
1825,Nagpur,South,1,1,613.0,45756,240167.0,128264,15.77
1826,Kolhapur,South,1,2,2064.0,17563,830092.0,415666,52.82
1826,Nashik,North,1,1,4017.0,13586,830092.0,415666,52.82
1827,Kolhapur,North,1,1,2712.0,43364,164034.0,113263,73.8
1827,Mumbai,South,1,2,7378.0,26244,164034.0,113263,73.8
1827,Mumbai,West,1,1,461.0,32020,164034.0,113263,73.8
1827,Pune,South,1,1,443.0,4915,164034.0,113263,73.8
1828,Kolhapur,South,1,2,5220.0,60030,758790.0,138245,-17.56
1828,Nagpur,South,1,1,1532.0,39300,758790.0,138245,-17.56
1828,Nagpur,West,1,1,4493.0,46342,758790.0,138245,-17.56
1828,Nashik,North,1,2,4337.0,69899,758790.0,138245,-17.56
1828,Nashik,South,1,2,7270.1392,61289,758790.0,138245,-17.56
1829,Kolhapur,South,1,3,11023.0,82786,755774.0,22707,9.24
1829,Kolhapur,West,1,1,1900.0,35317,755774.0,22707,9.24
1829,Mumbai,West,1,1,2652.0,33563,755774.0,22707,9.24
1829,Nashik,West,1,1,798.0,29091,755774.0,22707,9.24
1829,Solapur,South,1,1,155.0,20513,755774.0,22707,9.24
1829,Solapur,West,1,2,3821.0,58478,755774.0,22707,9.24
1830,Mumbai,East,1,1,200.0,3553,422672.0,277954,45.01
1830,Mumbai,North,1,1,4266.0,48906,422672.0,277954,45.01
1830,Mumbai,West,1,1,949.0,27655,422672.0,277954,45.01
1830,Nagpur,South,1,2,5923.0,72041,422672.0,277954,45.01
1830,Solapur,West,1,1,2626.0,15407,422672.0,277954,45.01
1831,Kolhapur,East,1,2,2433.0,14216,331172.0,231833,75.92
1831,Kolhapur,South,1,2,8693.0,45079,331172.0,231833,75.92
1831,Kolhapur,West,1,1,202.0,35343,331172.0,231833,75.92
1831,Nashik,South,1,2,7278.0,37965,331172.0,231833,75.92
1831,Pune,North,1,2,4480.0,44540,331172.0,231833,75.92
1832,Mumbai,South,1,2,7085.0,46559,535736.0,79707,0.4
1832,Nashik,North,1,2,6089.0,32372,535736.0,79707,0.4
1832,Nashik,West,1,2,7062.544059,53453,535736.0,79707,0.4
1832,Pune,South,2,2,6472.0,45790,535736.0,79707,0.4
1832,Pune,West,1,2,5684.0,72568,535736.0,79707,0.4
1832,Solapur,East,1,1,4308.0,42416,535736.0,79707,0.4
1833,Kolhapur,South,1,2,3685.0,62422,540579.0,245439,43.19
1833,Nagpur,North,1,1,1836.0,49844,540579.0,245439,43.19
1833,Nagpur,South,1,1,186.0,35789,540579.0,245439,43.19
1833,Nagpur,West,1,3,8156.0,62158,540579.0,245439,43.19
1833,Nashik,West,1,1,4195.218581,37845,540579.0,245439,43.19
1833,Solapur,South,2,3,8467.373502999999,112670,540579.0,245439,43.19
1834,Mumbai,North,1,2,5234.0,54962,207074.0,211679,-41.22
1834,Nagpur,East,1,2,3214.20481,44992,207074.0,211679,-41.22
1834,Nagpur,North,1,4,12408.987716,142345,207074.0,211679,-41.22
1834,Nashik,South,1,1,806.0,3065,207074.0,211679,-41.22
1834,Pune,South,1,2,5746.0,38000,207074.0,211679,-41.22
1835,Kolhapur,South,2,2,4446.0,56154,226276.0,177819,89.88
1835,Mumbai,South,2,3,3372.0,59803,226276.0,177819,89.88
1835,Nagpur,South,1,1,3200.0,25116,226276.0,177819,89.88
1835,Nashik,North,1,1,1465.971725,30427,226276.0,177819,89.88
1835,Nashik,South,1,1,569.0,28367,226276.0,177819,89.88
1835,Solapur,North,2,2,7112.0,77872,226276.0,177819,89.88
1835,Solapur,South,2,4,11877.0,132798,226276.0,177819,89.88
1835,Solapur,West,1,2,6130.0,88864,226276.0,177819,89.88
1836,Mumbai,South,1,2,3866.0,43622,992330.0,381896,84.4
1836,Nagpur,North,1,1,3250.0,40758,992330.0,381896,84.4
1836,Pune,East,1,1,213.0,7478,992330.0,381896,84.4
1836,Pune,South,1,1,1541.0,42536,992330.0,381896,84.4
1836,Pune,West,1,1,1580.0,21373,992330.0,381896,84.4
1837,Nagpur,South,1,1,400.0,34413,,64488,88.32
1837,Nagpur,West,1,1,358.0,11188,,64488,88.32
1837,Nashik,North,3,6,7741.0,136114,,64488,88.32
1837,Pune,East,1,1,3156.0,39431,,64488,88.32
1838,Nagpur,East,1,2,8793.0,37684,472332.0,261407,95.24
1838,Nagpur,South,1,1,4705.0,15242,472332.0,261407,95.24
1838,Pune,South,1,2,5842.0,52108,472332.0,261407,95.24
1838,Solapur,South,1,1,486.0,48666,472332.0,261407,95.24
1839,Mumbai,North,1,1,4618.0,9568,650081.0,299053,76.85
1839,Mumbai,South,1,1,4367.0,3169,650081.0,299053,76.85
1839,Nagpur,South,1,4,12005.949047999999,59328,650081.0,299053,76.85
1839,Nagpur,West,1,2,2219.0,41199,650081.0,299053,76.85
1839,Nashik,West,1,1,3533.0,28856,650081.0,299053,76.85
1840,Kolhapur,North,1,2,6744.0,81806,160822.0,140365,-18.36
1840,Mumbai,East,1,1,4123.0,18215,160822.0,140365,-18.36
1840,Nagpur,East,1,1,4572.0,28653,160822.0,140365,-18.36
1840,Nashik,North,1,1,4194.0,12340,160822.0,140365,-18.36
1840,Pune,North,1,1,3918.0,33471,160822.0,140365,-18.36
1840,Pune,West,1,2,6863.0,86013,160822.0,140365,-18.36
1840,Solapur,North,1,1,4233.0,19667,160822.0,140365,-18.36
1841,Mumbai,East,1,1,4751.0,15513,731944.0,360702,37.19
1841,Pune,East,1,1,472.0,42271,731944.0,360702,37.19
1841,Pune,West,1,2,8008.0,66080,731944.0,360702,37.19
1841,Solapur,East,1,2,1023.0,26293,731944.0,360702,37.19
1841,Solapur,South,2,3,6934.0,128842,731944.0,360702,37.19
1842,Mumbai,West,1,3,8610.0,131068,278115.0,200650,-23.03
1842,Nashik,South,2,2,4257.0,28109,278115.0,200650,-23.03
1842,Pune,South,1,1,2419.0,1753,278115.0,200650,-23.03
1842,Solapur,North,1,1,2276.0,27074,278115.0,200650,-23.03
1842,Solapur,South,1,2,5482.168782000001,39247,278115.0,200650,-23.03
1843,Mumbai,East,1,2,1943.0,62122,446900.0,74601,-46.93
1843,Mumbai,South,1,1,4522.0,20826,446900.0,74601,-46.93
1843,Nashik,East,1,1,2687.0,8897,446900.0,74601,-46.93
1843,Nashik,North,1,2,3101.0,34327,446900.0,74601,-46.93
1843,Nashik,West,2,4,10116.0,129257,446900.0,74601,-46.93
1843,Pune,North,1,1,3399.0,44190,446900.0,74601,-46.93
1843,Pune,West,1,3,3111.0,51680,446900.0,74601,-46.93
1843,Solapur,East,1,1,924.0,39880,446900.0,74601,-46.93
1844,Mumbai,South,2,5,13653.0,144994,298637.0,441832,-28.5
1844,Nashik,East,1,2,2355.0,48743,298637.0,441832,-28.5
1844,Nashik,South,1,4,6735.0,132102,298637.0,441832,-28.5
1844,Pune,West,1,2,1464.0,44585,298637.0,441832,-28.5
1844,Solapur,North,1,1,4052.0,43923,298637.0,441832,-28.5
1844,Solapur,South,1,2,7465.0,27326,298637.0,441832,-28.5
1844,Solapur,West,1,1,2425.0,11618,298637.0,441832,-28.5
1845,Kolhapur,South,1,1,3280.0,49298,808814.0,341562,76.27
1845,Kolhapur,West,1,3,11431.0,84563,808814.0,341562,76.27
1845,Mumbai,North,1,1,2058.0,12415,808814.0,341562,76.27
1845,Mumbai,West,1,3,4082.0,77707,808814.0,341562,76.27
1845,Nashik,West,1,3,8796.0,97560,808814.0,341562,76.27
1845,Pune,West,1,1,2726.0,49940,808814.0,341562,76.27
1846,Kolhapur,East,2,7,19449.0,161669,278628.0,479866,61.55
1846,Kolhapur,North,1,1,3419.0,43678,278628.0,479866,61.55
1846,Mumbai,East,1,1,4940.0,8010,278628.0,479866,61.55
1846,Mumbai,West,1,1,1415.0,13031,278628.0,479866,61.55
1846,Pune,West,1,1,1550.0,25626,278628.0,479866,61.55
1846,Solapur,West,2,2,8416.0,70827,278628.0,479866,61.55
1847,Nagpur,West,1,3,10326.0,91317,299135.0,290252,63.98
1847,Nashik,South,1,4,11691.0,98567,299135.0,290252,63.98
1847,Pune,North,1,1,2028.0,30527,299135.0,290252,63.98
1847,Pune,West,1,2,8120.0,63130,299135.0,290252,63.98
1847,Solapur,South,1,1,2128.0,15588,299135.0,290252,63.98
1848,Mumbai,East,1,1,680.0,7563,,280404,10.88
1848,Nagpur,North,2,4,8227.0,131107,,280404,10.88
1848,Nashik,South,1,1,2611.0,36767,,280404,10.88
1849,Kolhapur,East,1,1,1388.0,49580,849494.0,191126,-45.98
1849,Nagpur,South,1,2,6067.0,29893,849494.0,191126,-45.98
1849,Nashik,South,1,1,3991.0,31327,849494.0,191126,-45.98
1849,Nashik,West,1,2,2526.0,29783,849494.0,191126,-45.98
1849,Pune,South,3,6,18759.432525,142972,849494.0,191126,-45.98
1849,Solapur,West,1,2,6552.0,38518,849494.0,191126,-45.98
1850,Mumbai,West,1,3,9492.0,57939,535416.0,142105,-2.33
1850,Pune,North,1,1,4650.0,15763,535416.0,142105,-2.33
1850,Pune,South,1,1,2107.0,43429,535416.0,142105,-2.33
1850,Solapur,East,1,2,5645.0,29690,535416.0,142105,-2.33
1850,Solapur,West,2,4,13416.348178,109987,535416.0,142105,-2.33
1851,Kolhapur,South,1,1,484.0,6646,319927.0,487652,18.28
1851,Kolhapur,West,1,2,2933.0,46515,319927.0,487652,18.28
1851,Mumbai,East,2,2,5048.0,37758,319927.0,487652,18.28
1851,Mumbai,West,1,1,1386.0,4055,319927.0,487652,18.28
1851,Nagpur,North,2,3,7289.0,35432,319927.0,487652,18.28
1852,Kolhapur,East,1,1,3832.0,21507,603322.0,455486,3.71
1852,Kolhapur,North,1,1,2451.0,14833,603322.0,455486,3.71
1852,Mumbai,West,1,4,7076.0,59135,603322.0,455486,3.71
1852,Nagpur,West,1,2,7293.0,6655,603322.0,455486,3.71
1852,Nashik,North,1,1,170.0,37871,603322.0,455486,3.71
1852,Pune,East,1,1,4601.0,43306,603322.0,455486,3.71
1852,Pune,North,1,1,1925.0,27187,603322.0,455486,3.71
1852,Pune,West,1,1,2275.0,33874,603322.0,455486,3.71
1852,Solapur,South,1,1,4695.0,24242,603322.0,455486,3.71
1853,Nagpur,East,1,3,3761.0,69218,65135.0,95445,25.2
1853,Nagpur,South,2,4,11267.421177,104003,65135.0,95445,25.2
1853,Nagpur,West,1,1,1407.0,19763,65135.0,95445,25.2
1853,Nashik,South,2,2,6953.0,76625,65135.0,95445,25.2
1853,Pune,North,1,1,3304.0,29210,65135.0,95445,25.2
1853,Solapur,North,1,2,5591.0,52747,65135.0,95445,25.2
1854,Kolhapur,East,2,3,4662.0,93633,197462.0,333419,41.84
1854,Mumbai,East,1,2,4454.0,65313,197462.0,333419,41.84
1854,Mumbai,West,1,1,3920.0,40078,197462.0,333419,41.84
1854,Nagpur,East,1,2,3331.0,43072,197462.0,333419,41.84
1854,Nagpur,North,1,1,4905.0,25144,197462.0,333419,41.84
1854,Nagpur,South,1,2,5455.0,26195,197462.0,333419,41.84
1854,Pune,North,1,1,161.0,34815,197462.0,333419,41.84
1855,Kolhapur,South,1,1,2204.0,8455,711031.0,355614,-32.29
1855,Nagpur,North,1,1,1648.0,45393,711031.0,355614,-32.29
1855,Nagpur,West,1,2,6158.0,90733,711031.0,355614,-32.29
1855,Pune,East,1,1,4510.0,14948,711031.0,355614,-32.29
1856,Kolhapur,North,1,2,7297.0,24643,139931.0,104135,86.18
1856,Nagpur,North,1,1,1113.0,34666,139931.0,104135,86.18
1856,Pune,North,1,1,4353.0,24991,139931.0,104135,86.18
1856,Solapur,East,1,1,2608.405172,11459,139931.0,104135,86.18
1857,Kolhapur,North,1,1,1152.0,14008,762627.0,443802,34.0
1857,Pune,West,1,3,4847.0,61285,762627.0,443802,34.0
1857,Solapur,East,1,1,2210.0,10429,762627.0,443802,34.0
1858,Kolhapur,West,2,2,8212.0,79542,118468.0,155943,78.42
1858,Nashik,North,1,1,4985.0,33900,118468.0,155943,78.42
1858,Nashik,South,1,1,1880.0,12926,118468.0,155943,78.42
1858,Solapur,South,1,1,1455.0,43046,118468.0,155943,78.42
1858,Solapur,West,1,3,6066.0,98754,118468.0,155943,78.42
1859,Kolhapur,South,1,1,2314.0,11584,892465.0,216124,21.16
1859,Mumbai,East,2,2,711.0,45535,892465.0,216124,21.16
1859,Mumbai,South,1,1,4097.0,16925,892465.0,216124,21.16
1859,Nagpur,South,1,2,9172.0,49643,892465.0,216124,21.16
1859,Nagpur,West,1,1,4394.0,44374,892465.0,216124,21.16
1859,Nashik,North,1,2,2425.0,54711,892465.0,216124,21.16
1860,Kolhapur,East,1,1,4393.0,13416,913092.0,80016,59.7
1860,Mumbai,East,1,1,3070.0,47496,913092.0,80016,59.7
1860,Mumbai,North,1,2,5391.0,84473,913092.0,80016,59.7
1860,Mumbai,West,1,2,8560.0,40530,913092.0,80016,59.7
1860,Nashik,South,1,2,3156.0,33984,913092.0,80016,59.7
1860,Pune,South,1,2,8018.590742,24592,913092.0,80016,59.7
1860,Solapur,West,1,1,2004.0,31975,913092.0,80016,59.7
1861,Kolhapur,West,1,2,3428.0,25530,457097.0,147441,84.27
1861,Mumbai,East,1,1,3384.0,33987,457097.0,147441,84.27
1861,Nagpur,North,1,2,5689.0,41287,457097.0,147441,84.27
1861,Nashik,East,2,3,6406.935808,67685,457097.0,147441,84.27
1861,Pune,East,1,1,2255.0,5786,457097.0,147441,84.27
1861,Pune,South,1,1,2898.0,29516,457097.0,147441,84.27
1862,Kolhapur,East,1,2,7959.0,64506,535073.0,425338,40.16
1862,Mumbai,North,2,2,8622.0,55314,535073.0,425338,40.16
1862,Nagpur,West,1,2,6055.0,51663,535073.0,425338,40.16
1862,Nashik,East,1,1,4814.0,38109,535073.0,425338,40.16
1862,Nashik,North,1,1,768.0,11051,535073.0,425338,40.16
1862,Pune,South,1,2,9106.0,55084,535073.0,425338,40.16
1862,Solapur,North,1,1,3563.0,40805,535073.0,425338,40.16
1862,Solapur,West,1,1,3787.0,3695,535073.0,425338,40.16
1863,Mumbai,North,2,5,10996.0,113453,182556.0,280410,11.31
1863,Nagpur,South,1,1,3100.0,34046,182556.0,280410,11.31
1863,Nashik,South,1,3,6403.0,60719,182556.0,280410,11.31
1864,Kolhapur,West,1,2,3124.0,54736,855376.0,445100,36.37
1864,Mumbai,North,1,2,4134.0,92116,855376.0,445100,36.37
1864,Mumbai,West,1,1,4271.0,7666,855376.0,445100,36.37
1864,Nagpur,East,1,2,3820.0,14127,855376.0,445100,36.37
1864,Nagpur,South,1,1,4971.0,34952,855376.0,445100,36.37
1864,Pune,East,1,2,8722.0,58387,855376.0,445100,36.37
1864,Pune,North,1,1,248.0,30348,855376.0,445100,36.37
1864,Pune,South,1,2,1052.0,78348,855376.0,445100,36.37
1865,Kolhapur,North,1,1,1923.0,20212,391943.0,423188,-24.97
1865,Mumbai,West,2,2,5302.0,54378,391943.0,423188,-24.97
1865,Nashik,East,1,1,997.0,40459,391943.0,423188,-24.97
1865,Solapur,North,1,2,3792.0,26247,391943.0,423188,-24.97
1866,Nashik,West,1,2,6401.0,22839,148081.0,61422,55.37
1866,Pune,East,1,1,4001.0,6615,148081.0,61422,55.37
1866,Pune,North,1,1,3126.0,41654,148081.0,61422,55.37
1866,Pune,South,1,2,4646.0,58870,148081.0,61422,55.37
1866,Pune,West,1,2,3693.0,40315,148081.0,61422,55.37
1866,Solapur,West,1,1,3033.0,20507,148081.0,61422,55.37
1867,Kolhapur,South,1,1,283.0,5769,112936.0,463017,-44.39
1867,Mumbai,South,1,1,633.0,12472,112936.0,463017,-44.39
1867,Nagpur,West,1,1,3960.0,2681,112936.0,463017,-44.39
1867,Nashik,East,1,2,6353.0,49243,112936.0,463017,-44.39
1868,Kolhapur,North,1,1,1398.0,46607,622981.0,341483,17.87
1868,Kolhapur,West,1,1,271.5911743,44655,622981.0,341483,17.87
1868,Mumbai,North,1,4,8598.0,105868,622981.0,341483,17.87
1868,Nagpur,West,1,2,4735.1935764,49330,622981.0,341483,17.87
1868,Pune,South,1,1,947.0,31474,622981.0,341483,17.87
1869,Mumbai,North,1,2,6586.0,18252,140120.0,174120,31.89
1869,Mumbai,South,1,1,2245.0,43728,140120.0,174120,31.89
1869,Mumbai,West,1,1,379.0,16493,140120.0,174120,31.89
1869,Nagpur,North,1,2,6412.0,70326,140120.0,174120,31.89
1869,Pune,East,1,2,8220.0,24099,140120.0,174120,31.89
1869,Pune,West,1,1,1590.0,13244,140120.0,174120,31.89
1870,Mumbai,West,1,1,4739.0,7087,600075.0,436080,10.39
1870,Nagpur,East,1,1,1586.0,8891,600075.0,436080,10.39
1870,Nagpur,North,1,2,5131.01029,15047,600075.0,436080,10.39
1870,Pune,West,1,1,2725.0,48003,600075.0,436080,10.39
1871,Mumbai,South,1,1,1381.0,13064,955492.0,255873,22.43
1871,Nashik,West,1,2,4495.0,80782,955492.0,255873,22.43
1871,Solapur,East,1,1,1183.0,42194,955492.0,255873,22.43
1872,Nashik,East,1,2,4613.0,45628,535318.0,31658,-23.64
1872,Nashik,South,2,2,7176.0,57026,535318.0,31658,-23.64
1872,Pune,South,1,1,3433.0,6048,535318.0,31658,-23.64
1873,Kolhapur,East,1,1,1939.0,30310,485189.0,303349,-38.28
1873,Mumbai,West,1,2,2790.0,63464,485189.0,303349,-38.28
1873,Nashik,South,1,3,11653.0,82878,485189.0,303349,-38.28
1873,Pune,North,2,4,11205.442382,75661,485189.0,303349,-38.28
1873,Pune,West,1,1,776.0,1571,485189.0,303349,-38.28
1874,Kolhapur,East,1,1,4434.0,16775,125358.0,212889,16.47
1874,Mumbai,East,1,1,2925.0,9534,125358.0,212889,16.47
1874,Nashik,East,1,1,163.0,38084,125358.0,212889,16.47
1874,Nashik,North,1,1,410.0,45399,125358.0,212889,16.47
1874,Nashik,West,1,1,1714.0,36193,125358.0,212889,16.47
1874,Solapur,North,1,1,3879.0,39530,125358.0,212889,16.47
1875,Mumbai,West,1,1,2187.0,25116,157675.0,457465,90.06
1875,Nagpur,North,1,2,6054.0,82777,157675.0,457465,90.06
1875,Nashik,South,1,2,4714.0,17100,157675.0,457465,90.06
1875,Solapur,East,1,2,4765.0,23116,157675.0,457465,90.06
1875,Solapur,North,1,1,253.0,44618,157675.0,457465,90.06
1875,Solapur,West,1,1,4147.0,32505,157675.0,457465,90.06
1876,Kolhapur,East,1,3,5516.0,86581,880897.0,94120,-23.03
1876,Kolhapur,North,1,3,9617.0,98616,880897.0,94120,-23.03
1876,Mumbai,South,1,1,1276.0,11726,880897.0,94120,-23.03
1876,Solapur,North,1,1,1347.0,20152,880897.0,94120,-23.03
1877,Kolhapur,West,2,2,2336.0,50055,360389.0,474777,-7.53
1877,Mumbai,North,1,1,1457.0,13689,360389.0,474777,-7.53
1877,Mumbai,South,1,3,9039.0,90653,360389.0,474777,-7.53
1877,Solapur,South,2,2,2332.0,90298,360389.0,474777,-7.53
1878,Mumbai,North,1,1,226.0,43659,992100.0,312637,81.86
1878,Nashik,East,1,1,4792.0,25811,992100.0,312637,81.86
1878,Pune,North,1,1,4899.0,9658,992100.0,312637,81.86
1878,Solapur,South,1,2,6774.0,31739,992100.0,312637,81.86
1878,Solapur,West,2,4,6549.151307,136950,992100.0,312637,81.86
1879,Mumbai,East,2,2,7443.0,45680,478470.0,361650,-9.88
1879,Mumbai,North,1,1,2692.0,41846,478470.0,361650,-9.88
1879,Mumbai,South,2,5,8427.0,173229,478470.0,361650,-9.88
1879,Nagpur,North,1,1,321.0,41742,478470.0,361650,-9.88
1879,Nagpur,South,2,3,3959.0,72063,478470.0,361650,-9.88
1879,Solapur,North,1,1,1169.0,2463,478470.0,361650,-9.88
1880,Nagpur,North,2,3,11773.0,130213,782453.0,404371,7.86
1880,Nashik,South,1,3,8245.0,52968,782453.0,404371,7.86
1880,Pune,North,1,2,4490.0,65296,782453.0,404371,7.86
1880,Pune,South,1,3,11550.0,70953,782453.0,404371,7.86
1881,Mumbai,East,1,2,6773.64883,49220,227282.0,90030,-34.73
1881,Mumbai,West,1,1,4993.0,18933,227282.0,90030,-34.73
1881,Nagpur,South,1,1,520.0,27693,227282.0,90030,-34.73
1881,Solapur,North,1,2,5338.0,77558,227282.0,90030,-34.73
1882,Mumbai,East,1,2,2898.0,33706,368200.0,420327,-43.0
1882,Mumbai,West,1,3,8748.0,60215,368200.0,420327,-43.0
1882,Nagpur,North,1,1,274.0,42205,368200.0,420327,-43.0
1882,Nagpur,South,1,2,4491.66192,10121,368200.0,420327,-43.0
1882,Pune,East,2,5,11027.811564,126178,368200.0,420327,-43.0
1882,Solapur,West,1,1,2398.0,12964,368200.0,420327,-43.0
1883,Mumbai,West,2,2,5657.0,47269,866875.0,345688,49.06
1883,Nagpur,North,1,1,3725.0,21394,866875.0,345688,49.06
1883,Nagpur,South,1,1,2517.0,8577,866875.0,345688,49.06
1883,Pune,East,1,1,3744.0,45182,866875.0,345688,49.06
1883,Solapur,North,1,1,494.0,33915,866875.0,345688,49.06
1884,Pune,West,1,1,2430.0,22429,220708.0,419547,-27.67
1885,Kolhapur,North,1,2,1787.0,26902,,300637,33.79
1885,Kolhapur,South,1,2,8291.0,42464,,300637,33.79
1885,Kolhapur,West,1,1,124.0,39439,,300637,33.79
1885,Mumbai,South,1,1,1829.0,40130,,300637,33.79
1885,Mumbai,West,1,1,4910.0,38916,,300637,33.79
1885,Nagpur,East,1,3,7919.0,85321,,300637,33.79
1885,Nashik,East,1,2,3323.0,18677,,300637,33.79
1885,Pune,North,1,1,861.0,34326,,300637,33.79
1885,Pune,West,1,3,7485.182708,106946,,300637,33.79
1885,Solapur,North,1,1,733.0,44676,,300637,33.79
1885,Solapur,West,1,2,8202.0,62792,,300637,33.79
1886,Kolhapur,North,1,1,2433.0,14317,,426914,14.53
1886,Nagpur,West,1,2,4048.0,15624,,426914,14.53
1886,Nashik,East,1,3,7681.0,47241,,426914,14.53
1886,Pune,West,1,1,2121.167173,46438,,426914,14.53
1886,Solapur,South,1,1,2199.0,25483,,426914,14.53
1887,Nagpur,East,1,1,3755.0,42868,342605.0,402044,-35.85
1887,Nashik,East,1,2,7942.0,60139,342605.0,402044,-35.85
1887,Nashik,West,1,2,1103.0,52015,342605.0,402044,-35.85
1887,Solapur,South,1,1,790.0,10574,342605.0,402044,-35.85
1888,Mumbai,East,1,2,5924.331824,23594,220605.0,284493,14.34
1888,Nagpur,West,1,1,2186.0,49761,220605.0,284493,14.34
1888,Nashik,South,1,1,4192.0,32714,220605.0,284493,14.34
1888,Pune,South,1,1,3503.0,16849,220605.0,284493,14.34
1888,Pune,West,2,6,17936.0,100531,220605.0,284493,14.34
1888,Solapur,North,1,2,2722.0,11409,220605.0,284493,14.34
1888,Solapur,West,2,2,3911.0,40178,220605.0,284493,14.34
1889,Nagpur,South,1,2,842.0,48022,622980.0,141581,-12.77
1890,Kolhapur,West,1,1,1284.090894,42286,348714.0,179925,78.77
1890,Mumbai,North,1,2,5669.0,76650,348714.0,179925,78.77
1890,Nagpur,East,1,1,3979.0,37730,348714.0,179925,78.77
1890,Nagpur,West,1,2,6488.0,23676,348714.0,179925,78.77
1890,Nashik,North,1,1,850.0,3433,348714.0,179925,78.77
1890,Nashik,West,1,1,4639.0,41718,348714.0,179925,78.77
1890,Pune,East,3,5,15048.642415,126909,348714.0,179925,78.77
1890,Solapur,West,1,2,7311.0,37913,348714.0,179925,78.77
1891,Kolhapur,North,1,3,9199.0,77099,87666.0,482601,-10.57
1891,Kolhapur,West,1,2,2770.0,37931,87666.0,482601,-10.57
1891,Mumbai,North,1,1,2400.0,27418,87666.0,482601,-10.57
1891,Nagpur,North,1,3,8469.0,48768,87666.0,482601,-10.57
1891,Nagpur,South,1,1,1540.0,33323,87666.0,482601,-10.57
1891,Nashik,East,1,1,4773.0,36194,87666.0,482601,-10.57
1891,Nashik,North,1,1,1248.0,44841,87666.0,482601,-10.57
1891,Nashik,West,1,1,850.0,21263,87666.0,482601,-10.57
1891,Solapur,South,2,5,14569.0,78598,87666.0,482601,-10.57
1892,Nagpur,East,1,1,1487.0,46752,983204.0,436086,54.79
1892,Pune,North,1,2,7544.0,68868,983204.0,436086,54.79
1893,Mumbai,East,2,3,11766.0,70046,,145030,52.7
1893,Nagpur,West,1,1,778.0,30619,,145030,52.7
1893,Nashik,North,1,2,8575.002813,85194,,145030,52.7
1894,Mumbai,South,1,2,4399.0,52240,585030.0,434577,-21.02
1894,Pune,South,1,2,5814.0,44641,585030.0,434577,-21.02
1894,Solapur,West,1,1,3186.0,45224,585030.0,434577,-21.02
1895,Kolhapur,East,1,1,3521.0,1702,880623.0,276872,33.35
1895,Mumbai,North,2,3,5944.0,83524,880623.0,276872,33.35
1895,Mumbai,South,1,1,1742.0,9380,880623.0,276872,33.35
1895,Pune,North,1,1,2977.0,17571,880623.0,276872,33.35
1895,Pune,South,2,7,15930.0,145611,880623.0,276872,33.35
1895,Solapur,West,1,1,1833.0,48706,880623.0,276872,33.35
1896,Mumbai,South,1,1,4802.0,40313,647782.0,216486,76.21
1896,Nagpur,East,1,1,4510.0,41456,647782.0,216486,76.21
1896,Nashik,West,1,1,2529.0,35405,647782.0,216486,76.21
1896,Solapur,East,1,1,4109.0,25768,647782.0,216486,76.21
1896,Solapur,West,1,1,1704.0,18344,647782.0,216486,76.21
1897,Kolhapur,East,2,7,16564.0,200892,605108.0,447131,-34.94
1897,Mumbai,South,1,2,5015.0,26944,605108.0,447131,-34.94
1897,Nagpur,South,1,1,668.0,23300,605108.0,447131,-34.94
1897,Solapur,West,1,4,10385.0,160563,605108.0,447131,-34.94
1898,Kolhapur,South,1,1,1959.0,47275,306002.0,418725,41.58
1898,Mumbai,South,2,4,5830.631853,77395,306002.0,418725,41.58
1898,Nashik,East,1,1,4388.0,24412,306002.0,418725,41.58
1898,Nashik,North,1,2,4195.6730800000005,63648,306002.0,418725,41.58
1898,Solapur,North,1,1,1859.0,29867,306002.0,418725,41.58
1898,Solapur,South,1,5,10538.0,91615,306002.0,418725,41.58
1899,Nagpur,North,1,1,2467.0,11429,456261.0,269692,-24.56
1899,Nagpur,West,1,3,7780.563951,70511,456261.0,269692,-24.56
1899,Nashik,South,1,2,2559.0,84249,456261.0,269692,-24.56
1899,Pune,South,1,1,4199.0,4772,456261.0,269692,-24.56
1900,Kolhapur,East,1,2,4937.0,68189,,67800,-13.88
1900,Mumbai,East,1,1,4808.0,33147,,67800,-13.88
1900,Mumbai,North,2,5,11487.0,139796,,67800,-13.88
1900,Nagpur,West,1,2,7442.0,63365,,67800,-13.88
1901,Kolhapur,North,1,2,4001.724813,32593,592520.0,388369,47.25
1901,Kolhapur,South,1,3,6088.0,123052,592520.0,388369,47.25
1901,Kolhapur,West,1,1,659.0,45673,592520.0,388369,47.25
1901,Mumbai,East,1,1,3198.0,14718,592520.0,388369,47.25
1901,Nagpur,East,1,1,117.0,8253,592520.0,388369,47.25
1901,Nagpur,South,1,2,4478.0,43326,592520.0,388369,47.25
1901,Pune,North,1,1,1559.0,46076,592520.0,388369,47.25
1901,Solapur,North,1,2,6963.0,51416,592520.0,388369,47.25
1902,Nagpur,East,1,3,8034.0,89920,708168.0,351350,45.72
1902,Nashik,East,1,1,4263.0,1306,708168.0,351350,45.72
1902,Nashik,West,1,1,189.0,37746,708168.0,351350,45.72
1902,Pune,West,1,4,8775.0,67554,708168.0,351350,45.72
1902,Solapur,North,1,1,1310.0,4334,708168.0,351350,45.72
1902,Solapur,West,1,1,1322.0,40417,708168.0,351350,45.72
1903,Kolhapur,North,1,4,4505.0,109781,567883.0,116523,49.69
1903,Nashik,East,1,1,3139.0,27586,567883.0,116523,49.69
1903,Pune,East,1,1,3668.0,38934,567883.0,116523,49.69
1903,Pune,South,1,3,7946.0,61587,567883.0,116523,49.69
1904,Mumbai,North,1,3,7570.0,75071,,484979,31.39
1904,Mumbai,South,1,1,3350.0,20729,,484979,31.39
1904,Nashik,East,2,4,8267.0,125326,,484979,31.39
1904,Pune,East,1,2,9221.0,35440,,484979,31.39
1904,Solapur,South,1,3,7270.5677388,53404,,484979,31.39
1905,Kolhapur,South,1,2,5121.0,84709,490982.0,134088,67.59
1905,Kolhapur,West,1,1,354.0,35365,490982.0,134088,67.59
1905,Mumbai,West,1,2,7628.0,24456,490982.0,134088,67.59
1905,Pune,South,1,1,2704.0,27292,490982.0,134088,67.59
1906,Kolhapur,West,1,1,3774.0,16137,,35684,47.26
1906,Mumbai,North,1,2,4403.0,66126,,35684,47.26
1906,Nagpur,West,1,2,3593.552369,83985,,35684,47.26
1906,Pune,North,1,1,214.0,44576,,35684,47.26
1906,Pune,South,1,1,569.0,41406,,35684,47.26
1906,Pune,West,1,2,5065.0,18434,,35684,47.26
1907,Mumbai,North,3,6,17065.0,145852,403220.0,499568,-18.0
1907,Mumbai,South,1,4,11034.0,128736,403220.0,499568,-18.0
1907,Nagpur,South,1,2,3700.417971,60111,403220.0,499568,-18.0
1907,Pune,East,1,2,4522.0,57219,403220.0,499568,-18.0
1907,Solapur,East,1,1,3865.0,30802,403220.0,499568,-18.0
1907,Solapur,West,1,1,899.0,3148,403220.0,499568,-18.0
1908,Kolhapur,West,1,1,4250.0,26990,310986.0,126044,-34.79
1908,Mumbai,South,1,2,1422.0,23407,310986.0,126044,-34.79
1908,Mumbai,West,2,2,4518.0,14313,310986.0,126044,-34.79
1908,Nagpur,North,1,2,6713.0,91892,310986.0,126044,-34.79
1908,Nagpur,West,1,1,3451.0,30218,310986.0,126044,-34.79
1908,Nashik,West,1,2,6761.0,78118,310986.0,126044,-34.79
1908,Pune,West,1,2,5830.0,73569,310986.0,126044,-34.79
1909,Nagpur,East,1,1,4624.0,29792,346685.0,209951,-48.47
1909,Nashik,West,1,1,2240.0,28798,346685.0,209951,-48.47
1909,Pune,North,1,3,7565.0,88783,346685.0,209951,-48.47
1910,Kolhapur,North,1,2,7099.0,5276,378234.0,148003,-48.95
1910,Nagpur,North,1,3,8309.289035,58958,378234.0,148003,-48.95
1910,Nashik,East,1,1,2273.0,25951,378234.0,148003,-48.95
1910,Nashik,South,2,2,6487.0,60059,378234.0,148003,-48.95
1910,Pune,North,1,2,2656.0,53591,378234.0,148003,-48.95
1910,Pune,South,1,1,1286.0,39695,378234.0,148003,-48.95
1910,Pune,West,1,2,2347.0,45623,378234.0,148003,-48.95
1910,Solapur,East,2,4,8851.0,90619,378234.0,148003,-48.95
1910,Solapur,South,1,1,3944.0,24714,378234.0,148003,-48.95
1911,Nagpur,North,1,2,6948.0,77496,922359.0,333553,-34.05
1911,Nashik,East,1,2,6096.0,49272,922359.0,333553,-34.05
1911,Nashik,North,1,2,3023.0,12665,922359.0,333553,-34.05
1911,Nashik,South,1,1,4042.0,3118,922359.0,333553,-34.05
1911,Pune,West,1,1,1312.0,21584,922359.0,333553,-34.05
1911,Solapur,East,1,2,4619.0,67308,922359.0,333553,-34.05
1911,Solapur,North,1,1,3468.0,36247,922359.0,333553,-34.05
1912,Kolhapur,East,1,1,1838.0,6970,740370.0,295996,15.13
1912,Kolhapur,South,1,1,4330.0,10161,740370.0,295996,15.13
1912,Kolhapur,West,1,1,3635.0,7604,740370.0,295996,15.13
1912,Mumbai,North,1,1,3999.0,31850,740370.0,295996,15.13
1912,Mumbai,West,2,2,5908.0,39950,740370.0,295996,15.13
1912,Nagpur,North,2,4,10771.0,89676,740370.0,295996,15.13
1912,Pune,North,1,2,6445.0,57816,740370.0,295996,15.13
1913,Kolhapur,North,1,1,1887.0,39599,,193558,-49.12
1913,Mumbai,North,2,2,5269.0,36389,,193558,-49.12
1913,Mumbai,West,1,1,1354.0,44843,,193558,-49.12
1913,Nagpur,North,1,1,588.0,10421,,193558,-49.12
1913,Nashik,West,1,5,11562.7792,68855,,193558,-49.12
1913,Pune,North,1,4,15756.0,91060,,193558,-49.12
1914,Kolhapur,South,1,2,4586.0,56559,813819.0,90974,7.4
1914,Nagpur,South,1,2,6889.0,95390,813819.0,90974,7.4
1914,Nashik,East,1,2,5573.0,55335,813819.0,90974,7.4
1914,Solapur,East,1,3,10066.857649,52007,813819.0,90974,7.4
1915,Kolhapur,West,1,1,3220.0,24186,81491.0,440643,66.59
1915,Mumbai,North,1,1,2781.0,47799,81491.0,440643,66.59
1915,Pune,North,1,1,1940.0,48175,81491.0,440643,66.59
1915,Solapur,North,1,1,3070.0,8365,81491.0,440643,66.59
1915,Solapur,West,1,2,7450.0,12294,81491.0,440643,66.59
1916,Kolhapur,South,1,1,1282.0,22332,271239.0,456524,-30.72
1916,Mumbai,East,1,1,855.0,29100,271239.0,456524,-30.72
1916,Nagpur,East,1,2,2838.7222469999997,45917,271239.0,456524,-30.72
1916,Nashik,South,1,1,938.0,12610,271239.0,456524,-30.72
1916,Solapur,West,1,1,1301.0,33234,271239.0,456524,-30.72
1917,Mumbai,North,1,1,278.0,5853,395354.0,274436,68.19
1917,Mumbai,South,2,5,10332.0,157511,395354.0,274436,68.19
1917,Mumbai,West,1,2,6538.173266,65094,395354.0,274436,68.19
1917,Solapur,West,1,1,3361.0,18729,395354.0,274436,68.19
1918,Mumbai,East,1,2,4985.0,66208,671706.0,75940,-21.5
1918,Mumbai,North,1,1,851.0,23149,671706.0,75940,-21.5
1918,Nashik,East,1,1,3728.0,2216,671706.0,75940,-21.5
1918,Solapur,North,1,1,2193.0,9066,671706.0,75940,-21.5
1918,Solapur,South,1,1,4910.0,15836,671706.0,75940,-21.5
1919,Kolhapur,East,1,1,2503.26265,32399,,422189,-15.79
1919,Kolhapur,West,1,1,408.0,5362,,422189,-15.79
1919,Mumbai,North,1,2,5850.0,33957,,422189,-15.79
1919,Mumbai,West,1,1,2093.0,44697,,422189,-15.79
1919,Nagpur,South,1,1,2706.0,43395,,422189,-15.79
1919,Nashik,North,1,1,2671.0,11714,,422189,-15.79
1919,Nashik,West,1,1,1039.364551,25083,,422189,-15.79
1919,Solapur,South,1,3,10356.0,53349,,422189,-15.79
1920,Kolhapur,South,1,4,6531.321825999999,101866,597247.0,487328,-13.4
1920,Nagpur,North,1,2,7602.497857,67321,597247.0,487328,-13.4
1920,Nashik,South,1,1,3955.0,31202,597247.0,487328,-13.4
1920,Pune,South,1,1,1480.0,46133,597247.0,487328,-13.4
1920,Pune,West,2,3,5962.477005000001,32260,597247.0,487328,-13.4
1921,Kolhapur,West,2,2,4311.0,52513,690402.0,404911,-1.43
1921,Mumbai,East,1,2,5113.0,64184,690402.0,404911,-1.43
1921,Nashik,East,1,1,1959.0,45462,690402.0,404911,-1.43
1921,Pune,West,1,1,1366.0,8771,690402.0,404911,-1.43
1921,Solapur,East,1,1,659.0,18303,690402.0,404911,-1.43
1922,Kolhapur,South,1,1,545.0,25891,753235.0,485285,25.16
1922,Mumbai,South,1,2,5870.0,65133,753235.0,485285,25.16
1922,Nagpur,North,1,1,262.0,9633,753235.0,485285,25.16
1922,Nashik,West,1,1,1366.0,17235,753235.0,485285,25.16
1922,Pune,West,1,3,6962.0,96892,753235.0,485285,25.16
1923,Kolhapur,East,1,2,3457.0,38400,520239.0,415391,52.1
1923,Kolhapur,North,1,2,4045.0,52753,520239.0,415391,52.1
1923,Mumbai,South,2,2,1139.0,84924,520239.0,415391,52.1
1923,Nashik,South,1,2,5403.0,51210,520239.0,415391,52.1
1923,Pune,East,1,1,3485.0,48225,520239.0,415391,52.1
1923,Solapur,North,2,5,11740.0,96478,520239.0,415391,52.1
1923,Solapur,South,2,4,7370.0,79847,520239.0,415391,52.1
1924,Kolhapur,South,1,3,12572.0,73890,242542.0,151511,66.41
1924,Mumbai,East,2,2,8452.0,45229,242542.0,151511,66.41
1924,Mumbai,North,1,1,1285.0,30861,242542.0,151511,66.41
1924,Nashik,East,1,1,4155.0,28436,242542.0,151511,66.41
1924,Pune,North,1,3,4013.0,56566,242542.0,151511,66.41
1924,Pune,South,1,2,3672.9585962,47942,242542.0,151511,66.41
1924,Solapur,East,1,2,6244.0,37657,242542.0,151511,66.41
1924,Solapur,West,1,2,3589.0,68323,242542.0,151511,66.41
1925,Kolhapur,North,1,2,1850.0,11712,452540.0,174263,-46.76
1925,Mumbai,North,2,2,8727.0,29657,452540.0,174263,-46.76
1925,Mumbai,South,1,2,4623.0,24281,452540.0,174263,-46.76
1925,Nagpur,East,1,1,1309.0,29488,452540.0,174263,-46.76
1925,Nagpur,North,1,1,3316.0,18204,452540.0,174263,-46.76
1925,Pune,East,1,2,4587.0,50329,452540.0,174263,-46.76
1925,Pune,North,2,4,5668.775541999999,40578,452540.0,174263,-46.76
1925,Pune,South,1,1,4667.0,12854,452540.0,174263,-46.76
1926,Kolhapur,North,1,2,3616.0,20676,389747.0,191855,-28.18
1926,Mumbai,East,1,1,3697.0,8569,389747.0,191855,-28.18
1926,Nashik,East,1,1,3645.0,14206,389747.0,191855,-28.18
1926,Nashik,South,1,2,6079.0,73465,389747.0,191855,-28.18
1926,Solapur,East,1,1,3777.0,18697,389747.0,191855,-28.18
1926,Solapur,West,2,3,8856.0,124671,389747.0,191855,-28.18
1927,Kolhapur,North,1,2,6098.0,61837,746882.0,335671,62.25
1927,Kolhapur,South,2,2,4202.0,59699,746882.0,335671,62.25
1927,Mumbai,East,1,3,5807.9162516,76524,746882.0,335671,62.25
1927,Mumbai,North,1,1,1133.0,34166,746882.0,335671,62.25
1927,Nashik,East,1,1,504.0,27922,746882.0,335671,62.25
1927,Nashik,North,1,4,13411.609136,109594,746882.0,335671,62.25
1927,Pune,East,1,1,2313.0,42856,746882.0,335671,62.25
1927,Pune,North,1,1,1373.0,5430,746882.0,335671,62.25
1927,Pune,West,2,3,7875.0,27123,746882.0,335671,62.25
1928,Kolhapur,North,1,1,436.0,7772,339233.0,477740,65.87
1928,Nagpur,West,1,3,9630.0,87341,339233.0,477740,65.87
1928,Nashik,East,1,4,7444.5161486,90697,339233.0,477740,65.87
1928,Nashik,North,1,1,4794.0,42580,339233.0,477740,65.87
1928,Pune,East,1,3,5050.0,63040,339233.0,477740,65.87
1928,Solapur,South,1,1,487.0,9289,339233.0,477740,65.87
1928,Solapur,West,1,2,6517.0,42464,339233.0,477740,65.87
1929,Kolhapur,East,1,1,2543.0,21747,181836.0,172637,91.65
1929,Mumbai,West,1,2,2885.0,50619,181836.0,172637,91.65
1929,Nagpur,North,1,1,1910.0,33983,181836.0,172637,91.65
1929,Nagpur,South,1,1,3309.0,46854,181836.0,172637,91.65
1929,Nashik,East,1,2,3085.0,23000,181836.0,172637,91.65
1929,Pune,South,1,2,4980.709352,71249,181836.0,172637,91.65
1930,Kolhapur,East,1,1,4775.0,10398,148353.0,34415,-6.33
1930,Kolhapur,North,1,1,1936.0,46264,148353.0,34415,-6.33
1930,Kolhapur,South,1,2,3660.0,56076,148353.0,34415,-6.33
1930,Kolhapur,West,2,3,2415.0,98807,148353.0,34415,-6.33
1930,Mumbai,East,2,4,8787.0,131520,148353.0,34415,-6.33
1930,Nagpur,North,1,1,2010.0,43204,148353.0,34415,-6.33
1930,Nashik,South,1,2,3030.3708008,52840,148353.0,34415,-6.33
1930,Solapur,East,1,1,186.0,27599,148353.0,34415,-6.33
1930,Solapur,South,1,4,12845.0,87309,148353.0,34415,-6.33
1931,Mumbai,East,1,1,1075.0,17710,575110.0,347841,-16.19
1931,Mumbai,North,1,2,10221.300175,11363,575110.0,347841,-16.19
1931,Mumbai,West,1,3,7132.0,62743,575110.0,347841,-16.19
1931,Solapur,East,1,3,10263.0,113750,575110.0,347841,-16.19
1932,Kolhapur,North,1,2,7439.0,75538,90160.0,149564,36.06
1932,Nagpur,North,1,1,377.0,35492,90160.0,149564,36.06
1933,Kolhapur,South,1,1,1061.0,37207,507858.0,114568,-38.18
1933,Kolhapur,West,1,2,4301.0,56158,507858.0,114568,-38.18
1933,Mumbai,West,1,1,4903.0,15417,507858.0,114568,-38.18
1933,Pune,South,2,3,2673.0,101321,507858.0,114568,-38.18
1934,Kolhapur,East,1,1,599.0,24061,162325.0,145196,58.79
1934,Kolhapur,North,1,1,1916.0,25759,162325.0,145196,58.79
1934,Solapur,North,1,3,6306.0,55765,162325.0,145196,58.79
1934,Solapur,South,1,1,4288.0,13652,162325.0,145196,58.79
1935,Kolhapur,South,1,3,7180.080921000001,127484,991065.0,178856,21.73
1935,Mumbai,North,1,1,4869.0,17821,991065.0,178856,21.73
1935,Nagpur,East,2,3,7365.0,82444,991065.0,178856,21.73
1935,Nagpur,South,1,1,1367.0,46381,991065.0,178856,21.73
1935,Solapur,North,1,1,3002.0,40085,991065.0,178856,21.73
1935,Solapur,South,1,1,4766.0,21119,991065.0,178856,21.73
1936,Kolhapur,North,1,1,2622.0,3688,854202.0,51715,56.51
1936,Mumbai,North,2,3,6051.0,106820,854202.0,51715,56.51
1936,Nagpur,South,1,1,3135.0,13352,854202.0,51715,56.51
1936,Nashik,West,1,1,401.0,41268,854202.0,51715,56.51
1936,Pune,West,1,3,8212.0,73071,854202.0,51715,56.51
1937,Kolhapur,East,1,1,2057.0,15269,868770.0,291321,-26.21
1937,Kolhapur,West,1,1,1360.0,6359,868770.0,291321,-26.21
1937,Mumbai,East,1,1,3222.0,42191,868770.0,291321,-26.21
1937,Mumbai,West,1,1,2530.0,12979,868770.0,291321,-26.21
1937,Nagpur,South,2,4,5560.0,107944,868770.0,291321,-26.21
1937,Nagpur,West,1,2,2326.0,48455,868770.0,291321,-26.21
1937,Solapur,North,1,1,1112.0,34484,868770.0,291321,-26.21
1937,Solapur,South,1,1,2901.0,43372,868770.0,291321,-26.21
1938,Nagpur,North,1,1,1114.0,24036,65616.0,44920,19.72
1938,Pune,East,1,1,1610.0,44388,65616.0,44920,19.72
1939,Mumbai,West,1,1,2846.0,21465,114428.0,372258,1.78
1939,Nagpur,North,1,1,3751.0,41817,114428.0,372258,1.78
1939,Nagpur,South,1,3,5006.0,85856,114428.0,372258,1.78
1939,Nagpur,West,1,1,1208.0,30837,114428.0,372258,1.78
1939,Nashik,South,1,1,1546.0,30674,114428.0,372258,1.78
1939,Solapur,North,1,1,4617.0,10986,114428.0,372258,1.78
1939,Solapur,South,1,1,2317.0,25545,114428.0,372258,1.78
1940,Kolhapur,East,1,2,3854.0,12528,183730.0,451674,20.7
1940,Nagpur,South,1,1,2514.0,42748,183730.0,451674,20.7
1940,Nagpur,West,2,2,5618.0,49146,183730.0,451674,20.7
1940,Nashik,West,1,2,4258.0,45531,183730.0,451674,20.7
1940,Pune,South,1,1,311.0,15828,183730.0,451674,20.7
1940,Solapur,North,1,2,4981.0,71263,183730.0,451674,20.7
1940,Solapur,West,1,3,10622.0,85063,183730.0,451674,20.7
1942,Kolhapur,East,2,2,8562.0,15538,958979.0,428492,52.69
1942,Kolhapur,North,1,1,1751.0,26413,958979.0,428492,52.69
1942,Kolhapur,West,1,1,4098.0,35727,958979.0,428492,52.69
1942,Mumbai,North,2,4,8464.0,75974,958979.0,428492,52.69
1942,Mumbai,South,1,1,4306.0,34184,958979.0,428492,52.69
1942,Nagpur,North,1,1,3002.0,13118,958979.0,428492,52.69
1942,Nashik,North,1,2,7324.0,3596,958979.0,428492,52.69
1942,Pune,East,1,1,4034.0,4344,958979.0,428492,52.69
1942,Solapur,North,1,2,4888.0,49109,958979.0,428492,52.69
1942,Solapur,South,1,1,1192.0,28366,958979.0,428492,52.69
1943,Kolhapur,North,1,1,292.0,46019,696560.0,30865,80.02
1943,Mumbai,East,1,1,2644.746182,24694,696560.0,30865,80.02
1943,Mumbai,West,1,2,2221.0,34475,696560.0,30865,80.02
1943,Nagpur,South,1,1,2001.103288,34303,696560.0,30865,80.02
1943,Nashik,South,1,2,3218.0,47673,696560.0,30865,80.02
1944,Nagpur,East,1,1,3777.0,11426,445848.0,48118,-15.05
1944,Solapur,East,1,1,2914.0,39729,445848.0,48118,-15.05
1944,Solapur,North,1,1,2325.0,4791,445848.0,48118,-15.05
1944,Solapur,West,1,1,1517.0,46146,445848.0,48118,-15.05
1945,Mumbai,East,1,1,1075.131788,48337,319001.0,446823,14.03
1945,Mumbai,North,1,1,2649.0,2339,319001.0,446823,14.03
1945,Mumbai,South,1,2,4109.0,38394,319001.0,446823,14.03
1945,Mumbai,West,1,1,1137.0,5688,319001.0,446823,14.03
1945,Nagpur,South,1,4,13850.0,59641,319001.0,446823,14.03
1945,Nashik,South,1,3,10309.0,90215,319001.0,446823,14.03
1945,Solapur,South,1,1,1307.0,9399,319001.0,446823,14.03
1946,Kolhapur,South,1,3,9809.0,86722,,280261,-33.03
1946,Nagpur,South,1,1,2086.0,18199,,280261,-33.03
1946,Solapur,East,2,4,12742.0,71588,,280261,-33.03
1947,Kolhapur,East,1,1,3818.0,37598,335172.0,375887,0.13
1947,Kolhapur,South,1,2,1345.0,64432,335172.0,375887,0.13
1947,Mumbai,West,1,1,1432.0,39199,335172.0,375887,0.13
1947,Nagpur,East,1,3,6639.0,107913,335172.0,375887,0.13
1947,Nagpur,North,1,1,4681.0,16116,335172.0,375887,0.13
1947,Nagpur,West,1,1,2725.0,10992,335172.0,375887,0.13
1947,Nashik,East,1,2,1310.0,21687,335172.0,375887,0.13
1947,Nashik,North,1,1,3897.0,28824,335172.0,375887,0.13
1947,Pune,South,1,1,4473.0,39383,335172.0,375887,0.13
1947,Pune,West,1,2,7968.0,78780,335172.0,375887,0.13
1947,Solapur,East,1,1,2911.0,28398,335172.0,375887,0.13
1947,Solapur,North,1,1,2836.0,33417,335172.0,375887,0.13
1948,Kolhapur,North,1,2,9311.0,56192,332766.0,325035,6.99
1948,Nagpur,West,1,4,11740.0,97313,332766.0,325035,6.99
1948,Nashik,North,1,1,4755.0,40909,332766.0,325035,6.99
1948,Solapur,West,1,1,825.0,3529,332766.0,325035,6.99
1949,Mumbai,East,1,2,1025.9981466,45730,200245.0,144491,16.2
1949,Mumbai,North,1,1,1412.0,14133,200245.0,144491,16.2
1949,Nashik,North,1,3,5970.0,23159,200245.0,144491,16.2
1949,Pune,North,1,2,5766.0,67397,200245.0,144491,16.2
1949,Solapur,North,1,1,4111.0,12971,200245.0,144491,16.2
1950,Kolhapur,East,1,1,3317.0,24518,294196.0,74143,89.03
1950,Mumbai,North,1,1,4869.0,8392,294196.0,74143,89.03
1950,Mumbai,West,1,3,7544.0,103913,294196.0,74143,89.03
1951,Kolhapur,South,1,1,778.0,41922,232807.0,354228,86.49
1951,Nashik,West,2,2,3205.0,38180,232807.0,354228,86.49
1951,Pune,East,1,1,4756.0,26816,232807.0,354228,86.49
1952,Nagpur,East,1,1,579.0,39646,100020.0,410756,-39.64
1952,Nagpur,North,1,2,3675.0,71222,100020.0,410756,-39.64
1952,Nagpur,South,1,1,1402.0,40522,100020.0,410756,-39.64
1952,Nashik,West,1,1,3666.0,17995,100020.0,410756,-39.64
1952,Pune,East,1,1,3779.0,32481,100020.0,410756,-39.64
1953,Kolhapur,South,1,1,4815.0,20743,185997.0,125938,12.08
1953,Kolhapur,West,1,1,2596.0,49707,185997.0,125938,12.08
1953,Nagpur,South,1,1,780.0,36230,185997.0,125938,12.08
1953,Nashik,East,1,1,4331.0,19605,185997.0,125938,12.08
1953,Nashik,North,1,1,597.0,1091,185997.0,125938,12.08
1953,Nashik,West,1,1,4714.0,43766,185997.0,125938,12.08
1953,Solapur,East,1,1,4236.0,15821,185997.0,125938,12.08
1954,Kolhapur,North,1,1,185.0,10271,,246251,-1.99
1954,Kolhapur,South,1,1,3655.0,31383,,246251,-1.99
1954,Mumbai,North,1,1,3115.0,42548,,246251,-1.99
1954,Nashik,East,1,1,1859.0,13517,,246251,-1.99
1954,Nashik,North,1,2,6610.0,39122,,246251,-1.99
1955,Kolhapur,East,1,1,4073.0,31172,623216.0,493972,4.16
1955,Kolhapur,South,1,1,3622.0,33514,623216.0,493972,4.16
1955,Nashik,East,1,2,5665.0,24460,623216.0,493972,4.16
1955,Pune,West,1,1,272.0,43551,623216.0,493972,4.16
1956,Mumbai,East,1,1,1347.0,30731,833710.0,95965,62.59
1956,Mumbai,North,1,2,2398.0,75620,833710.0,95965,62.59
1956,Nagpur,West,1,1,2268.0,23395,833710.0,95965,62.59
1956,Nashik,East,1,1,4378.0,30092,833710.0,95965,62.59
1956,Pune,North,1,1,1161.0,14893,833710.0,95965,62.59
1956,Solapur,East,2,3,6965.0,132189,833710.0,95965,62.59
1957,Nagpur,North,1,4,10065.77209,86560,857230.0,320857,-20.42
1957,Nagpur,West,1,2,6886.0,22225,857230.0,320857,-20.42
1957,Pune,East,1,1,1024.0,7162,857230.0,320857,-20.42
1957,Pune,North,1,1,1666.0,9696,857230.0,320857,-20.42
1958,Kolhapur,East,1,1,3165.0,44862,150885.0,252633,63.38
1958,Kolhapur,North,2,5,15440.0,168087,150885.0,252633,63.38
1958,Nagpur,East,1,3,4638.0,80676,150885.0,252633,63.38
1958,Nagpur,West,1,1,3128.0,37981,150885.0,252633,63.38
1958,Nashik,West,1,1,1647.0,33919,150885.0,252633,63.38
1958,Pune,East,1,1,2541.0,35208,150885.0,252633,63.38
1958,Pune,South,1,4,6466.0,155779,150885.0,252633,63.38
1958,Solapur,South,2,2,7307.0,57836,150885.0,252633,63.38
1958,Solapur,West,1,3,5481.0,30775,150885.0,252633,63.38
1959,Nagpur,North,1,2,3746.581955,67628,978154.0,230123,87.56
1959,Pune,West,1,1,3453.0,8793,978154.0,230123,87.56
1959,Solapur,East,1,1,2962.233929,25529,978154.0,230123,87.56
1959,Solapur,North,1,1,1416.0,29185,978154.0,230123,87.56
1960,Kolhapur,West,2,2,7782.0,79157,224454.0,201088,54.07
1960,Mumbai,West,2,2,2564.0,61808,224454.0,201088,54.07
1960,Solapur,West,1,1,4928.0,29715,224454.0,201088,54.07
1961,Kolhapur,East,1,1,1468.0,9704,360004.0,476093,11.72
1961,Kolhapur,South,2,3,5095.0,72574,360004.0,476093,11.72
1961,Nashik,West,1,2,7469.0,17827,360004.0,476093,11.72
1961,Solapur,East,1,2,7270.109101,26263,360004.0,476093,11.72
1962,Mumbai,East,1,2,5752.0,48877,806882.0,174570,-40.6
1962,Nashik,North,1,2,6338.0,71636,806882.0,174570,-40.6
1962,Nashik,West,1,1,4962.0,8574,806882.0,174570,-40.6
1962,Solapur,East,1,1,4203.951544,4315,806882.0,174570,-40.6
1962,Solapur,North,1,1,4595.0,1045,806882.0,174570,-40.6
1963,Kolhapur,East,1,2,8973.0,33018,292442.0,407710,-34.39
1963,Mumbai,South,1,2,6163.0,56981,292442.0,407710,-34.39
1963,Nagpur,West,1,1,114.0,31314,292442.0,407710,-34.39
1963,Nashik,East,1,1,1447.0,23209,292442.0,407710,-34.39
1963,Pune,South,1,1,2660.0,6004,292442.0,407710,-34.39
1964,Kolhapur,West,1,3,7274.0,111311,332636.0,325277,57.23
1964,Mumbai,East,1,1,906.0,34142,332636.0,325277,57.23
1964,Nagpur,North,1,2,7007.0,45164,332636.0,325277,57.23
1964,Nashik,East,1,2,5428.0,93143,332636.0,325277,57.23
1964,Nashik,South,1,3,7557.722159,84863,332636.0,325277,57.23
1964,Pune,South,1,2,3477.0,60712,332636.0,325277,57.23
1965,Kolhapur,South,1,1,2895.0,7820,962198.0,449458,-32.97
1965,Mumbai,East,2,3,6916.0,99507,962198.0,449458,-32.97
1965,Mumbai,South,1,2,3811.024186,76619,962198.0,449458,-32.97
1965,Nagpur,South,1,2,6381.0,53412,962198.0,449458,-32.97
1965,Pune,East,1,2,2149.0,66999,962198.0,449458,-32.97
1965,Pune,South,1,1,3300.0,22532,962198.0,449458,-32.97
1965,Solapur,North,1,1,4279.0,30878,962198.0,449458,-32.97
1966,Kolhapur,South,1,1,2309.0,28682,642813.0,70217,12.14
1966,Nashik,North,1,3,6275.0,82149,642813.0,70217,12.14
1966,Solapur,North,1,1,1284.0,12242,642813.0,70217,12.14
1966,Solapur,West,1,1,1058.0,40542,642813.0,70217,12.14
1967,Kolhapur,West,1,1,4559.0,13016,137406.0,418130,80.73
1967,Mumbai,South,1,1,2702.0,13458,137406.0,418130,80.73
1967,Nagpur,North,1,1,4596.0,46753,137406.0,418130,80.73
1967,Nashik,South,1,1,726.0,24458,137406.0,418130,80.73
1967,Pune,East,1,2,6346.0,80429,137406.0,418130,80.73
1967,Pune,North,2,3,6539.259405,78001,137406.0,418130,80.73
1968,Kolhapur,East,1,2,4739.0,59837,495362.0,83707,30.42
1968,Kolhapur,West,1,1,4691.0,38574,495362.0,83707,30.42
1968,Nashik,West,2,3,6411.0,60644,495362.0,83707,30.42
1968,Pune,West,1,2,2531.0,49592,495362.0,83707,30.42
1969,Kolhapur,East,1,3,5561.0,44480,231054.0,460430,0.52
1969,Kolhapur,North,1,1,780.0,41422,231054.0,460430,0.52
1969,Mumbai,East,1,3,8219.0,87311,231054.0,460430,0.52
1970,Mumbai,East,1,2,8185.0,44434,,193808,-15.36
1970,Mumbai,South,1,2,4729.0,57805,,193808,-15.36
1970,Nagpur,East,1,6,16773.0,191288,,193808,-15.36
1970,Nagpur,North,1,2,7882.0,70517,,193808,-15.36
1970,Nagpur,South,1,1,2056.0,4788,,193808,-15.36
1970,Nagpur,West,1,2,1722.0,22944,,193808,-15.36
1970,Nashik,West,1,2,1000.0,27703,,193808,-15.36
1970,Pune,South,1,2,10563.771611,70076,,193808,-15.36
1970,Solapur,East,1,1,3362.0,22501,,193808,-15.36
1971,Nagpur,North,1,1,1835.0,25612,498758.0,329749,31.0
1971,Nagpur,South,1,4,11183.0,128354,498758.0,329749,31.0
1971,Nagpur,West,1,2,6775.0,58429,498758.0,329749,31.0
1971,Pune,South,1,2,3180.0,37517,498758.0,329749,31.0
1972,Mumbai,South,2,5,6683.8636876,98262,512997.0,458267,1.02
1972,Nashik,North,2,3,6625.0,67907,512997.0,458267,1.02
1972,Pune,South,1,3,5986.348799,71980,512997.0,458267,1.02
1972,Solapur,North,1,1,1117.0,1915,512997.0,458267,1.02
1973,Mumbai,East,2,2,3426.0,14584,447845.0,165625,93.84
1973,Mumbai,West,1,2,4776.0,51840,447845.0,165625,93.84
1973,Nashik,South,1,1,4942.0,6541,447845.0,165625,93.84
1973,Pune,East,1,2,3748.0,11611,447845.0,165625,93.84
1973,Pune,West,2,4,15833.458573,120430,447845.0,165625,93.84
1973,Solapur,East,1,2,2311.0,62058,447845.0,165625,93.84
1974,Kolhapur,South,1,1,3245.0,25255,361554.0,291418,-47.97
1974,Solapur,North,1,2,2042.0,37266,361554.0,291418,-47.97
1975,Kolhapur,West,1,1,3254.0,33423,172292.0,278198,91.79
1975,Mumbai,North,1,1,3290.0,41393,172292.0,278198,91.79
1975,Nashik,West,1,2,7437.0,51917,172292.0,278198,91.79
1975,Pune,North,2,3,8749.0,87632,172292.0,278198,91.79
1975,Solapur,East,1,2,2698.0,17857,172292.0,278198,91.79
1975,Solapur,North,1,1,2739.0,8058,172292.0,278198,91.79
1976,Nagpur,East,1,1,4316.0,2675,623207.0,211531,-18.3
1976,Nagpur,North,1,1,3541.0,34647,623207.0,211531,-18.3
1976,Nashik,South,1,3,7125.0,28225,623207.0,211531,-18.3
1977,Kolhapur,West,1,1,4827.0,8175,938024.0,185992,36.13
1977,Mumbai,East,1,1,719.0,6962,938024.0,185992,36.13
1977,Mumbai,South,2,6,15138.944553000001,89846,938024.0,185992,36.13
1977,Nagpur,East,1,1,2733.0,31718,938024.0,185992,36.13
1977,Nashik,West,1,1,1245.40705,14369,938024.0,185992,36.13
1978,Kolhapur,East,1,1,4440.0,33364,462140.0,254213,-10.44
1978,Kolhapur,West,1,1,2747.0,9061,462140.0,254213,-10.44
1978,Mumbai,South,1,1,1329.0,28095,462140.0,254213,-10.44
1979,Kolhapur,West,2,4,7356.723293,90919,405409.0,83332,72.63
1979,Nagpur,West,1,1,482.0,14105,405409.0,83332,72.63
1979,Nashik,North,2,3,7555.0,51119,405409.0,83332,72.63
1979,Nashik,West,1,1,2852.0,37175,405409.0,83332,72.63
1979,Solapur,West,1,1,4292.0,33405,405409.0,83332,72.63
1980,Mumbai,North,1,2,2404.0,63346,373503.0,439458,54.86
1980,Nagpur,West,2,5,16218.0,151581,373503.0,439458,54.86
1980,Nashik,South,1,1,1123.0,48167,373503.0,439458,54.86
1980,Pune,North,1,1,4981.0,9427,373503.0,439458,54.86
1980,Solapur,East,1,2,7580.0,63275,373503.0,439458,54.86
1981,Kolhapur,East,1,2,2223.0,76990,199298.0,458346,-14.85
1981,Kolhapur,North,1,1,2602.0,15445,199298.0,458346,-14.85
1981,Mumbai,North,2,3,7690.0,105061,199298.0,458346,-14.85
1981,Nagpur,West,1,1,4060.0,5802,199298.0,458346,-14.85
1981,Pune,North,1,2,4822.0,26468,199298.0,458346,-14.85
1982,Nagpur,North,1,2,8119.0,41273,884331.0,323028,34.74
1982,Nashik,East,1,1,3280.0,19656,884331.0,323028,34.74
1982,Nashik,West,1,1,4078.0,27593,884331.0,323028,34.74
1982,Pune,North,1,1,3356.0,39303,884331.0,323028,34.74
1982,Solapur,East,1,1,4135.0,49037,884331.0,323028,34.74
1982,Solapur,West,1,2,6839.0,78492,884331.0,323028,34.74
1983,Mumbai,North,2,5,7547.0,130166,69110.0,499207,86.29
1983,Nashik,South,1,3,9672.0,94696,69110.0,499207,86.29
1983,Nashik,West,1,3,6764.0,73899,69110.0,499207,86.29
1983,Pune,East,1,1,2873.0,4789,69110.0,499207,86.29
1983,Pune,North,1,3,4747.0,98125,69110.0,499207,86.29
1983,Pune,West,1,1,2289.0,14012,69110.0,499207,86.29
1984,Kolhapur,North,1,2,4818.0,42625,63641.0,137674,-16.4
1984,Kolhapur,South,1,1,4294.0,20350,63641.0,137674,-16.4
1984,Mumbai,East,1,1,653.0,23199,63641.0,137674,-16.4
1984,Nagpur,North,1,1,3265.0,36635,63641.0,137674,-16.4
1984,Nashik,North,1,2,2903.0,55725,63641.0,137674,-16.4
1984,Pune,North,1,2,5768.0,71886,63641.0,137674,-16.4
1984,Solapur,East,1,2,3937.0,47638,63641.0,137674,-16.4
1985,Kolhapur,West,1,3,7958.0,63695,963505.0,300923,72.08
1985,Mumbai,East,1,2,1049.0,31202,963505.0,300923,72.08
1985,Mumbai,South,1,2,3660.0,19732,963505.0,300923,72.08
1985,Nashik,North,1,3,5747.0,84203,963505.0,300923,72.08
1985,Solapur,East,1,2,3670.0,63845,963505.0,300923,72.08
1985,Solapur,South,1,3,6154.0,82929,963505.0,300923,72.08
1985,Solapur,West,2,3,9897.0,103717,963505.0,300923,72.08
1986,Nagpur,East,1,2,4806.0,85204,583246.0,39541,68.95
1986,Nagpur,North,3,5,17492.0,102051,583246.0,39541,68.95
1986,Nashik,West,1,1,1168.0,39666,583246.0,39541,68.95
1986,Solapur,South,3,3,8126.0,67714,583246.0,39541,68.95
1987,Kolhapur,West,4,4,11549.0,68973,598697.0,116014,7.43
1987,Mumbai,West,1,1,4978.0,19295,598697.0,116014,7.43
1987,Nagpur,North,1,3,9806.0,50700,598697.0,116014,7.43
1987,Nashik,West,1,2,5586.0,57774,598697.0,116014,7.43
1987,Pune,North,1,1,920.0,3970,598697.0,116014,7.43
1988,Kolhapur,East,1,1,1732.0,9912,159923.0,50269,-44.25
1988,Kolhapur,North,1,1,2773.0,42690,159923.0,50269,-44.25
1988,Mumbai,East,1,2,3042.48229,92625,159923.0,50269,-44.25
1988,Nagpur,West,1,1,3070.0,42411,159923.0,50269,-44.25
1988,Solapur,West,1,2,6568.0,45003,159923.0,50269,-44.25
1989,Kolhapur,East,1,3,5148.0,101219,120103.0,23958,-24.96
1989,Kolhapur,North,1,2,2740.0,81471,120103.0,23958,-24.96
1989,Kolhapur,South,1,1,1798.0,33827,120103.0,23958,-24.96
1989,Mumbai,East,1,1,1975.0,22300,120103.0,23958,-24.96
1989,Mumbai,West,1,1,1503.0,28216,120103.0,23958,-24.96
1989,Nagpur,North,1,2,3593.0,26478,120103.0,23958,-24.96
1989,Pune,West,1,1,2387.0,21836,120103.0,23958,-24.96
1989,Solapur,East,1,1,845.0,46768,120103.0,23958,-24.96
1989,Solapur,North,1,2,6141.0,35196,120103.0,23958,-24.96
1989,Solapur,West,1,2,7374.0,23874,120103.0,23958,-24.96
1990,Mumbai,South,1,1,2127.0,41754,689635.0,401951,21.11
1990,Nashik,North,2,9,24260.0,258574,689635.0,401951,21.11
1991,Kolhapur,North,1,1,2724.0,13382,280126.0,352959,20.59
1991,Mumbai,South,1,1,3779.0,20291,280126.0,352959,20.59
1991,Nagpur,East,1,1,654.0,24789,280126.0,352959,20.59
1991,Nashik,North,1,1,3240.0,5578,280126.0,352959,20.59
1991,Pune,West,1,1,172.0,29570,280126.0,352959,20.59
1991,Solapur,East,1,2,7867.0,55887,280126.0,352959,20.59
1992,Kolhapur,East,1,2,4849.0,40148,87795.0,176863,-34.13
1992,Mumbai,North,1,1,2810.0,2171,87795.0,176863,-34.13
1992,Mumbai,West,1,3,7085.57511,93752,87795.0,176863,-34.13
1992,Solapur,South,1,2,6392.0,39440,87795.0,176863,-34.13
1993,Kolhapur,East,1,1,3416.0,39727,758246.0,155881,-6.98
1993,Kolhapur,West,1,2,5602.0,45014,758246.0,155881,-6.98
1993,Pune,North,1,2,6512.0,35169,758246.0,155881,-6.98
1993,Pune,West,1,1,1288.0,40946,758246.0,155881,-6.98
1994,Kolhapur,South,1,4,13531.0,117205,553448.0,166167,6.68
1994,Mumbai,West,1,4,13790.0,96756,553448.0,166167,6.68
1994,Nashik,North,1,2,6023.10434,72607,553448.0,166167,6.68
1994,Nashik,West,1,3,2867.0,69401,553448.0,166167,6.68
1995,Kolhapur,South,1,1,875.0,29438,128572.0,424289,72.5
1995,Mumbai,South,1,5,16475.0,100092,128572.0,424289,72.5
1995,Mumbai,West,1,1,206.0,18698,128572.0,424289,72.5
1995,Nashik,North,1,1,1735.0,32985,128572.0,424289,72.5
1995,Pune,South,1,2,6170.0,62653,128572.0,424289,72.5
1995,Solapur,West,1,1,3687.0,13516,128572.0,424289,72.5
1996,Mumbai,East,1,1,2116.0,45233,439127.0,348917,84.75
1996,Nashik,East,1,2,1993.7631471,26070,439127.0,348917,84.75
1996,Nashik,North,1,2,6985.0,58056,439127.0,348917,84.75
1997,Kolhapur,West,1,1,2495.0,34314,621061.0,220131,40.53
1997,Mumbai,South,1,1,3831.0,21825,621061.0,220131,40.53
1997,Nashik,East,1,1,1863.0,47669,621061.0,220131,40.53
1997,Nashik,South,1,2,5084.0,31460,621061.0,220131,40.53
1997,Nashik,West,1,2,9096.0,44311,621061.0,220131,40.53
1997,Pune,South,1,2,3996.0,73302,621061.0,220131,40.53
1997,Solapur,East,1,3,7300.0,34803,621061.0,220131,40.53
1998,Kolhapur,North,1,1,4451.0,38191,124501.0,55199,-8.95
1998,Mumbai,East,1,2,3137.0,31833,124501.0,55199,-8.95
1998,Nagpur,South,1,1,197.9973382,15603,124501.0,55199,-8.95
1998,Nashik,North,1,3,8802.0,71848,124501.0,55199,-8.95
1998,Nashik,West,1,1,1716.0,9468,124501.0,55199,-8.95
1998,Solapur,North,1,1,3435.0,7040,124501.0,55199,-8.95
1999,Kolhapur,South,1,2,1748.0,62486,575791.0,405261,52.85
1999,Kolhapur,West,1,2,6242.0,61268,575791.0,405261,52.85
1999,Mumbai,North,1,1,4931.0,5306,575791.0,405261,52.85
1999,Mumbai,South,1,1,225.0,41572,575791.0,405261,52.85
1999,Mumbai,West,1,4,9896.0,142669,575791.0,405261,52.85
1999,Nagpur,North,2,2,4197.0,23155,575791.0,405261,52.85
1999,Nagpur,South,1,1,814.0,10278,575791.0,405261,52.85
1999,Nashik,North,1,1,3290.0,2228,575791.0,405261,52.85
1999,Nashik,South,1,1,995.0,12260,575791.0,405261,52.85
1999,Pune,South,1,2,9123.0,31067,575791.0,405261,52.85
1999,Pune,West,1,4,11621.0,93735,575791.0,405261,52.85
1999,Solapur,East,1,1,1221.0,20150,575791.0,405261,52.85
